2025-06-05 20:53:57,132 - hotel_reservation_app - INFO - RoomService zainicjowany.
2025-06-05 20:53:57,132 - hotel_reservation_app - INFO - GuestService zainicjowany.
2025-06-05 20:53:57,132 - hotel_reservation_app - INFO - HousekeepingService zainicjowany.
2025-06-05 20:53:57,132 - hotel_reservation_app - INFO - DiscountService zainicjowany.
2025-06-05 20:53:57,132 - hotel_reservation_app - INFO - ReservationService zainicjowany.
2025-06-05 20:55:00,010 - hotel_reservation_app - INFO - RoomService zainicjowany.
2025-06-05 20:55:00,010 - hotel_reservation_app - INFO - GuestService zainicjowany.
2025-06-05 20:55:00,010 - hotel_reservation_app - INFO - HousekeepingService zainicjowany.
2025-06-05 20:55:00,010 - hotel_reservation_app - INFO - DiscountService zainicjowany.
2025-06-05 20:55:00,012 - hotel_reservation_app - INFO - ReservationService zainicjowany.
2025-06-05 20:55:37,853 - hotel_reservation_app - INFO - RoomService zainicjowany.
2025-06-05 20:55:37,853 - hotel_reservation_app - INFO - GuestService zainicjowany.
2025-06-05 20:55:37,853 - hotel_reservation_app - INFO - HousekeepingService zainicjowany.
2025-06-05 20:55:37,853 - hotel_reservation_app - INFO - DiscountService zainicjowany.
2025-06-05 20:55:37,853 - hotel_reservation_app - INFO - ReservationService zainicjowany.
2025-06-05 20:55:37,853 - hotel_reservation_app - INFO - PaymentService zainicjowany.
2025-06-05 20:55:37,853 - hotel_reservation_app - INFO - ReportService zainicjowany.
2025-06-05 20:55:37,854 - hotel_reservation_app - INFO - UserService zainicjowany.
2025-06-05 20:55:47,470 - hotel_reservation_app - WARNING - Nieudana próba uwierzytelnienia dla użytkownika: Kamil
2025-06-05 20:57:10,998 - hotel_reservation_app - INFO - Użytkownik admin pomyślnie uwierzytelniony jako administrator.
2025-06-05 20:57:10,998 - hotel_reservation_app - INFO - Wyświetlono główne menu dla roli: administrator
2025-06-05 20:57:11,000 - hotel_reservation_app - INFO - Wyświetlono główne menu dla roli: administrator
2025-06-05 20:57:16,567 - hotel_reservation_app - INFO - Wyświetlono główne menu dla roli: administrator
2025-06-05 20:57:19,461 - hotel_reservation_app - INFO - Użytkownik admin wchodzi do menu zarządzania pokojami.
2025-06-05 20:57:29,226 - hotel_reservation_app - INFO - Wyświetlono główne menu dla roli: administrator
2025-06-05 20:57:50,898 - hotel_reservation_app - INFO - Brak gości spełniających kryteria wyszukiwania (ID: None, Imię: None, Nazwisko: None, VIP: None, Lojalny: None, Poziom: None).
2025-06-05 20:57:50,898 - hotel_reservation_app - INFO - Wyświetlono pustą tabelę dla: Znalezieni Goście.
2025-06-05 20:58:24,611 - hotel_reservation_app - INFO - Dodano gościa: 1 - Kamil Styn
2025-06-05 20:58:34,675 - hotel_reservation_app - INFO - Znaleziono 1 gości spełniających kryteria wyszukiwania (ID: 1, Imię: None, Nazwisko: None, VIP: None, Lojalny: None, Poziom: None).
2025-06-05 20:58:34,675 - hotel_reservation_app - INFO - Wyświetlono tabelę: Znalezieni Goście
2025-06-05 20:58:49,658 - hotel_reservation_app - WARNING - Nieprawidłowe kryterium sortowania gości: 
2025-06-05 20:58:49,660 - hotel_reservation_app - INFO - Wyświetlono tabelę: Posortowani Goście
2025-06-05 20:58:53,260 - hotel_reservation_app - INFO - Wyświetlono główne menu dla roli: administrator
2025-06-05 20:59:45,789 - hotel_reservation_app - INFO - Użytkownik admin wchodzi do menu zarządzania pokojami.
2025-06-05 20:59:47,498 - hotel_reservation_app - INFO - Wyświetlono tabelę: Wszystkie Pokoje
2025-06-05 21:02:43,971 - hotel_reservation_app - INFO - RoomService zainicjowany.
2025-06-05 21:02:43,971 - hotel_reservation_app - INFO - GuestService zainicjowany.
2025-06-05 21:02:43,971 - hotel_reservation_app - INFO - HousekeepingService zainicjowany.
2025-06-05 21:02:43,971 - hotel_reservation_app - INFO - DiscountService zainicjowany.
2025-06-05 21:02:43,971 - hotel_reservation_app - INFO - ReservationService zainicjowany.
2025-06-05 21:02:43,971 - hotel_reservation_app - INFO - PaymentService zainicjowany.
2025-06-05 21:02:43,972 - hotel_reservation_app - INFO - ReportService zainicjowany.
2025-06-05 21:02:43,972 - hotel_reservation_app - INFO - UserService zainicjowany.
2025-06-05 21:02:54,916 - hotel_reservation_app - WARNING - Nieudana próba uwierzytelnienia dla użytkownika: admin
2025-06-05 21:03:05,705 - hotel_reservation_app - INFO - Użytkownik admin pomyślnie uwierzytelniony jako administrator.
2025-06-05 21:03:05,705 - hotel_reservation_app - INFO - Wyświetlono główne menu dla roli: administrator
2025-06-05 21:03:07,858 - hotel_reservation_app - INFO - Użytkownik admin wchodzi do menu zarządzania pokojami.
2025-06-05 21:03:12,986 - hotel_reservation_app - INFO - Wyświetlono tabelę: Wszystkie Pokoje
2025-06-05 21:03:12,987 - hotel_reservation_app - INFO - Wyświetlono wszystkie pokoje.
2025-06-05 22:10:42,449 - hotel_reservation_app - INFO - RoomService zainicjowany.
2025-06-05 22:10:42,452 - hotel_reservation_app - INFO - GuestService zainicjowany.
2025-06-05 22:10:42,452 - hotel_reservation_app - INFO - HousekeepingService zainicjowany.
2025-06-05 22:10:42,452 - hotel_reservation_app - INFO - DiscountService zainicjowany.
2025-06-05 22:10:42,452 - hotel_reservation_app - INFO - ReservationService zainicjowany.
2025-06-05 22:10:42,453 - hotel_reservation_app - INFO - PaymentService zainicjowany.
2025-06-05 22:10:42,453 - hotel_reservation_app - INFO - ReportService zainicjowany.
2025-06-05 22:10:42,456 - hotel_reservation_app - INFO - UserService zainicjowany.
2025-06-05 22:10:43,368 - hotel_reservation_app - INFO - RoomService zainicjowany.
2025-06-05 22:10:43,369 - hotel_reservation_app - INFO - GuestService zainicjowany.
2025-06-05 22:10:43,369 - hotel_reservation_app - INFO - HousekeepingService zainicjowany.
2025-06-05 22:10:43,369 - hotel_reservation_app - INFO - DiscountService zainicjowany.
2025-06-05 22:10:43,369 - hotel_reservation_app - INFO - ReservationService zainicjowany.
2025-06-05 22:10:43,369 - hotel_reservation_app - INFO - PaymentService zainicjowany.
2025-06-05 22:10:43,369 - hotel_reservation_app - INFO - ReportService zainicjowany.
2025-06-05 22:10:43,369 - hotel_reservation_app - INFO - UserService zainicjowany.
2025-06-05 22:10:49,667 - hotel_reservation_app - INFO - RoomService zainicjowany.
2025-06-05 22:10:49,667 - hotel_reservation_app - INFO - GuestService zainicjowany.
2025-06-05 22:10:49,667 - hotel_reservation_app - INFO - HousekeepingService zainicjowany.
2025-06-05 22:10:49,667 - hotel_reservation_app - INFO - DiscountService zainicjowany.
2025-06-05 22:10:49,667 - hotel_reservation_app - INFO - ReservationService zainicjowany.
2025-06-05 22:10:49,667 - hotel_reservation_app - INFO - PaymentService zainicjowany.
2025-06-05 22:10:49,668 - hotel_reservation_app - INFO - ReportService zainicjowany.
2025-06-05 22:10:49,668 - hotel_reservation_app - INFO - UserService zainicjowany.
2025-06-05 22:11:01,530 - hotel_reservation_app - INFO - Użytkownik admin pomyślnie uwierzytelniony jako administrator.
2025-06-05 22:11:01,531 - hotel_reservation_app - INFO - Wyświetlono główne menu dla roli: administrator
2025-06-05 22:11:05,332 - hotel_reservation_app - INFO - Użytkownik admin wchodzi do menu zarządzania pokojami.
2025-06-05 22:12:05,817 - hotel_reservation_app - INFO - Dodano pokój: 2
2025-06-05 22:12:05,818 - hotel_reservation_app - INFO - Dodano nowy pokój: 2
2025-06-05 22:12:10,161 - hotel_reservation_app - INFO - Wyświetlono tabelę: Wszystkie Pokoje
2025-06-05 22:12:10,161 - hotel_reservation_app - INFO - Wyświetlono wszystkie pokoje.
2025-06-05 22:13:24,022 - hotel_reservation_app - INFO - Zaktualizowano pokój: 1 z danymi: {'floor': 2, 'room_type': 'apartament', 'price': 555.0, 'amenities': ['taras']}
2025-06-05 22:13:24,024 - hotel_reservation_app - INFO - Zaktualizowano pokój: 1
2025-06-05 22:13:29,965 - hotel_reservation_app - WARNING - Próba usunięcia nieistniejącego pokoju: 
2025-06-05 22:13:29,965 - hotel_reservation_app - INFO - Próba usunięcia pokoju: 
2025-06-05 22:13:32,372 - hotel_reservation_app - INFO - Wyświetlono tabelę: Wszystkie Pokoje
2025-06-05 22:13:32,372 - hotel_reservation_app - INFO - Wyświetlono wszystkie pokoje.
2025-06-05 22:13:36,521 - hotel_reservation_app - INFO - Usunięto pokój: 1
2025-06-05 22:13:36,521 - hotel_reservation_app - INFO - Próba usunięcia pokoju: 1
2025-06-05 22:13:39,971 - hotel_reservation_app - INFO - Wyświetlono tabelę: Wszystkie Pokoje
2025-06-05 22:13:39,972 - hotel_reservation_app - INFO - Wyświetlono wszystkie pokoje.
2025-06-05 22:13:52,724 - hotel_reservation_app - WARNING - Próba zmiany statusu nieistniejącego pokoju: 1
2025-06-05 22:13:52,724 - hotel_reservation_app - INFO - Próba zmiany statusu pokoju 1 na zajęty
2025-06-05 22:13:54,909 - hotel_reservation_app - INFO - Wyświetlono tabelę: Wszystkie Pokoje
2025-06-05 22:13:54,910 - hotel_reservation_app - INFO - Wyświetlono wszystkie pokoje.
2025-06-05 22:14:12,633 - hotel_reservation_app - WARNING - Nieprawidłowy status zajęty dla pokoju 2
2025-06-05 22:14:12,633 - hotel_reservation_app - INFO - Próba zmiany statusu pokoju 2 na zajęty
2025-06-05 22:14:15,103 - hotel_reservation_app - INFO - Wyświetlono tabelę: Wszystkie Pokoje
2025-06-05 22:14:15,103 - hotel_reservation_app - INFO - Wyświetlono wszystkie pokoje.
2025-06-05 22:14:23,512 - hotel_reservation_app - WARNING - Nieprawidłowy status sprzątanie dla pokoju 2
2025-06-05 22:14:23,512 - hotel_reservation_app - INFO - Próba zmiany statusu pokoju 2 na sprzątanie
2025-06-05 22:14:29,049 - hotel_reservation_app - INFO - Wyświetlono tabelę: Wszystkie Pokoje
2025-06-05 22:14:29,050 - hotel_reservation_app - INFO - Wyświetlono wszystkie pokoje.
2025-06-05 22:57:58,353 - hotel_reservation_app - INFO - RoomService zainicjowany.
2025-06-05 22:57:58,353 - hotel_reservation_app - INFO - GuestService zainicjowany.
2025-06-05 22:57:58,354 - hotel_reservation_app - INFO - HousekeepingService zainicjowany.
2025-06-05 22:57:58,354 - hotel_reservation_app - INFO - DiscountService zainicjowany.
2025-06-05 22:57:58,354 - hotel_reservation_app - INFO - ReservationService zainicjowany.
2025-06-05 22:57:58,354 - hotel_reservation_app - INFO - PaymentService zainicjowany.
2025-06-05 22:57:58,355 - hotel_reservation_app - INFO - ReportService zainicjowany.
2025-06-05 22:57:58,355 - hotel_reservation_app - INFO - UserService zainicjowany.
2025-06-05 22:58:04,495 - hotel_reservation_app - INFO - Użytkownik admin pomyślnie uwierzytelniony jako administrator.
2025-06-05 22:58:04,495 - hotel_reservation_app - INFO - Wyświetlono główne menu dla roli: administrator
2025-06-05 22:58:05,924 - hotel_reservation_app - INFO - Użytkownik admin wchodzi do menu zarządzania pokojami.
2025-06-05 22:58:11,442 - hotel_reservation_app - INFO - Zmieniono status pokoju 2 na occupied
2025-06-05 22:58:11,442 - hotel_reservation_app - INFO - Próba zmiany statusu pokoju 2 na occupied
2025-06-05 22:58:13,731 - hotel_reservation_app - INFO - Wyświetlono tabelę: Wszystkie Pokoje
2025-06-05 22:58:13,732 - hotel_reservation_app - INFO - Wyświetlono wszystkie pokoje.
2025-06-05 23:09:22,287 - hotel_reservation_app - INFO - Znaleziono 1 pokoi spełniających kryteria wyszukiwania (typ: podwójny, cena: 150.0-500.0, udogodnienie: None, status: occupied).
2025-06-05 23:09:22,287 - hotel_reservation_app - INFO - Wyświetlono tabelę: Znalezione Pokoje
2025-06-05 23:09:22,288 - hotel_reservation_app - INFO - Wykonano wyszukiwanie pokoi.
2025-06-05 23:10:02,534 - hotel_reservation_app - INFO - Posortowano pokoje według status (odwrócone: True).
2025-06-05 23:10:02,534 - hotel_reservation_app - INFO - Wyświetlono tabelę: Posortowane Pokoje
2025-06-05 23:10:09,948 - hotel_reservation_app - INFO - Wyświetlono główne menu dla roli: administrator
2025-06-05 23:10:31,948 - hotel_reservation_app - INFO - RoomService zainicjowany.
2025-06-05 23:10:31,948 - hotel_reservation_app - INFO - GuestService zainicjowany.
2025-06-05 23:10:31,948 - hotel_reservation_app - INFO - HousekeepingService zainicjowany.
2025-06-05 23:10:31,948 - hotel_reservation_app - INFO - DiscountService zainicjowany.
2025-06-05 23:10:31,948 - hotel_reservation_app - INFO - ReservationService zainicjowany.
2025-06-05 23:10:31,948 - hotel_reservation_app - INFO - PaymentService zainicjowany.
2025-06-05 23:10:31,948 - hotel_reservation_app - INFO - ReportService zainicjowany.
2025-06-05 23:10:31,948 - hotel_reservation_app - INFO - UserService zainicjowany.
2025-06-05 23:10:47,759 - hotel_reservation_app - INFO - Użytkownik admin pomyślnie uwierzytelniony jako administrator.
2025-06-05 23:10:47,759 - hotel_reservation_app - INFO - Wyświetlono główne menu dla roli: administrator
2025-06-05 23:13:39,832 - hotel_reservation_app - ERROR - Błąd podczas dodawania gościa: 'GuestService' object has no attribute 'register_guest'
2025-06-05 23:13:55,234 - hotel_reservation_app - INFO - Wyświetlono tabelę: Wszyscy Goście
2025-06-05 23:13:55,234 - hotel_reservation_app - INFO - Wyświetlono wszystkich gości.
2025-06-05 23:14:34,884 - hotel_reservation_app - ERROR - Błąd podczas dodawania gościa: 'GuestService' object has no attribute 'register_guest'
2025-06-05 23:20:05,599 - hotel_reservation_app - ERROR - Błąd podczas dodawania gościa: 'GuestService' object has no attribute 'register_guest'
2025-06-05 23:20:58,139 - hotel_reservation_app - INFO - RoomService zainicjowany.
2025-06-05 23:20:58,140 - hotel_reservation_app - INFO - GuestService zainicjowany.
2025-06-05 23:20:58,140 - hotel_reservation_app - INFO - HousekeepingService zainicjowany.
2025-06-05 23:20:58,140 - hotel_reservation_app - INFO - DiscountService zainicjowany.
2025-06-05 23:20:58,140 - hotel_reservation_app - INFO - ReservationService zainicjowany.
2025-06-05 23:20:58,140 - hotel_reservation_app - INFO - PaymentService zainicjowany.
2025-06-05 23:20:58,140 - hotel_reservation_app - INFO - ReportService zainicjowany.
2025-06-05 23:20:58,140 - hotel_reservation_app - INFO - UserService zainicjowany.
2025-06-05 23:21:03,966 - hotel_reservation_app - INFO - Użytkownik admin pomyślnie uwierzytelniony jako administrator.
2025-06-05 23:21:03,966 - hotel_reservation_app - INFO - Wyświetlono główne menu dla roli: administrator
2025-06-05 23:21:26,075 - hotel_reservation_app - WARNING - Nieprawidłowy format e-maila podczas dodawania gościa: kamilskdsds
2025-06-05 23:21:26,075 - hotel_reservation_app - INFO - Zarejestrowano nowego gościa: Kamil Styn  (ID: G0002)
2025-06-05 23:21:35,065 - hotel_reservation_app - INFO - Wyświetlono tabelę: Wszyscy Goście
2025-06-05 23:21:35,066 - hotel_reservation_app - INFO - Wyświetlono wszystkich gości.
2025-06-05 23:21:40,713 - hotel_reservation_app - INFO - Usunięto gościa: 1
2025-06-05 23:21:43,854 - hotel_reservation_app - INFO - Wyświetlono pustą tabelę dla: Wszyscy Goście.
2025-06-05 23:21:43,854 - hotel_reservation_app - INFO - Wyświetlono wszystkich gości.
2025-06-05 23:22:02,001 - hotel_reservation_app - INFO - Dodano gościa: G0001 - Kamil Styn
2025-06-05 23:22:02,001 - hotel_reservation_app - INFO - Zarejestrowano nowego gościa: Kamil Styn (ID: G0001)
2025-06-05 23:22:03,641 - hotel_reservation_app - INFO - Wyświetlono tabelę: Wszyscy Goście
2025-06-05 23:22:03,641 - hotel_reservation_app - INFO - Wyświetlono wszystkich gości.
2025-06-05 23:25:31,159 - hotel_reservation_app - INFO - RoomService zainicjowany.
2025-06-05 23:25:31,159 - hotel_reservation_app - INFO - GuestService zainicjowany.
2025-06-05 23:25:31,159 - hotel_reservation_app - INFO - HousekeepingService zainicjowany.
2025-06-05 23:25:31,160 - hotel_reservation_app - INFO - DiscountService zainicjowany.
2025-06-05 23:25:31,160 - hotel_reservation_app - INFO - ReservationService zainicjowany.
2025-06-05 23:25:31,160 - hotel_reservation_app - INFO - PaymentService zainicjowany.
2025-06-05 23:25:31,160 - hotel_reservation_app - INFO - ReportService zainicjowany.
2025-06-05 23:25:31,160 - hotel_reservation_app - INFO - UserService zainicjowany.
2025-06-05 23:25:36,201 - hotel_reservation_app - INFO - Użytkownik admin pomyślnie uwierzytelniony jako administrator.
2025-06-05 23:25:36,201 - hotel_reservation_app - INFO - Wyświetlono główne menu dla roli: administrator
2025-06-05 23:25:39,162 - hotel_reservation_app - INFO - Wyświetlono tabelę: Wszyscy Goście
2025-06-05 23:25:39,162 - hotel_reservation_app - INFO - Wyświetlono wszystkich gości.
2025-06-05 23:26:08,194 - hotel_reservation_app - INFO - Dodano gościa: G0002 - Luiza Gromowska
2025-06-05 23:26:08,196 - hotel_reservation_app - INFO - Zarejestrowano nowego gościa: Luiza Gromowska (ID: G0002)
2025-06-05 23:26:13,038 - hotel_reservation_app - INFO - Wyświetlono tabelę: Wszyscy Goście
2025-06-05 23:26:13,039 - hotel_reservation_app - INFO - Wyświetlono wszystkich gości.
2025-06-05 23:26:57,540 - hotel_reservation_app - INFO - Brak gości spełniających kryteria wyszukiwania (ID: None, Imię: G0002, Nazwisko: None, VIP: None, Lojalny: None, Poziom: Platinum, Kontakt: None).
2025-06-05 23:26:57,541 - hotel_reservation_app - INFO - Wyświetlono pustą tabelę dla: Znalezieni Goście.
2025-06-05 23:26:57,541 - hotel_reservation_app - INFO - Wykonano wyszukiwanie gości.
2025-06-05 23:27:07,095 - hotel_reservation_app - INFO - Wyświetlono tabelę: Wszyscy Goście
2025-06-05 23:27:07,095 - hotel_reservation_app - INFO - Wyświetlono wszystkich gości.
2025-06-05 23:27:52,535 - hotel_reservation_app - INFO - RoomService zainicjowany.
2025-06-05 23:27:52,535 - hotel_reservation_app - INFO - GuestService zainicjowany.
2025-06-05 23:27:52,535 - hotel_reservation_app - INFO - HousekeepingService zainicjowany.
2025-06-05 23:27:52,535 - hotel_reservation_app - INFO - DiscountService zainicjowany.
2025-06-05 23:27:52,535 - hotel_reservation_app - INFO - ReservationService zainicjowany.
2025-06-05 23:27:52,535 - hotel_reservation_app - INFO - PaymentService zainicjowany.
2025-06-05 23:27:52,535 - hotel_reservation_app - INFO - ReportService zainicjowany.
2025-06-05 23:27:52,536 - hotel_reservation_app - INFO - UserService zainicjowany.
2025-06-05 23:27:58,226 - hotel_reservation_app - INFO - Użytkownik admin pomyślnie uwierzytelniony jako administrator.
2025-06-05 23:27:58,226 - hotel_reservation_app - INFO - Wyświetlono główne menu dla roli: administrator
2025-06-05 23:28:01,876 - hotel_reservation_app - INFO - Wyświetlono tabelę: Wszyscy Goście
2025-06-05 23:28:01,877 - hotel_reservation_app - INFO - Wyświetlono wszystkich gości.
2025-06-05 23:29:54,267 - hotel_reservation_app - INFO - RoomService zainicjowany.
2025-06-05 23:29:54,267 - hotel_reservation_app - INFO - GuestService zainicjowany.
2025-06-05 23:29:54,268 - hotel_reservation_app - INFO - HousekeepingService zainicjowany.
2025-06-05 23:29:54,268 - hotel_reservation_app - INFO - DiscountService zainicjowany.
2025-06-05 23:29:54,268 - hotel_reservation_app - INFO - ReservationService zainicjowany.
2025-06-05 23:29:54,268 - hotel_reservation_app - INFO - PaymentService zainicjowany.
2025-06-05 23:29:54,268 - hotel_reservation_app - INFO - ReportService zainicjowany.
2025-06-05 23:29:54,268 - hotel_reservation_app - INFO - UserService zainicjowany.
2025-06-05 23:29:59,886 - hotel_reservation_app - INFO - Użytkownik admin pomyślnie uwierzytelniony jako administrator.
2025-06-05 23:29:59,886 - hotel_reservation_app - INFO - Wyświetlono główne menu dla roli: administrator
2025-06-05 23:30:04,132 - hotel_reservation_app - INFO - Wyświetlono tabelę: Wszyscy Goście
2025-06-05 23:30:04,133 - hotel_reservation_app - INFO - Wyświetlono wszystkich gości.
2025-06-05 23:30:20,668 - hotel_reservation_app - INFO - Usunięto gościa: G0001
2025-06-05 23:30:24,141 - hotel_reservation_app - INFO - Wyświetlono tabelę: Wszyscy Goście
2025-06-05 23:30:24,141 - hotel_reservation_app - INFO - Wyświetlono wszystkich gości.
2025-06-05 23:30:33,629 - hotel_reservation_app - INFO - Usunięto gościa: G0002
2025-06-05 23:31:00,664 - hotel_reservation_app - INFO - Dodano gościa: 1 - Kamil Styn
2025-06-05 23:31:00,664 - hotel_reservation_app - INFO - Zarejestrowano nowego gościa: Kamil Styn (ID: 1)
2025-06-05 23:31:03,401 - hotel_reservation_app - INFO - Wyświetlono tabelę: Wszyscy Goście
2025-06-05 23:31:03,402 - hotel_reservation_app - INFO - Wyświetlono wszystkich gości.
2025-06-05 23:32:09,918 - hotel_reservation_app - INFO - Znaleziono 1 gości spełniających kryteria wyszukiwania (ID: None, Imię: Kamil, Nazwisko: None, VIP: None, Lojalny: None, Poziom: Bronze, Kontakt: None).
2025-06-05 23:32:09,918 - hotel_reservation_app - INFO - Wyświetlono tabelę: Znalezieni Goście
2025-06-05 23:32:09,919 - hotel_reservation_app - INFO - Wykonano wyszukiwanie gości.
2025-06-05 23:33:56,231 - hotel_reservation_app - INFO - RoomService zainicjowany.
2025-06-05 23:33:56,231 - hotel_reservation_app - INFO - GuestService zainicjowany.
2025-06-05 23:33:56,231 - hotel_reservation_app - INFO - HousekeepingService zainicjowany.
2025-06-05 23:33:56,231 - hotel_reservation_app - INFO - DiscountService zainicjowany.
2025-06-05 23:33:56,231 - hotel_reservation_app - INFO - ReservationService zainicjowany.
2025-06-05 23:33:56,232 - hotel_reservation_app - INFO - PaymentService zainicjowany.
2025-06-05 23:33:56,232 - hotel_reservation_app - INFO - ReportService zainicjowany.
2025-06-05 23:33:56,232 - hotel_reservation_app - INFO - UserService zainicjowany.
2025-06-05 23:34:01,752 - hotel_reservation_app - INFO - Użytkownik admin pomyślnie uwierzytelniony jako administrator.
2025-06-05 23:34:01,752 - hotel_reservation_app - INFO - Wyświetlono główne menu dla roli: administrator
2025-06-05 23:34:05,046 - hotel_reservation_app - INFO - Wyświetlono tabelę: Wszyscy Goście
2025-06-05 23:34:05,047 - hotel_reservation_app - INFO - Wyświetlono wszystkich gości.
2025-06-05 23:35:29,989 - hotel_reservation_app - INFO - RoomService zainicjowany.
2025-06-05 23:35:29,990 - hotel_reservation_app - INFO - GuestService zainicjowany.
2025-06-05 23:35:29,990 - hotel_reservation_app - INFO - HousekeepingService zainicjowany.
2025-06-05 23:35:29,990 - hotel_reservation_app - INFO - DiscountService zainicjowany.
2025-06-05 23:35:29,990 - hotel_reservation_app - INFO - ReservationService zainicjowany.
2025-06-05 23:35:29,990 - hotel_reservation_app - INFO - PaymentService zainicjowany.
2025-06-05 23:35:29,990 - hotel_reservation_app - INFO - ReportService zainicjowany.
2025-06-05 23:35:29,991 - hotel_reservation_app - INFO - UserService zainicjowany.
2025-06-05 23:35:38,008 - hotel_reservation_app - INFO - RoomService zainicjowany.
2025-06-05 23:35:38,008 - hotel_reservation_app - INFO - GuestService zainicjowany.
2025-06-05 23:35:38,008 - hotel_reservation_app - INFO - HousekeepingService zainicjowany.
2025-06-05 23:35:38,008 - hotel_reservation_app - INFO - DiscountService zainicjowany.
2025-06-05 23:35:38,009 - hotel_reservation_app - INFO - ReservationService zainicjowany.
2025-06-05 23:35:38,009 - hotel_reservation_app - INFO - PaymentService zainicjowany.
2025-06-05 23:35:38,009 - hotel_reservation_app - INFO - ReportService zainicjowany.
2025-06-05 23:35:38,009 - hotel_reservation_app - INFO - UserService zainicjowany.
2025-06-05 23:35:42,518 - hotel_reservation_app - INFO - Użytkownik admin pomyślnie uwierzytelniony jako administrator.
2025-06-05 23:35:42,518 - hotel_reservation_app - INFO - Wyświetlono główne menu dla roli: administrator
2025-06-05 23:35:48,715 - hotel_reservation_app - INFO - Wyświetlono tabelę: Wszyscy Goście
2025-06-05 23:35:48,715 - hotel_reservation_app - INFO - Wyświetlono wszystkich gości.
2025-06-05 23:36:02,364 - hotel_reservation_app - INFO - Znaleziono 1 gości spełniających kryteria wyszukiwania (ID: None, Imię: None, Nazwisko: None, VIP: None, Lojalny: None, Poziom: None, Kontakt: None).
2025-06-05 23:36:02,364 - hotel_reservation_app - INFO - Wyświetlono tabelę: Znalezieni Goście
2025-06-05 23:36:02,365 - hotel_reservation_app - INFO - Wykonano wyszukiwanie gości.
2025-06-05 23:36:49,204 - hotel_reservation_app - INFO - Wyświetlono tabelę: Wszyscy Goście
2025-06-05 23:36:49,205 - hotel_reservation_app - INFO - Wyświetlono wszystkich gości.
2025-06-05 23:37:11,100 - hotel_reservation_app - INFO - Dodano gościa: 2 - Luzia Gromowska
2025-06-05 23:37:11,100 - hotel_reservation_app - INFO - Zarejestrowano nowego gościa: Luzia Gromowska (ID: 2)
2025-06-05 23:37:16,503 - hotel_reservation_app - INFO - Wyświetlono tabelę: Wszyscy Goście
2025-06-05 23:37:16,504 - hotel_reservation_app - INFO - Wyświetlono wszystkich gości.
2025-06-05 23:37:25,868 - hotel_reservation_app - INFO - Usunięto gościa: 2
2025-06-05 23:37:28,522 - hotel_reservation_app - INFO - Wyświetlono tabelę: Wszyscy Goście
2025-06-05 23:37:28,522 - hotel_reservation_app - INFO - Wyświetlono wszystkich gości.
2025-06-05 23:37:59,694 - hotel_reservation_app - INFO - Wyświetlono główne menu dla roli: administrator
2025-06-05 23:38:05,637 - hotel_reservation_app - INFO - Użytkownik admin wchodzi do menu zarządzania pokojami.
2025-06-05 23:38:25,561 - hotel_reservation_app - INFO - Dodano pokój: 1
2025-06-05 23:38:25,561 - hotel_reservation_app - INFO - Dodano nowy pokój: 1
2025-06-05 23:38:31,446 - hotel_reservation_app - INFO - Wyświetlono tabelę: Wszystkie Pokoje
2025-06-05 23:38:31,447 - hotel_reservation_app - INFO - Wyświetlono wszystkie pokoje.
2025-06-05 23:38:47,200 - hotel_reservation_app - INFO - Usunięto pokój: 1
2025-06-05 23:38:47,200 - hotel_reservation_app - INFO - Próba usunięcia pokoju: 1
2025-06-05 23:38:49,715 - hotel_reservation_app - INFO - Wyświetlono tabelę: Wszystkie Pokoje
2025-06-05 23:38:49,715 - hotel_reservation_app - INFO - Wyświetlono wszystkie pokoje.
2025-06-05 23:39:04,853 - hotel_reservation_app - INFO - Brak dostępnych pokoi do znalezienia.
2025-06-05 23:39:04,854 - hotel_reservation_app - INFO - Wyświetlono pustą tabelę dla: Dostępne Pokoje.
2025-06-05 23:39:04,854 - hotel_reservation_app - INFO - Wyświetlono dostępne pokoje.
2025-06-05 23:39:18,926 - hotel_reservation_app - INFO - Dodano pokój: 1
2025-06-05 23:39:18,926 - hotel_reservation_app - INFO - Dodano nowy pokój: 1
2025-06-05 23:39:22,491 - hotel_reservation_app - INFO - Znaleziono 1 dostępnych pokoi.
2025-06-05 23:39:22,492 - hotel_reservation_app - INFO - Wyświetlono tabelę: Dostępne Pokoje
2025-06-05 23:39:22,492 - hotel_reservation_app - INFO - Wyświetlono dostępne pokoje.
2025-06-05 23:40:00,323 - hotel_reservation_app - INFO - Znaleziono 2 pokoi spełniających kryteria wyszukiwania (typ: podwójny, cena: None-None, udogodnienie: None, status: None).
2025-06-05 23:40:00,323 - hotel_reservation_app - INFO - Wyświetlono tabelę: Znalezione Pokoje
2025-06-05 23:40:00,324 - hotel_reservation_app - INFO - Wykonano wyszukiwanie pokoi.
2025-06-05 23:40:11,968 - hotel_reservation_app - INFO - Wyświetlono główne menu dla roli: administrator
2025-06-05 23:42:41,378 - hotel_reservation_app - INFO - Utworzono zadanie sprzątania: HKT0001 dla pokoju 1, przypisane do Ktos, termin: 2025-06-06.
2025-06-05 23:42:45,696 - hotel_reservation_app - INFO - Wyświetlono tabelę: Wszystkie Zadania Sprzątania
2025-06-05 23:47:15,045 - hotel_reservation_app - INFO - RoomService zainicjowany.
2025-06-05 23:47:15,045 - hotel_reservation_app - INFO - GuestService zainicjowany.
2025-06-05 23:47:15,045 - hotel_reservation_app - INFO - HousekeepingService zainicjowany.
2025-06-05 23:47:15,045 - hotel_reservation_app - INFO - DiscountService zainicjowany.
2025-06-05 23:47:15,045 - hotel_reservation_app - INFO - ReservationService zainicjowany.
2025-06-05 23:47:15,045 - hotel_reservation_app - INFO - PaymentService zainicjowany.
2025-06-05 23:47:15,045 - hotel_reservation_app - INFO - ReportService zainicjowany.
2025-06-05 23:47:15,045 - hotel_reservation_app - INFO - UserService zainicjowany.
2025-06-05 23:47:20,142 - hotel_reservation_app - INFO - Użytkownik admin pomyślnie uwierzytelniony jako administrator.
2025-06-05 23:47:20,143 - hotel_reservation_app - INFO - Wyświetlono główne menu dla roli: administrator
2025-06-05 23:47:31,498 - hotel_reservation_app - INFO - Wyświetlono tabelę: Wszystkie Zadania Sprzątania
2025-06-05 23:47:59,823 - hotel_reservation_app - INFO - Utworzono zadanie sprzątania: 2 dla pokoju 2, przypisane do Kamil, termin: 2025-06-06.
2025-06-05 23:48:03,517 - hotel_reservation_app - INFO - Wyświetlono tabelę: Wszystkie Zadania Sprzątania
2025-06-05 23:50:08,837 - hotel_reservation_app - WARNING - Nieprawidłowy status ukończone dla zadania sprzątania 2
2025-06-05 23:51:10,142 - hotel_reservation_app - INFO - RoomService zainicjowany.
2025-06-05 23:51:10,142 - hotel_reservation_app - INFO - GuestService zainicjowany.
2025-06-05 23:51:10,142 - hotel_reservation_app - INFO - HousekeepingService zainicjowany.
2025-06-05 23:51:10,142 - hotel_reservation_app - INFO - DiscountService zainicjowany.
2025-06-05 23:51:10,143 - hotel_reservation_app - INFO - ReservationService zainicjowany.
2025-06-05 23:51:10,143 - hotel_reservation_app - INFO - PaymentService zainicjowany.
2025-06-05 23:51:10,143 - hotel_reservation_app - INFO - ReportService zainicjowany.
2025-06-05 23:51:10,144 - hotel_reservation_app - INFO - UserService zainicjowany.
2025-06-05 23:51:15,014 - hotel_reservation_app - INFO - Użytkownik admin pomyślnie uwierzytelniony jako administrator.
2025-06-05 23:51:15,014 - hotel_reservation_app - INFO - Wyświetlono główne menu dla roli: administrator
2025-06-05 23:51:29,014 - hotel_reservation_app - INFO - Zaktualizowano status zadania sprzątania 2 na completed.
2025-06-05 23:53:50,316 - hotel_reservation_app - INFO - RoomService zainicjowany.
2025-06-05 23:53:50,316 - hotel_reservation_app - INFO - GuestService zainicjowany.
2025-06-05 23:53:50,322 - hotel_reservation_app - INFO - HousekeepingService zainicjowany.
2025-06-05 23:53:50,322 - hotel_reservation_app - INFO - DiscountService zainicjowany.
2025-06-05 23:53:50,322 - hotel_reservation_app - INFO - ReservationService zainicjowany.
2025-06-05 23:53:50,322 - hotel_reservation_app - INFO - PaymentService zainicjowany.
2025-06-05 23:53:50,322 - hotel_reservation_app - INFO - ReportService zainicjowany.
2025-06-05 23:53:50,323 - hotel_reservation_app - INFO - UserService zainicjowany.
2025-06-05 23:53:59,440 - hotel_reservation_app - INFO - Użytkownik admin pomyślnie uwierzytelniony jako administrator.
2025-06-05 23:53:59,440 - hotel_reservation_app - INFO - Wyświetlono główne menu dla roli: administrator
2025-06-05 23:54:21,329 - hotel_reservation_app - INFO - Przypisano zadanie sprzątania 2 do Kamilas.
2025-06-05 23:55:40,139 - hotel_reservation_app - INFO - Wygenerowano harmonogram sprzątania na 2025-06-06. Znaleziono 1 zadań.
2025-06-05 23:55:40,139 - hotel_reservation_app - INFO - Wyświetlono tabelę: Dzienny Harmonogram Sprzątania dla 2025-06-06
2025-06-05 23:55:51,117 - hotel_reservation_app - INFO - Brak zaplanowanych zadań sprzątania na 2025-06-04.
2025-06-05 23:55:51,119 - hotel_reservation_app - INFO - Wyświetlono pustą tabelę dla: Dzienny Harmonogram Sprzątania dla 2025-06-04.
2025-06-06 00:01:09,389 - hotel_reservation_app - INFO - Wyświetlono główne menu dla roli: administrator
2025-06-06 00:04:08,466 - hotel_reservation_app - WARNING - Próba zarejestrowania płatności dla nieistniejącej rezerwacji: 1
2025-06-06 00:04:23,417 - hotel_reservation_app - INFO - Wyświetlono główne menu dla roli: administrator
2025-06-06 00:04:37,727 - hotel_reservation_app - INFO - Znaleziono 1 dostępnych pokoi.
2025-06-06 00:04:37,727 - hotel_reservation_app - INFO - Wyświetlono tabelę: Dostępne Pokoje
2025-06-06 00:05:11,542 - hotel_reservation_app - INFO - Pokój 1 jest dostępny w terminie 2024-05-05 do 2024-05-10.
2025-06-06 00:05:11,542 - hotel_reservation_app - INFO - Brak rabatów spełniających kryteria (data: 2025-06-06, typ pokoju: podwójny, gość: 1, dni pobytu: 5, poziom lojalności: Bronze).
2025-06-06 00:05:11,543 - hotel_reservation_app - INFO - Zmieniono status pokoju 1 na occupied
2025-06-06 00:05:11,544 - hotel_reservation_app - INFO - Poziom lojalności gościa 1 zaktualizowany z Bronze na Silver.
2025-06-06 00:05:11,545 - hotel_reservation_app - INFO - Dodano zapis pobytu dla gościa: 1
2025-06-06 00:05:11,545 - hotel_reservation_app - INFO - Utworzono rezerwację RES0001 dla pokoju 1 i gościa 1. Całkowita cena: 1170.00.
2025-06-06 00:05:26,111 - hotel_reservation_app - INFO - Wyświetlono główne menu dla roli: administrator
2025-06-06 08:17:09,281 - hotel_reservation_app - INFO - RoomService zainicjowany.
2025-06-06 08:17:09,281 - hotel_reservation_app - INFO - GuestService zainicjowany.
2025-06-06 08:17:09,281 - hotel_reservation_app - INFO - HousekeepingService zainicjowany.
2025-06-06 08:17:09,282 - hotel_reservation_app - INFO - DiscountService zainicjowany.
2025-06-06 08:17:09,282 - hotel_reservation_app - INFO - ReservationService zainicjowany.
2025-06-06 08:17:09,282 - hotel_reservation_app - INFO - PaymentService zainicjowany.
2025-06-06 08:17:09,282 - hotel_reservation_app - INFO - ReportService zainicjowany.
2025-06-06 08:17:09,282 - hotel_reservation_app - INFO - UserService zainicjowany.
2025-06-06 08:17:15,680 - hotel_reservation_app - INFO - Użytkownik admin pomyślnie uwierzytelniony jako administrator.
2025-06-06 08:17:15,680 - hotel_reservation_app - INFO - Wyświetlono główne menu dla roli: administrator
2025-06-06 08:18:55,254 - hotel_reservation_app - INFO - RoomService zainicjowany.
2025-06-06 08:18:55,254 - hotel_reservation_app - INFO - GuestService zainicjowany.
2025-06-06 08:18:55,254 - hotel_reservation_app - INFO - HousekeepingService zainicjowany.
2025-06-06 08:18:55,254 - hotel_reservation_app - INFO - DiscountService zainicjowany.
2025-06-06 08:18:55,254 - hotel_reservation_app - INFO - ReservationService zainicjowany.
2025-06-06 08:18:55,254 - hotel_reservation_app - INFO - PaymentService zainicjowany.
2025-06-06 08:18:55,254 - hotel_reservation_app - INFO - ReportService zainicjowany.
2025-06-06 08:18:55,254 - hotel_reservation_app - INFO - UserService zainicjowany.
2025-06-06 08:19:00,328 - hotel_reservation_app - INFO - Użytkownik admin pomyślnie uwierzytelniony jako administrator.
2025-06-06 08:19:00,328 - hotel_reservation_app - INFO - Wyświetlono główne menu dla roli: administrator
2025-06-06 08:19:04,854 - hotel_reservation_app - INFO - Wyświetlono pustą tabelę dla: Wszystkie Płatności.
2025-06-06 08:19:11,916 - hotel_reservation_app - INFO - Wyświetlono główne menu dla roli: administrator
2025-06-06 08:19:19,553 - hotel_reservation_app - INFO - Wyświetlono tabelę: Wszystkie Rezerwacje
2025-06-06 08:19:48,816 - hotel_reservation_app - WARNING - Gość wymeldowuje się po terminie (2024-05-10) dla rezerwacji RES0001.
2025-06-06 08:19:48,817 - hotel_reservation_app - INFO - Zmieniono status pokoju 1 na cleaning
2025-06-06 08:19:48,818 - hotel_reservation_app - WARNING - Istnieje już aktywne zadanie sprzątania dla pokoju 1. Nie tworzę nowego.
2025-06-06 08:19:48,818 - hotel_reservation_app - INFO - Utworzono zadanie sprzątania dla pokoju 1 po wymeldowaniu rezerwacji RES0001.
2025-06-06 08:19:48,818 - hotel_reservation_app - INFO - Wymeldowano gościa dla Rezerwacji RES0001 z Pokoju 1.
2025-06-06 08:19:48,819 - hotel_reservation_app - INFO - Wygenerowano fakturę INV0001 dla rezerwacji RES0001. Suma: 1170.00.
2025-06-06 08:20:12,406 - hotel_reservation_app - INFO - Wyświetlono główne menu dla roli: administrator
2025-06-06 08:20:17,674 - hotel_reservation_app - INFO - Wyświetlono tabelę: Wszystkie Faktury
2025-06-06 08:20:35,425 - hotel_reservation_app - INFO - Faktura dla rezerwacji RES0001 już istnieje (INV0001).
2025-06-06 08:22:21,999 - hotel_reservation_app - INFO - RoomService zainicjowany.
2025-06-06 08:22:21,999 - hotel_reservation_app - INFO - GuestService zainicjowany.
2025-06-06 08:22:21,999 - hotel_reservation_app - INFO - HousekeepingService zainicjowany.
2025-06-06 08:22:21,999 - hotel_reservation_app - INFO - DiscountService zainicjowany.
2025-06-06 08:22:22,000 - hotel_reservation_app - INFO - ReservationService zainicjowany.
2025-06-06 08:22:22,000 - hotel_reservation_app - INFO - PaymentService zainicjowany.
2025-06-06 08:22:22,000 - hotel_reservation_app - INFO - ReportService zainicjowany.
2025-06-06 08:22:22,000 - hotel_reservation_app - INFO - UserService zainicjowany.
2025-06-06 08:22:26,143 - hotel_reservation_app - INFO - Użytkownik admin pomyślnie uwierzytelniony jako administrator.
2025-06-06 08:22:26,143 - hotel_reservation_app - INFO - Wyświetlono główne menu dla roli: administrator
2025-06-06 08:22:30,750 - hotel_reservation_app - INFO - Wyświetlono wszystkie faktury.
2025-06-06 08:22:30,750 - hotel_reservation_app - INFO - Wyświetlono tabelę: Istniejące Faktury
2025-06-06 08:23:03,832 - hotel_reservation_app - INFO - RoomService zainicjowany.
2025-06-06 08:23:03,832 - hotel_reservation_app - INFO - GuestService zainicjowany.
2025-06-06 08:23:03,832 - hotel_reservation_app - INFO - HousekeepingService zainicjowany.
2025-06-06 08:23:03,832 - hotel_reservation_app - INFO - DiscountService zainicjowany.
2025-06-06 08:23:03,832 - hotel_reservation_app - INFO - ReservationService zainicjowany.
2025-06-06 08:23:03,833 - hotel_reservation_app - INFO - PaymentService zainicjowany.
2025-06-06 08:23:03,833 - hotel_reservation_app - INFO - ReportService zainicjowany.
2025-06-06 08:23:03,833 - hotel_reservation_app - INFO - UserService zainicjowany.
2025-06-06 08:23:08,605 - hotel_reservation_app - INFO - Użytkownik admin pomyślnie uwierzytelniony jako administrator.
2025-06-06 08:23:08,605 - hotel_reservation_app - INFO - Wyświetlono główne menu dla roli: administrator
2025-06-06 08:23:24,703 - hotel_reservation_app - INFO - Brak dostępnych pokoi do znalezienia.
2025-06-06 08:23:24,705 - hotel_reservation_app - WARNING - Brak dostępnych pokoi do utworzenia rezerwacji.
2025-06-06 08:23:27,276 - hotel_reservation_app - INFO - Wyświetlono główne menu dla roli: administrator
2025-06-06 08:23:44,102 - hotel_reservation_app - INFO - Dodano gościa: 2 - Kamil Styn
2025-06-06 08:23:44,102 - hotel_reservation_app - INFO - Zarejestrowano nowego gościa: Kamil Styn (ID: 2)
2025-06-06 08:23:50,649 - hotel_reservation_app - INFO - Wyświetlono tabelę: Wszyscy Goście
2025-06-06 08:23:50,649 - hotel_reservation_app - INFO - Wyświetlono wszystkich gości.
2025-06-06 08:24:08,117 - hotel_reservation_app - INFO - Wyświetlono główne menu dla roli: administrator
2025-06-06 08:24:15,158 - hotel_reservation_app - INFO - Brak dostępnych pokoi do znalezienia.
2025-06-06 08:24:15,158 - hotel_reservation_app - WARNING - Brak dostępnych pokoi do utworzenia rezerwacji.
2025-06-06 08:24:19,433 - hotel_reservation_app - INFO - Wyświetlono główne menu dla roli: administrator
2025-06-06 08:24:26,051 - hotel_reservation_app - INFO - RoomService zainicjowany.
2025-06-06 08:24:26,057 - hotel_reservation_app - INFO - GuestService zainicjowany.
2025-06-06 08:24:26,057 - hotel_reservation_app - INFO - HousekeepingService zainicjowany.
2025-06-06 08:24:26,057 - hotel_reservation_app - INFO - DiscountService zainicjowany.
2025-06-06 08:24:26,058 - hotel_reservation_app - INFO - ReservationService zainicjowany.
2025-06-06 08:24:26,058 - hotel_reservation_app - INFO - PaymentService zainicjowany.
2025-06-06 08:24:26,058 - hotel_reservation_app - INFO - ReportService zainicjowany.
2025-06-06 08:24:26,058 - hotel_reservation_app - INFO - UserService zainicjowany.
2025-06-06 08:24:30,508 - hotel_reservation_app - INFO - Użytkownik admin pomyślnie uwierzytelniony jako administrator.
2025-06-06 08:24:30,508 - hotel_reservation_app - INFO - Wyświetlono główne menu dla roli: administrator
2025-06-06 08:24:34,309 - hotel_reservation_app - INFO - Użytkownik admin wchodzi do menu zarządzania pokojami.
2025-06-06 08:24:36,243 - hotel_reservation_app - INFO - Wyświetlono tabelę: Wszystkie Pokoje
2025-06-06 08:24:36,243 - hotel_reservation_app - INFO - Wyświetlono wszystkie pokoje.
2025-06-06 08:24:44,091 - hotel_reservation_app - INFO - Zmieniono status pokoju 1 na available
2025-06-06 08:24:44,092 - hotel_reservation_app - INFO - Próba zmiany statusu pokoju 1 na available
2025-06-06 08:24:50,025 - hotel_reservation_app - INFO - Zmieniono status pokoju 2 na available
2025-06-06 08:24:50,025 - hotel_reservation_app - INFO - Próba zmiany statusu pokoju 2 na available
2025-06-06 08:24:51,636 - hotel_reservation_app - INFO - Wyświetlono główne menu dla roli: administrator
2025-06-06 08:24:58,264 - hotel_reservation_app - INFO - Znaleziono 2 dostępnych pokoi.
2025-06-06 08:24:58,264 - hotel_reservation_app - INFO - Wyświetlono tabelę: Dostępne Pokoje
2025-06-06 08:25:25,993 - hotel_reservation_app - INFO - Pokój 2 jest dostępny w terminie 2025-01-04 do 2025-01-14.
2025-06-06 08:25:25,993 - hotel_reservation_app - INFO - Brak rabatów spełniających kryteria (data: 2025-06-06, typ pokoju: podwójny, gość: 1, dni pobytu: 10, poziom lojalności: Silver).
2025-06-06 08:25:25,994 - hotel_reservation_app - INFO - Zmieniono status pokoju 2 na occupied
2025-06-06 08:25:25,994 - hotel_reservation_app - INFO - Dodano zapis pobytu dla gościa: 1
2025-06-06 08:25:25,995 - hotel_reservation_app - INFO - Utworzono rezerwację RES0002 dla pokoju 2 i gościa 1. Całkowita cena: 3200.00.
2025-06-06 08:25:36,236 - hotel_reservation_app - INFO - Wyświetlono tabelę: Wszystkie Rezerwacje
2025-06-06 08:27:39,758 - hotel_reservation_app - INFO - Wyświetlono główne menu dla roli: administrator
2025-06-06 08:41:12,629 - hotel_reservation_app - INFO - RoomService zainicjowany.
2025-06-06 08:41:12,629 - hotel_reservation_app - INFO - GuestService zainicjowany.
2025-06-06 08:41:12,630 - hotel_reservation_app - INFO - HousekeepingService zainicjowany.
2025-06-06 08:41:12,630 - hotel_reservation_app - INFO - DiscountService zainicjowany.
2025-06-06 08:41:12,630 - hotel_reservation_app - INFO - ReservationService zainicjowany.
2025-06-06 08:41:12,630 - hotel_reservation_app - INFO - PaymentService zainicjowany.
2025-06-06 08:41:12,631 - hotel_reservation_app - INFO - ReportService zainicjowany.
2025-06-06 08:41:12,631 - hotel_reservation_app - INFO - UserService zainicjowany.
2025-06-06 08:41:17,601 - hotel_reservation_app - INFO - Użytkownik admin pomyślnie uwierzytelniony jako administrator.
2025-06-06 08:41:17,601 - hotel_reservation_app - INFO - Wyświetlono główne menu dla roli: administrator
2025-06-06 08:41:19,265 - hotel_reservation_app - INFO - Użytkownik admin wchodzi do menu zarządzania pokojami.
2025-06-06 08:41:20,959 - hotel_reservation_app - INFO - Wyświetlono tabelę: Wszystkie Pokoje
2025-06-06 08:41:20,960 - hotel_reservation_app - INFO - Wyświetlono wszystkie pokoje.
2025-06-06 08:41:35,321 - hotel_reservation_app - INFO - Dodano pokój: 3
2025-06-06 08:41:35,322 - hotel_reservation_app - INFO - Dodano nowy pokój: 3
2025-06-06 08:41:37,487 - hotel_reservation_app - INFO - Wyświetlono tabelę: Wszystkie Pokoje
2025-06-06 08:41:37,488 - hotel_reservation_app - INFO - Wyświetlono wszystkie pokoje.
2025-06-06 08:41:53,928 - hotel_reservation_app - INFO - Zaktualizowano pokój: 3 z danymi: {'floor': 1, 'room_type': 'podwójny', 'price': 123.0}
2025-06-06 08:41:53,928 - hotel_reservation_app - INFO - Zaktualizowano pokój: 3
2025-06-06 08:41:57,162 - hotel_reservation_app - WARNING - Próba edycji nieistniejącego pokoju: 
2025-06-06 08:42:00,248 - hotel_reservation_app - INFO - Wyświetlono tabelę: Wszystkie Pokoje
2025-06-06 08:42:00,249 - hotel_reservation_app - INFO - Wyświetlono wszystkie pokoje.
2025-06-06 08:42:18,584 - hotel_reservation_app - INFO - Znaleziono 2 dostępnych pokoi.
2025-06-06 08:42:18,584 - hotel_reservation_app - INFO - Wyświetlono tabelę: Dostępne Pokoje
2025-06-06 08:42:18,585 - hotel_reservation_app - INFO - Wyświetlono dostępne pokoje.
2025-06-06 08:42:46,239 - hotel_reservation_app - INFO - Znaleziono 1 pokoi spełniających kryteria wyszukiwania (typ: podwójny, cena: 100.0-125.0, udogodnienie: None, status: None).
2025-06-06 08:42:46,239 - hotel_reservation_app - INFO - Wyświetlono tabelę: Znalezione Pokoje
2025-06-06 08:42:46,240 - hotel_reservation_app - INFO - Wykonano wyszukiwanie pokoi.
2025-06-06 08:42:52,407 - hotel_reservation_app - INFO - Wyświetlono główne menu dla roli: administrator
2025-06-06 08:42:54,488 - hotel_reservation_app - INFO - Użytkownik admin wchodzi do menu zarządzania gośćmi.
2025-06-06 08:43:30,845 - hotel_reservation_app - INFO - Dodano gościa: 5 - Franek Kimono
2025-06-06 08:43:34,033 - hotel_reservation_app - INFO - Wyświetlono wszystkich gości.
2025-06-06 08:43:34,033 - hotel_reservation_app - INFO - Wyświetlono tabelę: Wszyscy Goście
2025-06-06 08:44:07,805 - hotel_reservation_app - INFO - Użytkownik admin opuszcza menu zarządzania gośćmi.
2025-06-06 08:44:07,805 - hotel_reservation_app - INFO - Wyświetlono główne menu dla roli: administrator
2025-06-06 08:44:09,505 - hotel_reservation_app - INFO - Użytkownik admin wchodzi do menu zarządzania rezerwacjami.
2025-06-06 08:44:11,879 - hotel_reservation_app - INFO - Wyświetlono wszystkie rezerwacje.
2025-06-06 08:44:11,879 - hotel_reservation_app - INFO - Wyświetlono tabelę: Wszystkie Rezerwacje
2025-06-06 08:44:50,857 - hotel_reservation_app - INFO - Pokój 1 jest dostępny w terminie 2025-03-03 do 2025-03-12.
2025-06-06 08:44:50,858 - hotel_reservation_app - INFO - Brak rabatów spełniających kryteria (data: 2025-06-06, typ pokoju: podwójny, gość: 1, dni pobytu: 9, poziom lojalności: Silver).
2025-06-06 08:44:50,858 - hotel_reservation_app - INFO - Zmieniono status pokoju 1 na occupied
2025-06-06 08:44:50,859 - hotel_reservation_app - INFO - Dodano zapis pobytu dla gościa: 1
2025-06-06 08:44:50,859 - hotel_reservation_app - INFO - Utworzono rezerwację RES0003 dla pokoju 1 i gościa 1. Całkowita cena: 2106.00.
2025-06-06 08:45:14,309 - hotel_reservation_app - WARNING - Próba zameldowania dla nieistniejącej rezerwacji: 
2025-06-06 08:45:15,578 - hotel_reservation_app - INFO - Wyświetlono wszystkie rezerwacje.
2025-06-06 08:45:15,578 - hotel_reservation_app - INFO - Wyświetlono tabelę: Wszystkie Rezerwacje
2025-06-06 08:45:33,212 - hotel_reservation_app - WARNING - Próba zameldowania nieaktywnej rezerwacji RES0001 (status: checked_out).
2025-06-06 08:45:47,917 - hotel_reservation_app - INFO - Zameldowano gościa dla Rezerwacji RES0002 do Pokoju 2.
2025-06-06 08:46:14,112 - hotel_reservation_app - INFO - Sprawdzanie dostępności: Pokój 1 nie jest dostępny (status: occupied).
2025-06-06 08:46:44,354 - hotel_reservation_app - INFO - Znaleziono 1 rezerwacji spełniających kryteria wyszukiwania (ID: None, Gość: None, Pokój: 2, Status: None, Status płatności: None, Zakres dat: None).
2025-06-06 08:46:44,356 - hotel_reservation_app - INFO - Wyświetlono tabelę: Znalezione Rezerwacje
2025-06-06 08:47:00,342 - hotel_reservation_app - INFO - Użytkownik admin opuszcza menu zarządzania rezerwacjami.
2025-06-06 08:47:00,342 - hotel_reservation_app - INFO - Wyświetlono główne menu dla roli: administrator
2025-06-06 08:47:02,129 - hotel_reservation_app - INFO - Użytkownik admin wchodzi do menu zarządzania płatnościami.
2025-06-06 08:47:20,617 - hotel_reservation_app - INFO - Zarejestrowano płatność PAY0001 dla rezerwacji RES0001. Kwota: 1400.00.
2025-06-06 08:47:20,618 - hotel_reservation_app - INFO - Zaktualizowano rezerwację: RES0001 z danymi: {'payment_status': 'partially_paid'}
2025-06-06 08:47:20,618 - hotel_reservation_app - INFO - Zaktualizowano fakturę INV0001 i status płatności rezerwacji RES0001.
2025-06-06 08:47:31,718 - hotel_reservation_app - INFO - Faktura dla rezerwacji RES0001 już istnieje (INV0001).
2025-06-06 08:47:38,631 - hotel_reservation_app - INFO - Wyświetlono wszystkie faktury.
2025-06-06 08:47:38,632 - hotel_reservation_app - INFO - Wyświetlono tabelę: Wszystkie Faktury
2025-06-06 08:48:07,039 - hotel_reservation_app - INFO - Znaleziono 1 nieuregulowanych faktur.
2025-06-06 08:48:07,039 - hotel_reservation_app - INFO - Wyświetlono tabelę: Nieuregulowane Faktury
2025-06-06 08:48:20,036 - hotel_reservation_app - INFO - Zarejestrowano płatność PAY0002 dla rezerwacji RES0001. Kwota: 1200.00.
2025-06-06 08:48:20,038 - hotel_reservation_app - INFO - Zaktualizowano rezerwację: RES0001 z danymi: {'payment_status': 'paid'}
2025-06-06 08:48:20,038 - hotel_reservation_app - INFO - Zaktualizowano fakturę INV0001 i status płatności rezerwacji RES0001.
2025-06-06 08:48:25,792 - hotel_reservation_app - INFO - Wyświetlono wszystkie faktury.
2025-06-06 08:48:25,792 - hotel_reservation_app - INFO - Wyświetlono tabelę: Wszystkie Faktury
2025-06-06 08:49:27,277 - hotel_reservation_app - INFO - Użytkownik admin opuszcza menu zarządzania płatnościami.
2025-06-06 08:49:27,277 - hotel_reservation_app - INFO - Wyświetlono główne menu dla roli: administrator
2025-06-06 08:49:29,975 - hotel_reservation_app - INFO - Użytkownik admin wchodzi do menu zarządzania sprzątaniem.
2025-06-06 08:49:33,987 - hotel_reservation_app - INFO - Wyświetlono wszystkie zadania sprzątania.
2025-06-06 08:49:33,988 - hotel_reservation_app - INFO - Wyświetlono tabelę: Wszystkie Zadania Sprzątania
2025-06-06 08:50:02,326 - hotel_reservation_app - INFO - Utworzono zadanie sprzątania: HKT0003 dla pokoju 3, przypisane do ZXuzia, termin: 2025-06-06.
2025-06-06 08:50:09,986 - hotel_reservation_app - INFO - Wyświetlono wszystkie zadania sprzątania.
2025-06-06 08:50:09,987 - hotel_reservation_app - INFO - Wyświetlono tabelę: Wszystkie Zadania Sprzątania
2025-06-06 08:50:27,983 - hotel_reservation_app - ERROR - Błąd formatu daty podczas generowania harmonogramu dziennego:  - time data '' does not match format '%Y-%m-%d'
2025-06-06 08:50:27,983 - hotel_reservation_app - INFO - Wyświetlono pustą tabelę dla: Harmonogram Sprzątania na .
2025-06-06 08:50:47,906 - hotel_reservation_app - WARNING - Istnieje już aktywne zadanie sprzątania dla pokoju 1. Nie tworzę nowego.
2025-06-06 08:50:50,786 - hotel_reservation_app - INFO - Wyświetlono wszystkie zadania sprzątania.
2025-06-06 08:50:50,786 - hotel_reservation_app - INFO - Wyświetlono tabelę: Wszystkie Zadania Sprzątania
2025-06-06 08:51:13,869 - hotel_reservation_app - INFO - Usunięto zadanie sprzątania: HKT0001
2025-06-06 08:51:34,671 - hotel_reservation_app - INFO - Utworzono zadanie sprzątania: HKT0003 dla pokoju 1, przypisane do Klaudia, termin: 2025-01-03.
2025-06-06 08:51:36,804 - hotel_reservation_app - INFO - Wyświetlono wszystkie zadania sprzątania.
2025-06-06 08:51:36,804 - hotel_reservation_app - INFO - Wyświetlono tabelę: Wszystkie Zadania Sprzątania
2025-06-06 08:52:16,305 - hotel_reservation_app - INFO - Zaktualizowano status zadania sprzątania HKT0003 na cancelled.
2025-06-06 08:52:46,305 - hotel_reservation_app - INFO - Utworzono zadanie sprzątania: HKT0004 dla pokoju 3, przypisane do Franek, termin: 2025-02-02.
2025-06-06 08:52:51,021 - hotel_reservation_app - INFO - Wyświetlono wszystkie zadania sprzątania.
2025-06-06 08:52:51,021 - hotel_reservation_app - INFO - Wyświetlono tabelę: Wszystkie Zadania Sprzątania
2025-06-06 08:53:27,147 - hotel_reservation_app - INFO - Użytkownik admin opuszcza menu zarządzania sprzątaniem.
2025-06-06 08:53:27,148 - hotel_reservation_app - INFO - Wyświetlono główne menu dla roli: administrator
2025-06-06 08:55:16,995 - hotel_reservation_app - INFO - RoomService zainicjowany.
2025-06-06 08:55:16,996 - hotel_reservation_app - INFO - GuestService zainicjowany.
2025-06-06 08:55:16,999 - hotel_reservation_app - INFO - HousekeepingService zainicjowany.
2025-06-06 08:55:16,999 - hotel_reservation_app - INFO - DiscountService zainicjowany.
2025-06-06 08:55:17,000 - hotel_reservation_app - INFO - ReservationService zainicjowany.
2025-06-06 08:55:17,000 - hotel_reservation_app - INFO - PaymentService zainicjowany.
2025-06-06 08:55:17,000 - hotel_reservation_app - INFO - ReportService zainicjowany.
2025-06-06 08:55:17,000 - hotel_reservation_app - INFO - UserService zainicjowany.
2025-06-06 08:55:21,086 - hotel_reservation_app - INFO - Użytkownik admin pomyślnie uwierzytelniony jako administrator.
2025-06-06 08:55:21,087 - hotel_reservation_app - INFO - Wyświetlono główne menu dla roli: administrator
2025-06-06 08:55:41,610 - hotel_reservation_app - INFO - Dodano rabat: DISC0001 (5procent).
2025-06-06 08:55:47,692 - hotel_reservation_app - INFO - Wyświetlono tabelę: Wszystkie Rabaty
2025-06-06 08:55:59,729 - hotel_reservation_app - INFO - Znaleziono 1 rabatów spełniających kryteria.
2025-06-06 08:55:59,729 - hotel_reservation_app - INFO - Wyświetlono tabelę: Obowiązujące Rabaty
2025-06-06 08:56:40,967 - hotel_reservation_app - INFO - Wyświetlono główne menu dla roli: administrator
2025-06-06 08:57:07,571 - hotel_reservation_app - INFO - Dodano użytkownika: Kamil z rolą administrator.
2025-06-06 08:57:09,391 - hotel_reservation_app - INFO - Wyświetlono tabelę: Wszyscy Użytkownicy
2025-06-06 08:58:22,227 - hotel_reservation_app - INFO - RoomService zainicjowany.
2025-06-06 08:58:22,227 - hotel_reservation_app - INFO - GuestService zainicjowany.
2025-06-06 08:58:22,227 - hotel_reservation_app - INFO - HousekeepingService zainicjowany.
2025-06-06 08:58:22,227 - hotel_reservation_app - INFO - DiscountService zainicjowany.
2025-06-06 08:58:22,227 - hotel_reservation_app - INFO - ReservationService zainicjowany.
2025-06-06 08:58:22,227 - hotel_reservation_app - INFO - PaymentService zainicjowany.
2025-06-06 08:58:22,227 - hotel_reservation_app - INFO - ReportService zainicjowany.
2025-06-06 08:58:22,227 - hotel_reservation_app - INFO - UserService zainicjowany.
2025-06-06 08:58:27,594 - hotel_reservation_app - INFO - Użytkownik admin pomyślnie uwierzytelniony jako administrator.
2025-06-06 08:58:27,594 - hotel_reservation_app - INFO - Wyświetlono główne menu dla roli: administrator
2025-06-06 08:58:52,603 - hotel_reservation_app - WARNING - Nieprawidłowa rola szef podczas aktualizacji użytkownika Kamil.
2025-06-06 08:58:52,604 - hotel_reservation_app - INFO - Zaktualizowano użytkownika: Kamil z danymi: {'role': 'szef', 'employee_id': '1'}
2025-06-06 08:58:55,215 - hotel_reservation_app - INFO - Wyświetlono tabelę: Wszyscy Użytkownicy
2025-06-06 08:59:11,232 - hotel_reservation_app - INFO - Wyświetlono główne menu dla roli: administrator
2025-06-06 08:59:19,651 - hotel_reservation_app - ERROR - Błąd formatu daty w generate_occupancy_report:  - time data '' does not match format '%Y-%m-%d'
2025-06-06 09:01:27,350 - hotel_reservation_app - INFO - Generowanie raportu obłożenia dla daty: 2025-06-08
2025-06-06 09:01:27,350 - hotel_reservation_app - INFO - Wygenerowano raport obłożenia dla 2025-06-08: 0/3 pokoi zajętych (0.00%).
2025-06-06 09:02:54,796 - hotel_reservation_app - INFO - RoomService zainicjowany.
2025-06-06 09:02:54,796 - hotel_reservation_app - INFO - GuestService zainicjowany.
2025-06-06 09:02:54,796 - hotel_reservation_app - INFO - HousekeepingService zainicjowany.
2025-06-06 09:02:54,798 - hotel_reservation_app - INFO - DiscountService zainicjowany.
2025-06-06 09:02:54,798 - hotel_reservation_app - INFO - ReservationService zainicjowany.
2025-06-06 09:02:54,798 - hotel_reservation_app - INFO - PaymentService zainicjowany.
2025-06-06 09:02:54,798 - hotel_reservation_app - INFO - ReportService zainicjowany.
2025-06-06 09:02:54,798 - hotel_reservation_app - INFO - UserService zainicjowany.
2025-06-06 09:03:00,593 - hotel_reservation_app - INFO - Użytkownik admin pomyślnie uwierzytelniony jako administrator.
2025-06-06 09:03:00,593 - hotel_reservation_app - INFO - Wyświetlono główne menu dla roli: administrator
2025-06-06 09:03:11,694 - hotel_reservation_app - INFO - Generowanie raportu obłożenia dla daty: 2025-06-08
2025-06-06 09:03:11,694 - hotel_reservation_app - INFO - Wygenerowano raport obłożenia dla 2025-06-08: 0/3 pokoi zajętych (0.00%).
2025-06-06 09:03:34,381 - hotel_reservation_app - INFO - Generowanie raportu przychodów od 2025-06-08 do 2025-06-13.
2025-06-06 09:03:34,382 - hotel_reservation_app - INFO - Wygenerowano raport przychodów od 2025-06-08 do 2025-06-13. Całkowity przychód: 0.00 PLN.
2025-06-06 09:04:28,820 - hotel_reservation_app - INFO - RoomService zainicjowany.
2025-06-06 09:04:28,820 - hotel_reservation_app - INFO - GuestService zainicjowany.
2025-06-06 09:04:28,820 - hotel_reservation_app - INFO - HousekeepingService zainicjowany.
2025-06-06 09:04:28,820 - hotel_reservation_app - INFO - DiscountService zainicjowany.
2025-06-06 09:04:28,821 - hotel_reservation_app - INFO - ReservationService zainicjowany.
2025-06-06 09:04:28,821 - hotel_reservation_app - INFO - PaymentService zainicjowany.
2025-06-06 09:04:28,821 - hotel_reservation_app - INFO - ReportService zainicjowany.
2025-06-06 09:04:28,821 - hotel_reservation_app - INFO - UserService zainicjowany.
2025-06-06 09:04:33,826 - hotel_reservation_app - INFO - Użytkownik admin pomyślnie uwierzytelniony jako administrator.
2025-06-06 09:04:33,826 - hotel_reservation_app - INFO - Wyświetlono główne menu dla roli: administrator
2025-06-06 09:04:52,561 - hotel_reservation_app - INFO - Generowanie raportu przychodów od 2025-06-01 do 2025-06-30.
2025-06-06 09:04:52,561 - hotel_reservation_app - INFO - Wygenerowano raport przychodów od 2025-06-01 do 2025-06-30. Całkowity przychód: 2600.00 PLN.
2025-06-06 09:05:18,932 - hotel_reservation_app - INFO - Generowanie raportu przyjazdów i wyjazdów dla daty: 2025-06-01
2025-06-06 09:05:18,932 - hotel_reservation_app - INFO - Wygenerowano raport przyjazdów i wyjazdów dla 2025-06-01: 0 przyjazdów, 0 wyjazdów.
2025-06-06 09:13:45,767 - hotel_reservation_app - INFO - RoomService zainicjowany.
2025-06-06 09:13:45,767 - hotel_reservation_app - INFO - GuestService zainicjowany.
2025-06-06 09:13:45,767 - hotel_reservation_app - INFO - HousekeepingService zainicjowany.
2025-06-06 09:13:45,768 - hotel_reservation_app - INFO - DiscountService zainicjowany.
2025-06-06 09:13:45,768 - hotel_reservation_app - INFO - ReservationService zainicjowany.
2025-06-06 09:13:45,768 - hotel_reservation_app - INFO - PaymentService zainicjowany.
2025-06-06 09:13:45,768 - hotel_reservation_app - INFO - ReportService zainicjowany.
2025-06-06 09:13:45,768 - hotel_reservation_app - INFO - UserService zainicjowany.
2025-06-06 09:13:51,339 - hotel_reservation_app - INFO - Użytkownik admin pomyślnie uwierzytelniony jako administrator.
2025-06-06 09:13:51,339 - hotel_reservation_app - INFO - Wyświetlono główne menu dla roli: administrator
2025-06-06 09:17:19,087 - hotel_reservation_app - INFO - Generowanie raportu obłożenia dla daty: 2025-06-06
2025-06-06 09:17:19,088 - hotel_reservation_app - INFO - Wygenerowano raport obłożenia dla 2025-06-06: 0/3 pokoi zajętych (0.00%).
2025-06-06 09:36:30,715 - hotel_reservation_app - ERROR - Błąd formatu daty w generate_occupancy_report:  - time data '' does not match format '%Y-%m-%d'
2025-06-06 09:36:35,493 - hotel_reservation_app - INFO - RoomService zainicjowany.
2025-06-06 09:36:35,493 - hotel_reservation_app - INFO - GuestService zainicjowany.
2025-06-06 09:36:35,493 - hotel_reservation_app - INFO - HousekeepingService zainicjowany.
2025-06-06 09:36:35,493 - hotel_reservation_app - INFO - DiscountService zainicjowany.
2025-06-06 09:36:35,495 - hotel_reservation_app - INFO - ReservationService zainicjowany.
2025-06-06 09:36:35,495 - hotel_reservation_app - INFO - PaymentService zainicjowany.
2025-06-06 09:36:35,495 - hotel_reservation_app - INFO - ReportService zainicjowany.
2025-06-06 09:36:35,495 - hotel_reservation_app - INFO - UserService zainicjowany.
2025-06-06 09:36:39,934 - hotel_reservation_app - INFO - Użytkownik admin pomyślnie uwierzytelniony jako administrator.
2025-06-06 09:36:39,935 - hotel_reservation_app - INFO - Wyświetlono główne menu dla roli: administrator
2025-06-06 17:24:01,804 - hotel_reservation_app - INFO - RoomService zainicjowany.
2025-06-06 17:24:01,804 - hotel_reservation_app - INFO - GuestService zainicjowany.
2025-06-06 17:24:01,804 - hotel_reservation_app - INFO - HousekeepingService zainicjowany.
2025-06-06 17:24:01,804 - hotel_reservation_app - INFO - DiscountService zainicjowany.
2025-06-06 17:24:01,805 - hotel_reservation_app - INFO - ReservationService zainicjowany.
2025-06-06 17:24:01,805 - hotel_reservation_app - INFO - PaymentService zainicjowany.
2025-06-06 17:24:01,805 - hotel_reservation_app - INFO - ReportService zainicjowany.
2025-06-06 17:24:01,805 - hotel_reservation_app - INFO - UserService zainicjowany.
2025-06-06 17:24:06,954 - hotel_reservation_app - INFO - Użytkownik admin pomyślnie uwierzytelniony jako administrator.
2025-06-06 17:24:06,954 - hotel_reservation_app - INFO - Wyświetlono główne menu dla roli: administrator
2025-06-06 17:24:14,886 - hotel_reservation_app - INFO - Wyświetlono tabelę: Wszyscy Użytkownicy
2025-06-06 17:24:34,299 - hotel_reservation_app - INFO - Dodano użytkownika: Jan z rolą pokojówka.
2025-06-06 17:26:32,025 - hotel_reservation_app - INFO - Wyświetlono główne menu dla roli: administrator
2025-06-06 17:27:37,579 - hotel_reservation_app - INFO - Wyświetlono główne menu dla roli: administrator
2025-06-06 17:27:39,302 - hotel_reservation_app - INFO - Użytkownik admin wchodzi do menu zarządzania pokojami.
2025-06-06 17:27:40,912 - hotel_reservation_app - INFO - Wyświetlono tabelę: Wszystkie Pokoje
2025-06-06 17:27:40,914 - hotel_reservation_app - INFO - Wyświetlono wszystkie pokoje.
2025-06-06 17:27:48,179 - hotel_reservation_app - INFO - Wyświetlono główne menu dla roli: administrator
2025-06-06 17:27:50,629 - hotel_reservation_app - INFO - Użytkownik admin wchodzi do menu zarządzania rezerwacjami.
2025-06-06 17:27:53,299 - hotel_reservation_app - INFO - Wyświetlono wszystkie rezerwacje.
2025-06-06 17:27:53,299 - hotel_reservation_app - INFO - Wyświetlono tabelę: Wszystkie Rezerwacje
2025-06-06 17:28:09,059 - hotel_reservation_app - INFO - Użytkownik admin opuszcza menu zarządzania rezerwacjami.
2025-06-06 17:28:09,060 - hotel_reservation_app - INFO - Wyświetlono główne menu dla roli: administrator
2025-06-06 17:28:20,434 - hotel_reservation_app - INFO - Generowanie raportu obłożenia dla daty: 2025-05-07
2025-06-06 17:28:20,435 - hotel_reservation_app - INFO - Wygenerowano raport obłożenia dla 2025-05-07: 0/3 pokoi zajętych (0.00%).
2025-06-06 17:28:43,387 - hotel_reservation_app - INFO - Generowanie raportu obłożenia dla daty: 2024-05-07
2025-06-06 17:28:43,387 - hotel_reservation_app - INFO - Wygenerowano raport obłożenia dla 2024-05-07: 0/3 pokoi zajętych (0.00%).
2025-06-06 17:29:45,912 - hotel_reservation_app - INFO - Generowanie raportu przychodów od 2025-01-04 do 2025-01-25.
2025-06-06 17:29:45,912 - hotel_reservation_app - INFO - Wygenerowano raport przychodów od 2025-01-04 do 2025-01-25. Całkowity przychód: 0.00 PLN.
2025-06-06 17:32:46,658 - hotel_reservation_app - INFO - RoomService zainicjowany.
2025-06-06 17:32:46,659 - hotel_reservation_app - INFO - GuestService zainicjowany.
2025-06-06 17:32:46,659 - hotel_reservation_app - INFO - HousekeepingService zainicjowany.
2025-06-06 17:32:46,660 - hotel_reservation_app - INFO - DiscountService zainicjowany.
2025-06-06 17:32:46,660 - hotel_reservation_app - INFO - ReservationService zainicjowany.
2025-06-06 17:32:46,660 - hotel_reservation_app - INFO - PaymentService zainicjowany.
2025-06-06 17:32:46,660 - hotel_reservation_app - INFO - ReportService zainicjowany.
2025-06-06 17:32:46,660 - hotel_reservation_app - INFO - UserService zainicjowany.
2025-06-06 17:32:51,356 - hotel_reservation_app - INFO - Użytkownik admin pomyślnie uwierzytelniony jako administrator.
2025-06-06 17:32:51,357 - hotel_reservation_app - INFO - Wyświetlono główne menu dla roli: administrator
2025-06-06 17:32:55,566 - hotel_reservation_app - INFO - Wyświetlono główne menu dla roli: administrator
2025-06-06 17:32:57,768 - hotel_reservation_app - INFO - Użytkownik admin wchodzi do menu zarządzania rezerwacjami.
2025-06-06 17:32:59,645 - hotel_reservation_app - INFO - Wyświetlono wszystkie rezerwacje.
2025-06-06 17:32:59,645 - hotel_reservation_app - INFO - Wyświetlono tabelę: Wszystkie Rezerwacje
2025-06-06 17:33:02,122 - hotel_reservation_app - INFO - Użytkownik admin opuszcza menu zarządzania rezerwacjami.
2025-06-06 17:33:02,123 - hotel_reservation_app - INFO - Wyświetlono główne menu dla roli: administrator
2025-06-06 17:33:40,066 - hotel_reservation_app - INFO - Generowanie raportu obłożenia dla daty: 2025-01-01
2025-06-06 17:33:40,067 - hotel_reservation_app - INFO - Wygenerowano raport obłożenia dla 2025-01-01: 0/3 pokoi zajętych (0.00%).
2025-06-06 17:36:05,798 - hotel_reservation_app - INFO - RoomService zainicjowany.
2025-06-06 17:36:05,798 - hotel_reservation_app - INFO - GuestService zainicjowany.
2025-06-06 17:36:05,798 - hotel_reservation_app - INFO - HousekeepingService zainicjowany.
2025-06-06 17:36:05,799 - hotel_reservation_app - INFO - DiscountService zainicjowany.
2025-06-06 17:36:05,799 - hotel_reservation_app - INFO - ReservationService zainicjowany.
2025-06-06 17:36:05,799 - hotel_reservation_app - INFO - PaymentService zainicjowany.
2025-06-06 17:36:05,799 - hotel_reservation_app - INFO - ReportService zainicjowany.
2025-06-06 17:36:05,799 - hotel_reservation_app - INFO - UserService zainicjowany.
2025-06-06 17:36:09,882 - hotel_reservation_app - INFO - Użytkownik admin pomyślnie uwierzytelniony jako administrator.
2025-06-06 17:36:09,882 - hotel_reservation_app - INFO - Wyświetlono główne menu dla roli: administrator
2025-06-06 17:36:16,707 - hotel_reservation_app - INFO - Użytkownik admin wchodzi do menu zarządzania rezerwacjami.
2025-06-06 17:36:19,263 - hotel_reservation_app - INFO - Wyświetlono wszystkie rezerwacje.
2025-06-06 17:36:19,263 - hotel_reservation_app - INFO - Wyświetlono tabelę: Wszystkie Rezerwacje
2025-06-06 17:36:25,965 - hotel_reservation_app - INFO - Użytkownik admin opuszcza menu zarządzania rezerwacjami.
2025-06-06 17:36:25,965 - hotel_reservation_app - INFO - Wyświetlono główne menu dla roli: administrator
2025-06-06 17:36:37,007 - hotel_reservation_app - INFO - Generowanie raportu obłożenia dla daty: 2025-01-01
2025-06-06 17:36:37,007 - hotel_reservation_app - INFO - Wygenerowano raport obłożenia dla 2025-01-01: 0/3 pokoi zajętych (0.00%).
2025-06-06 17:36:37,008 - hotel_reservation_app - INFO - Wyświetlono tabelę: Szczegóły Obłożenia
2025-06-06 17:38:41,794 - hotel_reservation_app - INFO - RoomService zainicjowany.
2025-06-06 17:38:41,794 - hotel_reservation_app - INFO - GuestService zainicjowany.
2025-06-06 17:38:41,795 - hotel_reservation_app - INFO - HousekeepingService zainicjowany.
2025-06-06 17:38:41,795 - hotel_reservation_app - INFO - DiscountService zainicjowany.
2025-06-06 17:38:41,795 - hotel_reservation_app - INFO - ReservationService zainicjowany.
2025-06-06 17:38:41,795 - hotel_reservation_app - INFO - PaymentService zainicjowany.
2025-06-06 17:38:41,795 - hotel_reservation_app - INFO - ReportService zainicjowany.
2025-06-06 17:38:41,796 - hotel_reservation_app - INFO - UserService zainicjowany.
2025-06-06 17:38:49,039 - hotel_reservation_app - INFO - Użytkownik admin pomyślnie uwierzytelniony jako administrator.
2025-06-06 17:38:49,039 - hotel_reservation_app - INFO - Wyświetlono główne menu dla roli: administrator
2025-06-06 17:39:13,788 - hotel_reservation_app - INFO - Generowanie raportu obłożenia dla daty: 2025-01-04
2025-06-06 17:39:13,789 - hotel_reservation_app - INFO - Wygenerowano raport obłożenia dla 2025-01-04: 1/3 pokoi zajętych (33.33%).
2025-06-06 17:39:13,789 - hotel_reservation_app - INFO - Wyświetlono tabelę: Szczegóły Obłożenia
2025-06-06 17:41:46,400 - hotel_reservation_app - INFO - Generowanie raportu przychodów od 2025-01-01 do 2025-01-25.
2025-06-06 17:41:46,401 - hotel_reservation_app - INFO - Wygenerowano raport przychodów od 2025-01-01 do 2025-01-25. Całkowity przychód: 0.00 PLN.
2025-06-06 17:45:29,218 - hotel_reservation_app - INFO - RoomService zainicjowany.
2025-06-06 17:45:29,218 - hotel_reservation_app - INFO - GuestService zainicjowany.
2025-06-06 17:45:29,218 - hotel_reservation_app - INFO - HousekeepingService zainicjowany.
2025-06-06 17:45:29,218 - hotel_reservation_app - INFO - DiscountService zainicjowany.
2025-06-06 17:45:29,218 - hotel_reservation_app - INFO - ReservationService zainicjowany.
2025-06-06 17:45:29,219 - hotel_reservation_app - INFO - PaymentService zainicjowany.
2025-06-06 17:45:29,219 - hotel_reservation_app - INFO - ReportService zainicjowany.
2025-06-06 17:45:29,219 - hotel_reservation_app - INFO - UserService zainicjowany.
2025-06-06 17:45:33,481 - hotel_reservation_app - INFO - Użytkownik admin pomyślnie uwierzytelniony jako administrator.
2025-06-06 17:45:33,482 - hotel_reservation_app - INFO - Wyświetlono główne menu dla roli: administrator
2025-06-06 17:45:47,838 - hotel_reservation_app - ERROR - Błąd formatu daty w generate_revenue_report: 2025-01-01, 2025-01-025 - unconverted data remains: 5
2025-06-06 17:45:53,235 - hotel_reservation_app - INFO - RoomService zainicjowany.
2025-06-06 17:45:53,235 - hotel_reservation_app - INFO - GuestService zainicjowany.
2025-06-06 17:45:53,237 - hotel_reservation_app - INFO - HousekeepingService zainicjowany.
2025-06-06 17:45:53,237 - hotel_reservation_app - INFO - DiscountService zainicjowany.
2025-06-06 17:45:53,237 - hotel_reservation_app - INFO - ReservationService zainicjowany.
2025-06-06 17:45:53,237 - hotel_reservation_app - INFO - PaymentService zainicjowany.
2025-06-06 17:45:53,237 - hotel_reservation_app - INFO - ReportService zainicjowany.
2025-06-06 17:45:53,238 - hotel_reservation_app - INFO - UserService zainicjowany.
2025-06-06 17:45:57,220 - hotel_reservation_app - INFO - Użytkownik admin pomyślnie uwierzytelniony jako administrator.
2025-06-06 17:45:57,220 - hotel_reservation_app - INFO - Wyświetlono główne menu dla roli: administrator
2025-06-06 17:46:11,879 - hotel_reservation_app - INFO - Generowanie raportu przychodów od 2025-01-01 do 2025-01-25.
2025-06-06 17:46:11,879 - hotel_reservation_app - INFO - Wygenerowano raport przychodów od 2025-01-01 do 2025-01-25. Całkowity przychód: 0.00 PLN.
2025-06-06 17:46:22,325 - hotel_reservation_app - INFO - Wyświetlono główne menu dla roli: administrator
2025-06-06 17:46:24,381 - hotel_reservation_app - INFO - Użytkownik admin wchodzi do menu zarządzania płatnościami.
2025-06-06 17:46:27,261 - hotel_reservation_app - INFO - Wyświetlono wszystkie płatności.
2025-06-06 17:46:27,261 - hotel_reservation_app - INFO - Wyświetlono tabelę: Wszystkie Płatności
2025-06-06 17:46:39,812 - hotel_reservation_app - INFO - Użytkownik admin opuszcza menu zarządzania płatnościami.
2025-06-06 17:46:39,812 - hotel_reservation_app - INFO - Wyświetlono główne menu dla roli: administrator
2025-06-06 17:46:56,801 - hotel_reservation_app - INFO - Generowanie raportu przychodów od 2025-06-01 do 2025-06-25.
2025-06-06 17:46:56,801 - hotel_reservation_app - INFO - Wygenerowano raport przychodów od 2025-06-01 do 2025-06-25. Całkowity przychód: 2600.00 PLN.
2025-06-06 17:46:56,802 - hotel_reservation_app - INFO - Wyświetlono tabelę: Szczegóły Przychodów
2025-06-06 17:47:34,234 - hotel_reservation_app - INFO - Wygenerowano raport anulowanych rezerwacji dla okresu None-None. Znaleziono 0 anulowanych rezerwacji.
2025-06-06 17:47:40,944 - hotel_reservation_app - INFO - Wyświetlono główne menu dla roli: administrator
2025-06-06 17:47:43,335 - hotel_reservation_app - INFO - Użytkownik admin wchodzi do menu zarządzania rezerwacjami.
2025-06-06 17:47:51,619 - hotel_reservation_app - WARNING - Próba anulowania nieistniejącej rezerwacji: 
2025-06-06 17:47:58,160 - hotel_reservation_app - INFO - Wyświetlono wszystkie rezerwacje.
2025-06-06 17:47:58,160 - hotel_reservation_app - INFO - Wyświetlono tabelę: Wszystkie Rezerwacje
2025-06-06 17:48:13,328 - hotel_reservation_app - INFO - Zmieniono status pokoju 1 na available
2025-06-06 17:48:13,328 - hotel_reservation_app - INFO - Anulowano rezerwację: RES0003
2025-06-06 17:48:16,574 - hotel_reservation_app - INFO - Użytkownik admin opuszcza menu zarządzania rezerwacjami.
2025-06-06 17:48:16,574 - hotel_reservation_app - INFO - Wyświetlono główne menu dla roli: administrator
2025-06-06 17:48:22,138 - hotel_reservation_app - INFO - Wygenerowano raport anulowanych rezerwacji dla okresu None-None. Znaleziono 1 anulowanych rezerwacji.
2025-06-06 17:50:16,792 - hotel_reservation_app - INFO - RoomService zainicjowany.
2025-06-06 17:50:16,792 - hotel_reservation_app - INFO - GuestService zainicjowany.
2025-06-06 17:50:16,794 - hotel_reservation_app - INFO - HousekeepingService zainicjowany.
2025-06-06 17:50:16,794 - hotel_reservation_app - INFO - DiscountService zainicjowany.
2025-06-06 17:50:16,794 - hotel_reservation_app - INFO - ReservationService zainicjowany.
2025-06-06 17:50:16,794 - hotel_reservation_app - INFO - PaymentService zainicjowany.
2025-06-06 17:50:16,794 - hotel_reservation_app - INFO - ReportService zainicjowany.
2025-06-06 17:50:16,795 - hotel_reservation_app - INFO - UserService zainicjowany.
2025-06-06 17:50:22,713 - hotel_reservation_app - INFO - Użytkownik admin pomyślnie uwierzytelniony jako administrator.
2025-06-06 17:50:22,713 - hotel_reservation_app - INFO - Wyświetlono główne menu dla roli: administrator
2025-06-06 17:50:32,498 - hotel_reservation_app - INFO - Wygenerowano raport anulowanych rezerwacji dla okresu -. Znaleziono 1 anulowanych rezerwacji.
2025-06-06 17:50:32,498 - hotel_reservation_app - INFO - Wyświetlono tabelę: Szczegóły Anulowanych Rezerwacji
2025-06-06 17:51:29,753 - hotel_reservation_app - ERROR - Błąd formatu daty w generate_arrivals_departures_report:  - time data '' does not match format '%Y-%m-%d'
2025-06-06 17:51:41,650 - hotel_reservation_app - INFO - Generowanie raportu przyjazdów i wyjazdów dla daty: 2025-01-01
2025-06-06 17:51:41,650 - hotel_reservation_app - INFO - Wygenerowano raport przyjazdów i wyjazdów dla 2025-01-01: 0 przyjazdów, 0 wyjazdów.
2025-06-06 17:52:44,959 - hotel_reservation_app - INFO - RoomService zainicjowany.
2025-06-06 17:52:44,959 - hotel_reservation_app - INFO - GuestService zainicjowany.
2025-06-06 17:52:44,959 - hotel_reservation_app - INFO - HousekeepingService zainicjowany.
2025-06-06 17:52:44,960 - hotel_reservation_app - INFO - DiscountService zainicjowany.
2025-06-06 17:52:44,960 - hotel_reservation_app - INFO - ReservationService zainicjowany.
2025-06-06 17:52:44,960 - hotel_reservation_app - INFO - PaymentService zainicjowany.
2025-06-06 17:52:44,960 - hotel_reservation_app - INFO - ReportService zainicjowany.
2025-06-06 17:52:44,960 - hotel_reservation_app - INFO - UserService zainicjowany.
2025-06-06 17:52:55,661 - hotel_reservation_app - INFO - Użytkownik admin pomyślnie uwierzytelniony jako administrator.
2025-06-06 17:52:55,661 - hotel_reservation_app - INFO - Wyświetlono główne menu dla roli: administrator
2025-06-06 17:53:06,782 - hotel_reservation_app - INFO - Generowanie raportu przyjazdów i wyjazdów dla daty: 2025-01-01
2025-06-06 17:53:06,782 - hotel_reservation_app - INFO - Wygenerowano raport przyjazdów i wyjazdów dla 2025-01-01: 0 przyjazdów, 0 wyjazdów.
2025-06-06 17:53:30,894 - hotel_reservation_app - INFO - Wyświetlono główne menu dla roli: administrator
2025-06-06 17:53:32,644 - hotel_reservation_app - INFO - Użytkownik admin wchodzi do menu zarządzania rezerwacjami.
2025-06-06 17:54:00,103 - hotel_reservation_app - WARNING - Próba utworzenia rezerwacji dla nieistniejącego gościa: 
2025-06-06 17:54:09,735 - hotel_reservation_app - INFO - Wyświetlono wszystkie rezerwacje.
2025-06-06 17:54:09,736 - hotel_reservation_app - INFO - Wyświetlono tabelę: Wszystkie Rezerwacje
2025-06-06 17:54:48,322 - hotel_reservation_app - INFO - Pokój 1 jest dostępny w terminie 2026-01-01 do 2026-01-10.
2025-06-06 17:54:48,322 - hotel_reservation_app - INFO - Znaleziono 1 rabatów spełniających kryteria.
2025-06-06 17:54:48,324 - hotel_reservation_app - INFO - Zmieniono status pokoju 1 na occupied
2025-06-06 17:54:48,324 - hotel_reservation_app - INFO - Poziom lojalności gościa 1 zaktualizowany z Silver na Gold.
2025-06-06 17:54:48,325 - hotel_reservation_app - INFO - Dodano zapis pobytu dla gościa: 1
2025-06-06 17:54:48,325 - hotel_reservation_app - INFO - Utworzono rezerwację RES0004 dla pokoju 1 i gościa 1. Całkowita cena: 2106.00.
2025-06-06 17:54:52,976 - hotel_reservation_app - INFO - Użytkownik admin opuszcza menu zarządzania rezerwacjami.
2025-06-06 17:54:52,976 - hotel_reservation_app - INFO - Wyświetlono główne menu dla roli: administrator
2025-06-06 17:55:07,599 - hotel_reservation_app - INFO - Generowanie raportu przyjazdów i wyjazdów dla daty: 2026-01-01
2025-06-06 17:55:07,600 - hotel_reservation_app - INFO - Wygenerowano raport przyjazdów i wyjazdów dla 2026-01-01: 1 przyjazdów, 0 wyjazdów.
2025-06-06 17:55:07,600 - hotel_reservation_app - INFO - Wyświetlono tabelę: Szczegóły Przyjazdów i Wyjazdów
2025-06-06 17:57:33,630 - hotel_reservation_app - INFO - RoomService zainicjowany.
2025-06-06 17:57:33,630 - hotel_reservation_app - INFO - GuestService zainicjowany.
2025-06-06 17:57:33,630 - hotel_reservation_app - INFO - HousekeepingService zainicjowany.
2025-06-06 17:57:33,630 - hotel_reservation_app - INFO - DiscountService zainicjowany.
2025-06-06 17:57:33,630 - hotel_reservation_app - INFO - ReservationService zainicjowany.
2025-06-06 17:57:33,631 - hotel_reservation_app - INFO - PaymentService zainicjowany.
2025-06-06 17:57:33,631 - hotel_reservation_app - INFO - ReportService zainicjowany.
2025-06-06 17:57:33,631 - hotel_reservation_app - INFO - UserService zainicjowany.
2025-06-06 17:57:45,528 - hotel_reservation_app - INFO - Użytkownik admin pomyślnie uwierzytelniony jako administrator.
2025-06-06 17:57:45,528 - hotel_reservation_app - INFO - Wyświetlono główne menu dla roli: administrator
2025-06-06 18:00:01,335 - hotel_reservation_app - INFO - RoomService zainicjowany.
2025-06-06 18:00:01,335 - hotel_reservation_app - INFO - GuestService zainicjowany.
2025-06-06 18:00:01,336 - hotel_reservation_app - INFO - HousekeepingService zainicjowany.
2025-06-06 18:00:01,336 - hotel_reservation_app - INFO - DiscountService zainicjowany.
2025-06-06 18:00:01,336 - hotel_reservation_app - INFO - ReservationService zainicjowany.
2025-06-06 18:00:01,336 - hotel_reservation_app - INFO - PaymentService zainicjowany.
2025-06-06 18:00:01,336 - hotel_reservation_app - INFO - ReportService zainicjowany.
2025-06-06 18:00:01,336 - hotel_reservation_app - INFO - UserService zainicjowany.
2025-06-06 18:00:06,161 - hotel_reservation_app - INFO - Użytkownik admin pomyślnie uwierzytelniony jako administrator.
2025-06-06 18:00:06,161 - hotel_reservation_app - INFO - Wyświetlono główne menu dla roli: administrator
2025-06-06 18:00:10,087 - hotel_reservation_app - INFO - Generowanie raportu statystyk gości.
2025-06-06 18:00:10,087 - hotel_reservation_app - INFO - Wyświetlono wszystkich gości.
2025-06-06 18:00:10,087 - hotel_reservation_app - INFO - Pomyślnie wygenerowano raport statystyk gości.
2025-06-06 18:00:10,088 - hotel_reservation_app - INFO - Wyświetlono tabelę: Szczegóły Statystyk Gości
2025-06-06 18:01:43,402 - hotel_reservation_app - INFO - RoomService zainicjowany.
2025-06-06 18:01:43,403 - hotel_reservation_app - INFO - GuestService zainicjowany.
2025-06-06 18:01:43,403 - hotel_reservation_app - INFO - HousekeepingService zainicjowany.
2025-06-06 18:01:43,403 - hotel_reservation_app - INFO - DiscountService zainicjowany.
2025-06-06 18:01:43,403 - hotel_reservation_app - INFO - ReservationService zainicjowany.
2025-06-06 18:01:43,403 - hotel_reservation_app - INFO - PaymentService zainicjowany.
2025-06-06 18:01:43,403 - hotel_reservation_app - INFO - ReportService zainicjowany.
2025-06-06 18:01:43,404 - hotel_reservation_app - INFO - UserService zainicjowany.
2025-06-06 18:01:51,003 - hotel_reservation_app - INFO - Użytkownik admin pomyślnie uwierzytelniony jako administrator.
2025-06-06 18:01:51,003 - hotel_reservation_app - INFO - Wyświetlono główne menu dla roli: administrator
2025-06-06 18:02:08,339 - hotel_reservation_app - INFO - Generowanie raportu zadań sprzątania.
2025-06-06 18:02:08,339 - hotel_reservation_app - INFO - Wyświetlono wszystkie zadania sprzątania.
2025-06-06 18:02:08,339 - hotel_reservation_app - INFO - Pomyślnie wygenerowano raport zadań sprzątania.
2025-06-06 18:02:18,247 - hotel_reservation_app - INFO - Generowanie raportu zadań sprzątania.
2025-06-06 18:02:18,247 - hotel_reservation_app - INFO - Wyświetlono wszystkie zadania sprzątania.
2025-06-06 18:02:18,247 - hotel_reservation_app - INFO - Pomyślnie wygenerowano raport zadań sprzątania.
2025-06-06 18:04:29,584 - hotel_reservation_app - INFO - RoomService zainicjowany.
2025-06-06 18:04:29,584 - hotel_reservation_app - INFO - GuestService zainicjowany.
2025-06-06 18:04:29,584 - hotel_reservation_app - INFO - HousekeepingService zainicjowany.
2025-06-06 18:04:29,584 - hotel_reservation_app - INFO - DiscountService zainicjowany.
2025-06-06 18:04:29,585 - hotel_reservation_app - INFO - ReservationService zainicjowany.
2025-06-06 18:04:29,585 - hotel_reservation_app - INFO - PaymentService zainicjowany.
2025-06-06 18:04:29,585 - hotel_reservation_app - INFO - ReportService zainicjowany.
2025-06-06 18:04:29,585 - hotel_reservation_app - INFO - UserService zainicjowany.
2025-06-06 18:04:35,819 - hotel_reservation_app - INFO - Użytkownik admin pomyślnie uwierzytelniony jako administrator.
2025-06-06 18:04:35,819 - hotel_reservation_app - INFO - Wyświetlono główne menu dla roli: administrator
2025-06-06 18:04:41,289 - hotel_reservation_app - INFO - Generowanie raportu zadań sprzątania.
2025-06-06 18:04:41,289 - hotel_reservation_app - INFO - Wyświetlono wszystkie zadania sprzątania.
2025-06-06 18:04:41,289 - hotel_reservation_app - INFO - Pomyślnie wygenerowano raport zadań sprzątania.
2025-06-06 18:04:41,290 - hotel_reservation_app - INFO - Wyświetlono tabelę: Szczegóły Zadań Sprzątania
2025-06-06 18:05:49,357 - hotel_reservation_app - INFO - Generowanie wizualizacji obłożenia pokoi według typu.
2025-06-06 18:06:01,869 - hotel_reservation_app - INFO - Wizualizacja obłożenia pokoi według typu została wygenerowana i wyświetlona.
2025-06-06 18:06:05,383 - hotel_reservation_app - INFO - Wyświetlono główne menu dla roli: administrator
2025-06-06 18:06:12,046 - hotel_reservation_app - INFO - Użytkownik admin wchodzi do menu zarządzania rezerwacjami.
2025-06-06 18:06:13,371 - hotel_reservation_app - INFO - Wyświetlono wszystkie rezerwacje.
2025-06-06 18:06:13,371 - hotel_reservation_app - INFO - Wyświetlono tabelę: Wszystkie Rezerwacje
2025-06-06 18:06:20,345 - hotel_reservation_app - INFO - Użytkownik admin opuszcza menu zarządzania rezerwacjami.
2025-06-06 18:06:20,345 - hotel_reservation_app - INFO - Wyświetlono główne menu dla roli: administrator
2025-06-06 18:06:21,291 - hotel_reservation_app - INFO - Użytkownik admin wchodzi do menu zarządzania pokojami.
2025-06-06 18:06:22,619 - hotel_reservation_app - INFO - Wyświetlono tabelę: Wszystkie Pokoje
2025-06-06 18:06:22,619 - hotel_reservation_app - INFO - Wyświetlono wszystkie pokoje.
2025-06-06 18:07:48,257 - hotel_reservation_app - INFO - Dodano pokój: 4
2025-06-06 18:07:48,257 - hotel_reservation_app - INFO - Dodano nowy pokój: 4
2025-06-06 18:07:52,561 - hotel_reservation_app - INFO - Wyświetlono główne menu dla roli: administrator
2025-06-06 18:07:56,461 - hotel_reservation_app - INFO - Generowanie wizualizacji obłożenia pokoi według typu.
2025-06-06 18:08:10,212 - hotel_reservation_app - INFO - Wizualizacja obłożenia pokoi według typu została wygenerowana i wyświetlona.
2025-06-06 18:10:20,819 - hotel_reservation_app - INFO - Generowanie raportu obłożenia dla daty: 2025-01-04
2025-06-06 18:10:20,820 - hotel_reservation_app - INFO - Wygenerowano raport obłożenia dla 2025-01-04: 1/4 pokoi zajętych (25.00%).
2025-06-06 18:11:34,870 - hotel_reservation_app - INFO - RoomService zainicjowany.
2025-06-06 18:11:34,870 - hotel_reservation_app - INFO - GuestService zainicjowany.
2025-06-06 18:11:34,870 - hotel_reservation_app - INFO - HousekeepingService zainicjowany.
2025-06-06 18:11:34,870 - hotel_reservation_app - INFO - DiscountService zainicjowany.
2025-06-06 18:11:34,871 - hotel_reservation_app - INFO - ReservationService zainicjowany.
2025-06-06 18:11:34,871 - hotel_reservation_app - INFO - PaymentService zainicjowany.
2025-06-06 18:11:34,871 - hotel_reservation_app - INFO - ReportService zainicjowany.
2025-06-06 18:11:34,871 - hotel_reservation_app - INFO - UserService zainicjowany.
2025-06-06 18:11:39,438 - hotel_reservation_app - INFO - Użytkownik admin pomyślnie uwierzytelniony jako administrator.
2025-06-06 18:11:39,438 - hotel_reservation_app - INFO - Wyświetlono główne menu dla roli: administrator
2025-06-06 18:11:57,024 - hotel_reservation_app - INFO - Generowanie raportu obłożenia dla daty: 2025-01-04
2025-06-06 18:11:57,024 - hotel_reservation_app - INFO - Wygenerowano raport obłożenia dla 2025-01-04: 1/4 pokoi zajętych (25.00%).
2025-06-06 18:13:21,248 - hotel_reservation_app - INFO - RoomService zainicjowany.
2025-06-06 18:13:21,249 - hotel_reservation_app - INFO - GuestService zainicjowany.
2025-06-06 18:13:21,249 - hotel_reservation_app - INFO - HousekeepingService zainicjowany.
2025-06-06 18:13:21,249 - hotel_reservation_app - INFO - DiscountService zainicjowany.
2025-06-06 18:13:21,249 - hotel_reservation_app - INFO - ReservationService zainicjowany.
2025-06-06 18:13:21,249 - hotel_reservation_app - INFO - PaymentService zainicjowany.
2025-06-06 18:13:21,249 - hotel_reservation_app - INFO - ReportService zainicjowany.
2025-06-06 18:13:21,250 - hotel_reservation_app - INFO - UserService zainicjowany.
2025-06-06 18:13:26,543 - hotel_reservation_app - INFO - Użytkownik admin pomyślnie uwierzytelniony jako administrator.
2025-06-06 18:13:26,543 - hotel_reservation_app - INFO - Wyświetlono główne menu dla roli: administrator
2025-06-06 18:13:39,425 - hotel_reservation_app - INFO - Generowanie raportu obłożenia dla daty: 2025-01-04
2025-06-06 18:13:39,427 - hotel_reservation_app - INFO - Wygenerowano raport obłożenia dla 2025-01-04: 1/4 pokoi zajętych (25.00%).
2025-06-06 18:13:41,373 - hotel_reservation_app - INFO - Raport został pomyślnie wyeksportowany do pliku raport_oblozenia_2025-01-04.txt
2025-06-06 18:13:59,598 - hotel_reservation_app - INFO - Generowanie raportu obłożenia dla daty: 2025-01-04
2025-06-06 18:13:59,598 - hotel_reservation_app - INFO - Wygenerowano raport obłożenia dla 2025-01-04: 1/4 pokoi zajętych (25.00%).
2025-06-06 18:14:00,819 - hotel_reservation_app - INFO - Dane pomyślnie wyeksportowane do CSV: raport_oblozenia_2025-01-04.csv
2025-06-06 18:14:18,860 - hotel_reservation_app - INFO - Generowanie raportu obłożenia dla daty: 2025-01-04
2025-06-06 18:14:18,861 - hotel_reservation_app - INFO - Wygenerowano raport obłożenia dla 2025-01-04: 1/4 pokoi zajętych (25.00%).
2025-06-06 18:14:20,122 - hotel_reservation_app - ERROR - Błąd zapisu do pliku Excel raport_oblozenia_2025-01-04.xlsx: No module named 'openpyxl'
2025-06-06 18:15:47,002 - hotel_reservation_app - INFO - RoomService zainicjowany.
2025-06-06 18:15:47,002 - hotel_reservation_app - INFO - GuestService zainicjowany.
2025-06-06 18:15:47,003 - hotel_reservation_app - INFO - HousekeepingService zainicjowany.
2025-06-06 18:15:47,003 - hotel_reservation_app - INFO - DiscountService zainicjowany.
2025-06-06 18:15:47,003 - hotel_reservation_app - INFO - ReservationService zainicjowany.
2025-06-06 18:15:47,003 - hotel_reservation_app - INFO - PaymentService zainicjowany.
2025-06-06 18:15:47,003 - hotel_reservation_app - INFO - ReportService zainicjowany.
2025-06-06 18:15:47,004 - hotel_reservation_app - INFO - UserService zainicjowany.
2025-06-06 18:15:51,938 - hotel_reservation_app - INFO - Użytkownik admin pomyślnie uwierzytelniony jako administrator.
2025-06-06 18:15:51,938 - hotel_reservation_app - INFO - Wyświetlono główne menu dla roli: administrator
2025-06-06 18:16:09,700 - hotel_reservation_app - INFO - Generowanie raportu przychodów od 2025-01-04 do 2025-01-09.
2025-06-06 18:16:09,700 - hotel_reservation_app - INFO - Wygenerowano raport przychodów od 2025-01-04 do 2025-01-09. Całkowity przychód: 0.00 PLN.
2025-06-06 18:16:12,032 - hotel_reservation_app - INFO - Raport został pomyślnie wyeksportowany do pliku raport_przychodow_2025-01-04_do_2025-01-09.txt
2025-06-06 18:16:23,786 - hotel_reservation_app - INFO - Wyświetlono główne menu dla roli: administrator
2025-06-06 18:16:27,686 - hotel_reservation_app - INFO - Użytkownik admin wchodzi do menu zarządzania płatnościami.
2025-06-06 18:16:32,858 - hotel_reservation_app - WARNING - Próba wygenerowania faktury dla nieistniejącej rezerwacji: 
2025-06-06 18:16:35,381 - hotel_reservation_app - INFO - Wyświetlono wszystkie płatności.
2025-06-06 18:16:35,382 - hotel_reservation_app - INFO - Wyświetlono tabelę: Wszystkie Płatności
2025-06-06 18:16:42,093 - hotel_reservation_app - INFO - Użytkownik admin opuszcza menu zarządzania płatnościami.
2025-06-06 18:16:42,093 - hotel_reservation_app - INFO - Wyświetlono główne menu dla roli: administrator
2025-06-06 18:17:06,689 - hotel_reservation_app - INFO - Generowanie raportu przychodów od 2025-06-01 do 2025-06-30.
2025-06-06 18:17:06,690 - hotel_reservation_app - INFO - Wygenerowano raport przychodów od 2025-06-01 do 2025-06-30. Całkowity przychód: 2600.00 PLN.
2025-06-06 18:17:13,467 - hotel_reservation_app - INFO - Raport został pomyślnie wyeksportowany do pliku raport_przychodow_2025-06-01_do_2025-06-30.txt
2025-06-06 18:18:49,966 - hotel_reservation_app - INFO - Wygenerowano raport anulowanych rezerwacji dla okresu -. Znaleziono 1 anulowanych rezerwacji.
2025-06-06 18:18:49,966 - hotel_reservation_app - INFO - Wyświetlono tabelę: Szczegóły Anulowanych Rezerwacji
2025-06-06 18:19:12,691 - hotel_reservation_app - INFO - Wygenerowano raport anulowanych rezerwacji dla okresu -. Znaleziono 1 anulowanych rezerwacji.
2025-06-06 18:19:12,692 - hotel_reservation_app - INFO - Wyświetlono tabelę: Szczegóły Anulowanych Rezerwacji
2025-06-06 18:19:15,047 - hotel_reservation_app - INFO - Raport został pomyślnie wyeksportowany do pliku raport_anulowanych_rezerwacji.txt
2025-06-06 18:20:39,683 - hotel_reservation_app - INFO - Generowanie raportu przyjazdów i wyjazdów dla daty: 2025-01-01
2025-06-06 18:20:39,683 - hotel_reservation_app - INFO - Wygenerowano raport przyjazdów i wyjazdów dla 2025-01-01: 0 przyjazdów, 0 wyjazdów.
2025-06-06 18:20:43,026 - hotel_reservation_app - INFO - Raport został pomyślnie wyeksportowany do pliku raport_przyjazdow_wyjazdow_2025-01-01.txt
2025-06-06 18:21:02,425 - hotel_reservation_app - INFO - Wyświetlono główne menu dla roli: administrator
2025-06-06 18:21:11,686 - hotel_reservation_app - INFO - Użytkownik admin wchodzi do menu zarządzania rezerwacjami.
2025-06-06 18:21:13,234 - hotel_reservation_app - INFO - Wyświetlono wszystkie rezerwacje.
2025-06-06 18:21:13,234 - hotel_reservation_app - INFO - Wyświetlono tabelę: Wszystkie Rezerwacje
2025-06-06 18:21:29,758 - hotel_reservation_app - INFO - Użytkownik admin opuszcza menu zarządzania rezerwacjami.
2025-06-06 18:21:29,758 - hotel_reservation_app - INFO - Wyświetlono główne menu dla roli: administrator
2025-06-06 18:21:53,661 - hotel_reservation_app - INFO - Generowanie raportu przyjazdów i wyjazdów dla daty: 2026-01-01
2025-06-06 18:21:53,661 - hotel_reservation_app - INFO - Wygenerowano raport przyjazdów i wyjazdów dla 2026-01-01: 1 przyjazdów, 0 wyjazdów.
2025-06-06 18:21:56,165 - hotel_reservation_app - INFO - Raport został pomyślnie wyeksportowany do pliku raport_przyjazdow_wyjazdow_2026-01-01.txt
2025-06-06 18:22:43,352 - hotel_reservation_app - INFO - Generowanie raportu statystyk gości.
2025-06-06 18:22:43,352 - hotel_reservation_app - INFO - Wyświetlono wszystkich gości.
2025-06-06 18:22:43,352 - hotel_reservation_app - INFO - Pomyślnie wygenerowano raport statystyk gości.
2025-06-06 18:22:43,353 - hotel_reservation_app - INFO - Wyświetlono tabelę: Szczegóły Statystyk Gości
2025-06-06 18:22:46,484 - hotel_reservation_app - INFO - Raport został pomyślnie wyeksportowany do pliku raport_statystyk_gosci.txt
2025-06-06 18:23:11,837 - hotel_reservation_app - INFO - Generowanie raportu zadań sprzątania.
2025-06-06 18:23:11,837 - hotel_reservation_app - INFO - Wyświetlono wszystkie zadania sprzątania.
2025-06-06 18:23:11,837 - hotel_reservation_app - INFO - Pomyślnie wygenerowano raport zadań sprzątania.
2025-06-06 18:23:11,838 - hotel_reservation_app - INFO - Wyświetlono tabelę: Szczegóły Zadań Sprzątania
2025-06-06 18:23:14,159 - hotel_reservation_app - INFO - Raport został pomyślnie wyeksportowany do pliku raport_sprzatania.txt
2025-06-07 18:40:36,886 - hotel_reservation_app - INFO - RoomService zainicjowany.
2025-06-07 18:40:36,886 - hotel_reservation_app - INFO - GuestService zainicjowany.
2025-06-07 18:40:36,886 - hotel_reservation_app - INFO - HousekeepingService zainicjowany.
2025-06-07 18:40:36,886 - hotel_reservation_app - INFO - DiscountService zainicjowany.
2025-06-07 18:40:36,887 - hotel_reservation_app - INFO - ReservationService zainicjowany.
2025-06-07 18:40:36,887 - hotel_reservation_app - INFO - PaymentService zainicjowany.
2025-06-07 18:40:36,887 - hotel_reservation_app - INFO - ReportService zainicjowany.
2025-06-07 18:40:36,887 - hotel_reservation_app - INFO - UserService zainicjowany.
2025-06-08 15:58:54,828 - hotel_reservation_app - INFO - RoomService zainicjowany.
2025-06-08 15:58:54,828 - hotel_reservation_app - INFO - GuestService zainicjowany.
2025-06-08 15:58:54,828 - hotel_reservation_app - INFO - HousekeepingService zainicjowany.
2025-06-08 15:58:54,829 - hotel_reservation_app - INFO - DiscountService zainicjowany.
2025-06-08 15:58:54,829 - hotel_reservation_app - INFO - ReservationService zainicjowany.
2025-06-08 15:58:54,829 - hotel_reservation_app - INFO - PaymentService zainicjowany.
2025-06-08 15:58:54,829 - hotel_reservation_app - INFO - ReportService zainicjowany.
2025-06-08 15:58:54,829 - hotel_reservation_app - INFO - UserService zainicjowany.
2025-06-08 16:14:41,229 - hotel_reservation_app - INFO - RoomService zainicjowany.
2025-06-08 16:14:41,229 - hotel_reservation_app - INFO - GuestService zainicjowany.
2025-06-08 16:14:41,229 - hotel_reservation_app - INFO - HousekeepingService zainicjowany.
2025-06-08 16:14:41,229 - hotel_reservation_app - INFO - DiscountService zainicjowany.
2025-06-08 16:14:41,229 - hotel_reservation_app - INFO - ReservationService zainicjowany.
2025-06-08 16:14:41,230 - hotel_reservation_app - INFO - PaymentService zainicjowany.
2025-06-08 16:14:41,230 - hotel_reservation_app - INFO - ReportService zainicjowany.
2025-06-08 16:14:41,230 - hotel_reservation_app - INFO - UserService zainicjowany.
2025-06-08 16:14:45,779 - hotel_reservation_app - INFO - Użytkownik admin pomyślnie uwierzytelniony jako administrator.
2025-06-08 16:14:45,779 - hotel_reservation_app - INFO - Wyświetlono główne menu dla roli: administrator
2025-06-08 16:14:51,387 - hotel_reservation_app - INFO - Użytkownik admin wchodzi do menu zarządzania pokojami.
2025-06-08 16:14:53,215 - hotel_reservation_app - INFO - Wyświetlono tabelę: Wszystkie Pokoje
2025-06-08 16:14:53,216 - hotel_reservation_app - INFO - Wyświetlono wszystkie pokoje.
2025-06-08 16:15:24,132 - hotel_reservation_app - INFO - Dodano pokój: 5
2025-06-08 16:15:24,133 - hotel_reservation_app - INFO - Dodano nowy pokój: 5
2025-06-08 16:15:27,707 - hotel_reservation_app - INFO - Wyświetlono tabelę: Wszystkie Pokoje
2025-06-08 16:15:27,708 - hotel_reservation_app - INFO - Wyświetlono wszystkie pokoje.
2025-06-08 16:16:09,251 - hotel_reservation_app - INFO - Posortowano pokoje według number (odwrócone: True).
2025-06-08 16:16:09,251 - hotel_reservation_app - INFO - Wyświetlono tabelę: Posortowane Pokoje
2025-06-08 16:16:12,754 - hotel_reservation_app - INFO - Wyświetlono tabelę: Wszystkie Pokoje
2025-06-08 16:16:12,755 - hotel_reservation_app - INFO - Wyświetlono wszystkie pokoje.
2025-06-08 16:16:49,744 - hotel_reservation_app - INFO - Zmieniono status pokoju 5 na out of service
2025-06-08 16:16:49,744 - hotel_reservation_app - INFO - Próba zmiany statusu pokoju 5 na out of service
2025-06-08 16:16:50,870 - hotel_reservation_app - INFO - Wyświetlono tabelę: Wszystkie Pokoje
2025-06-08 16:16:50,872 - hotel_reservation_app - INFO - Wyświetlono wszystkie pokoje.
2025-06-08 16:17:26,975 - hotel_reservation_app - INFO - Znaleziono 2 dostępnych pokoi.
2025-06-08 16:17:26,975 - hotel_reservation_app - INFO - Wyświetlono tabelę: Dostępne Pokoje
2025-06-08 16:17:26,976 - hotel_reservation_app - INFO - Wyświetlono dostępne pokoje.
2025-06-08 16:17:49,356 - hotel_reservation_app - INFO - Posortowano pokoje według room_type (odwrócone: True).
2025-06-08 16:17:49,356 - hotel_reservation_app - INFO - Wyświetlono tabelę: Posortowane Pokoje
2025-06-08 16:18:13,558 - hotel_reservation_app - INFO - Brak pokoi spełniających kryteria wyszukiwania (typ: apartament, cena: 100.0-300.0, udogodnienie: None, status: None).
2025-06-08 16:18:13,558 - hotel_reservation_app - INFO - Wyświetlono pustą tabelę dla: Znalezione Pokoje.
2025-06-08 16:18:13,559 - hotel_reservation_app - INFO - Wykonano wyszukiwanie pokoi.
2025-06-08 16:18:36,121 - hotel_reservation_app - INFO - Brak pokoi spełniających kryteria wyszukiwania (typ: pojedynczy, cena: None-None, udogodnienie: None, status: None).
2025-06-08 16:18:36,122 - hotel_reservation_app - INFO - Wyświetlono pustą tabelę dla: Znalezione Pokoje.
2025-06-08 16:18:36,122 - hotel_reservation_app - INFO - Wykonano wyszukiwanie pokoi.
2025-06-08 16:18:55,216 - hotel_reservation_app - INFO - Znaleziono 4 pokoi spełniających kryteria wyszukiwania (typ: podwójny, cena: 100.0-None, udogodnienie: None, status: None).
2025-06-08 16:18:55,216 - hotel_reservation_app - INFO - Wyświetlono tabelę: Znalezione Pokoje
2025-06-08 16:18:55,217 - hotel_reservation_app - INFO - Wykonano wyszukiwanie pokoi.
2025-06-08 16:19:47,027 - hotel_reservation_app - INFO - Wyświetlono główne menu dla roli: administrator
2025-06-08 16:21:07,533 - hotel_reservation_app - INFO - Użytkownik admin wchodzi do menu zarządzania gośćmi.
2025-06-08 16:21:10,986 - hotel_reservation_app - INFO - Wyświetlono wszystkich gości.
2025-06-08 16:21:10,987 - hotel_reservation_app - INFO - Wyświetlono tabelę: Wszyscy Goście
2025-06-08 16:21:24,926 - hotel_reservation_app - INFO - Usunięto gościa: 5
2025-06-08 16:21:27,372 - hotel_reservation_app - INFO - Wyświetlono wszystkich gości.
2025-06-08 16:21:27,372 - hotel_reservation_app - INFO - Wyświetlono tabelę: Wszyscy Goście
2025-06-08 16:39:15,927 - hotel_reservation_app - INFO - RoomService zainicjowany.
2025-06-08 16:39:15,928 - hotel_reservation_app - INFO - GuestService zainicjowany.
2025-06-08 16:39:15,928 - hotel_reservation_app - INFO - HousekeepingService zainicjowany.
2025-06-08 16:39:15,928 - hotel_reservation_app - INFO - DiscountService zainicjowany.
2025-06-08 16:39:15,928 - hotel_reservation_app - INFO - ReservationService zainicjowany.
2025-06-08 16:39:15,928 - hotel_reservation_app - INFO - PaymentService zainicjowany.
2025-06-08 16:39:15,929 - hotel_reservation_app - INFO - ReportService zainicjowany.
2025-06-08 16:39:15,929 - hotel_reservation_app - INFO - UserService zainicjowany.
2025-06-08 16:39:22,444 - hotel_reservation_app - INFO - Użytkownik admin pomyślnie uwierzytelniony jako administrator.
2025-06-08 16:39:22,445 - hotel_reservation_app - INFO - Wyświetlono główne menu dla roli: administrator
2025-06-08 16:41:09,312 - hotel_reservation_app - INFO - Użytkownik admin wchodzi do menu zarządzania pokojami.
2025-06-08 16:41:10,197 - hotel_reservation_app - INFO - Wyświetlono tabelę: Wszystkie Pokoje
2025-06-08 16:41:10,198 - hotel_reservation_app - INFO - Wyświetlono wszystkie pokoje.
2025-06-08 16:41:27,538 - hotel_reservation_app - INFO - Dodano pokój: 6
2025-06-08 16:41:27,538 - hotel_reservation_app - INFO - Dodano nowy pokój: 6
2025-06-08 16:41:29,462 - hotel_reservation_app - INFO - Wyświetlono tabelę: Wszystkie Pokoje
2025-06-08 16:41:29,463 - hotel_reservation_app - INFO - Wyświetlono wszystkie pokoje.
2025-06-08 16:43:57,517 - hotel_reservation_app - INFO - Wyświetlono główne menu dla roli: administrator
2025-06-08 18:33:53,629 - hotel_reservation_app - INFO - RoomService zainicjowany.
2025-06-08 18:33:53,629 - hotel_reservation_app - INFO - GuestService zainicjowany.
2025-06-08 18:33:53,630 - hotel_reservation_app - INFO - HousekeepingService zainicjowany.
2025-06-08 18:33:53,630 - hotel_reservation_app - INFO - DiscountService zainicjowany.
2025-06-08 18:33:53,630 - hotel_reservation_app - INFO - ReservationService zainicjowany.
2025-06-08 18:33:53,630 - hotel_reservation_app - INFO - PaymentService zainicjowany.
2025-06-08 18:33:53,630 - hotel_reservation_app - INFO - ReportService zainicjowany.
2025-06-08 18:33:53,631 - hotel_reservation_app - INFO - UserService zainicjowany.
2025-06-09 08:51:05,947 - hotel_reservation_app - INFO - RoomService zainicjowany.
2025-06-09 08:51:05,948 - hotel_reservation_app - INFO - GuestService zainicjowany.
2025-06-09 08:51:05,948 - hotel_reservation_app - INFO - HousekeepingService zainicjowany.
2025-06-09 08:51:05,948 - hotel_reservation_app - INFO - DiscountService zainicjowany.
2025-06-09 08:51:05,948 - hotel_reservation_app - INFO - ReservationService zainicjowany.
2025-06-09 08:51:05,948 - hotel_reservation_app - INFO - PaymentService zainicjowany.
2025-06-09 08:51:05,949 - hotel_reservation_app - INFO - ReportService zainicjowany.
2025-06-09 08:51:05,949 - hotel_reservation_app - INFO - UserService zainicjowany.
2025-06-09 08:51:12,362 - hotel_reservation_app - INFO - Użytkownik admin pomyślnie uwierzytelniony jako administrator.
2025-06-09 08:51:12,362 - hotel_reservation_app - INFO - Wyświetlono główne menu dla roli: administrator
2025-06-09 08:51:18,777 - hotel_reservation_app - INFO - Użytkownik admin wchodzi do menu zarządzania pokojami.
2025-06-09 08:51:20,592 - hotel_reservation_app - INFO - Wyświetlono tabelę: Wszystkie Pokoje
2025-06-09 08:51:20,593 - hotel_reservation_app - INFO - Wyświetlono wszystkie pokoje.
2025-06-09 08:51:57,440 - hotel_reservation_app - INFO - Zmieniono status pokoju 2 na available
2025-06-09 08:51:57,440 - hotel_reservation_app - INFO - Próba zmiany statusu pokoju 2 na available
2025-06-09 08:51:58,551 - hotel_reservation_app - INFO - Wyświetlono tabelę: Wszystkie Pokoje
2025-06-09 08:51:58,552 - hotel_reservation_app - INFO - Wyświetlono wszystkie pokoje.
2025-06-09 08:52:08,320 - hotel_reservation_app - INFO - Wyświetlono główne menu dla roli: administrator
2025-06-09 08:52:09,762 - hotel_reservation_app - INFO - Użytkownik admin wchodzi do menu zarządzania gośćmi.
2025-06-09 08:52:10,745 - hotel_reservation_app - INFO - Wyświetlono wszystkich gości.
2025-06-09 08:52:10,745 - hotel_reservation_app - INFO - Wyświetlono tabelę: Wszyscy Goście
2025-06-09 08:52:23,296 - hotel_reservation_app - INFO - Użytkownik admin opuszcza menu zarządzania gośćmi.
2025-06-09 08:52:23,296 - hotel_reservation_app - INFO - Wyświetlono główne menu dla roli: administrator
2025-06-09 08:52:25,802 - hotel_reservation_app - INFO - Użytkownik admin wchodzi do menu zarządzania rezerwacjami.
2025-06-09 08:52:26,715 - hotel_reservation_app - INFO - Wyświetlono wszystkie rezerwacje.
2025-06-09 08:52:26,715 - hotel_reservation_app - INFO - Wyświetlono tabelę: Wszystkie Rezerwacje
2025-06-09 08:52:34,475 - hotel_reservation_app - INFO - Użytkownik admin opuszcza menu zarządzania rezerwacjami.
2025-06-09 08:52:34,475 - hotel_reservation_app - INFO - Wyświetlono główne menu dla roli: administrator
2025-06-09 08:52:36,291 - hotel_reservation_app - INFO - Użytkownik admin wchodzi do menu zarządzania sprzątaniem.
2025-06-09 08:52:41,070 - hotel_reservation_app - WARNING - Nieprawidłowy wybór w menu sprzątania: 
2025-06-09 08:52:44,551 - hotel_reservation_app - INFO - Wyświetlono wszystkie zadania sprzątania.
2025-06-09 08:52:44,551 - hotel_reservation_app - INFO - Wyświetlono tabelę: Wszystkie Zadania Sprzątania
2025-06-09 08:52:54,591 - hotel_reservation_app - INFO - Użytkownik admin opuszcza menu zarządzania sprzątaniem.
2025-06-09 08:52:54,591 - hotel_reservation_app - INFO - Wyświetlono główne menu dla roli: administrator
2025-06-09 08:52:59,673 - hotel_reservation_app - INFO - Wyświetlono tabelę: Wszystkie Rabaty
2025-06-09 08:53:14,546 - hotel_reservation_app - INFO - Wyświetlono główne menu dla roli: administrator
2025-06-09 08:53:18,067 - hotel_reservation_app - INFO - Wyświetlono tabelę: Wszyscy Użytkownicy
2025-06-10 20:17:51,522 - hotel_reservation_app - INFO - RoomService zainicjowany.
2025-06-10 20:17:51,522 - hotel_reservation_app - INFO - GuestService zainicjowany.
2025-06-10 20:17:51,523 - hotel_reservation_app - INFO - HousekeepingService zainicjowany.
2025-06-10 20:17:51,523 - hotel_reservation_app - INFO - DiscountService zainicjowany.
2025-06-10 20:17:51,523 - hotel_reservation_app - INFO - ReservationService zainicjowany.
2025-06-10 20:17:51,523 - hotel_reservation_app - INFO - PaymentService zainicjowany.
2025-06-10 20:17:51,523 - hotel_reservation_app - INFO - ReportService zainicjowany.
2025-06-10 20:17:51,524 - hotel_reservation_app - INFO - UserService zainicjowany.
2025-06-10 20:17:56,411 - hotel_reservation_app - INFO - Użytkownik admin pomyślnie uwierzytelniony jako administrator.
2025-06-10 20:17:56,411 - hotel_reservation_app - INFO - Wyświetlono główne menu dla roli: administrator
2025-06-10 20:19:25,888 - hotel_reservation_app - INFO - Użytkownik admin wchodzi do menu zarządzania pokojami.
2025-06-10 20:19:30,850 - hotel_reservation_app - INFO - Wyświetlono główne menu dla roli: administrator
2025-06-12 21:17:53,794 - hotel_reservation_app - INFO - RoomService zainicjowany.
2025-06-12 21:17:53,794 - hotel_reservation_app - INFO - GuestService zainicjowany.
2025-06-12 21:17:53,794 - hotel_reservation_app - INFO - HousekeepingService zainicjowany.
2025-06-12 21:17:53,794 - hotel_reservation_app - INFO - DiscountService zainicjowany.
2025-06-12 21:17:53,794 - hotel_reservation_app - INFO - ReservationService zainicjowany.
2025-06-12 21:17:53,795 - hotel_reservation_app - INFO - PaymentService zainicjowany.
2025-06-12 21:17:53,795 - hotel_reservation_app - INFO - ReportService zainicjowany.
2025-06-12 21:17:53,795 - hotel_reservation_app - INFO - UserService zainicjowany.
2025-06-12 21:17:59,451 - hotel_reservation_app - INFO - Użytkownik admin pomyślnie uwierzytelniony jako administrator.
2025-06-12 21:17:59,451 - hotel_reservation_app - INFO - Wyświetlono główne menu dla roli: administrator
2025-06-12 22:39:09,069 - hotel_reservation_app - INFO - RoomService zainicjowany.
2025-06-12 22:39:09,069 - hotel_reservation_app - INFO - GuestService zainicjowany.
2025-06-12 22:39:09,069 - hotel_reservation_app - INFO - HousekeepingService zainicjowany.
2025-06-12 22:39:09,070 - hotel_reservation_app - INFO - DiscountService zainicjowany.
2025-06-12 22:39:09,070 - hotel_reservation_app - INFO - ReservationService zainicjowany.
2025-06-12 22:39:09,070 - hotel_reservation_app - INFO - PaymentService zainicjowany.
2025-06-12 22:39:09,070 - hotel_reservation_app - INFO - ReportService zainicjowany.
2025-06-12 22:39:09,070 - hotel_reservation_app - INFO - UserService zainicjowany.
2025-06-12 22:45:14,690 - hotel_reservation_app - INFO - Użytkownik admin pomyślnie uwierzytelniony jako administrator.
2025-06-12 22:45:14,691 - hotel_reservation_app - INFO - Wyświetlono główne menu dla roli: administrator
2025-06-12 22:45:26,695 - hotel_reservation_app - INFO - Użytkownik admin wchodzi do menu zarządzania pokojami.
2025-06-12 22:45:27,802 - hotel_reservation_app - INFO - Wyświetlono tabelę: Wszystkie Pokoje
2025-06-12 22:45:27,803 - hotel_reservation_app - INFO - Wyświetlono wszystkie pokoje.
2025-06-12 22:45:50,011 - hotel_reservation_app - INFO - Dodano pokój: 7
2025-06-12 22:45:50,011 - hotel_reservation_app - INFO - Dodano nowy pokój: 7
2025-06-12 22:46:01,259 - hotel_reservation_app - INFO - Wyświetlono tabelę: Wszystkie Pokoje
2025-06-12 22:46:01,261 - hotel_reservation_app - INFO - Wyświetlono wszystkie pokoje.
2025-06-12 22:46:15,504 - hotel_reservation_app - INFO - Wyświetlono tabelę: Wszystkie Pokoje
2025-06-12 22:46:15,506 - hotel_reservation_app - INFO - Wyświetlono wszystkie pokoje.
2025-06-12 22:46:21,972 - hotel_reservation_app - INFO - RoomService zainicjowany.
2025-06-12 22:46:21,974 - hotel_reservation_app - INFO - GuestService zainicjowany.
2025-06-12 22:46:21,974 - hotel_reservation_app - INFO - HousekeepingService zainicjowany.
2025-06-12 22:46:21,974 - hotel_reservation_app - INFO - DiscountService zainicjowany.
2025-06-12 22:46:21,974 - hotel_reservation_app - INFO - ReservationService zainicjowany.
2025-06-12 22:46:21,974 - hotel_reservation_app - INFO - PaymentService zainicjowany.
2025-06-12 22:46:21,975 - hotel_reservation_app - INFO - ReportService zainicjowany.
2025-06-12 22:46:21,975 - hotel_reservation_app - INFO - UserService zainicjowany.
2025-06-12 22:46:25,594 - hotel_reservation_app - INFO - Użytkownik admin pomyślnie uwierzytelniony jako administrator.
2025-06-12 22:46:25,594 - hotel_reservation_app - INFO - Wyświetlono główne menu dla roli: administrator
2025-06-12 22:46:26,458 - hotel_reservation_app - INFO - Użytkownik admin wchodzi do menu zarządzania pokojami.
2025-06-12 22:46:27,268 - hotel_reservation_app - INFO - Wyświetlono tabelę: Wszystkie Pokoje
2025-06-12 22:46:27,270 - hotel_reservation_app - INFO - Wyświetlono wszystkie pokoje.
2025-06-12 22:46:51,159 - hotel_reservation_app - INFO - Wyświetlono główne menu dla roli: administrator
2025-06-12 22:48:57,651 - hotel_reservation_app - INFO - RoomService zainicjowany.
2025-06-12 22:48:57,652 - hotel_reservation_app - INFO - GuestService zainicjowany.
2025-06-12 22:48:57,652 - hotel_reservation_app - INFO - HousekeepingService zainicjowany.
2025-06-12 22:48:57,652 - hotel_reservation_app - INFO - DiscountService zainicjowany.
2025-06-12 22:48:57,653 - hotel_reservation_app - INFO - ReservationService zainicjowany.
2025-06-12 22:48:57,653 - hotel_reservation_app - INFO - PaymentService zainicjowany.
2025-06-12 22:48:57,654 - hotel_reservation_app - INFO - ReportService zainicjowany.
2025-06-12 22:48:57,654 - hotel_reservation_app - INFO - UserService zainicjowany.
2025-06-12 22:49:02,995 - hotel_reservation_app - INFO - Użytkownik admin pomyślnie uwierzytelniony jako administrator.
2025-06-12 22:49:02,995 - hotel_reservation_app - INFO - Wyświetlono główne menu dla roli: administrator
2025-06-12 22:49:04,232 - hotel_reservation_app - INFO - Użytkownik admin wchodzi do menu zarządzania pokojami.
2025-06-12 22:51:38,741 - hotel_reservation_app - INFO - RoomService zainicjowany.
2025-06-12 22:51:38,741 - hotel_reservation_app - INFO - GuestService zainicjowany.
2025-06-12 22:51:38,742 - hotel_reservation_app - INFO - HousekeepingService zainicjowany.
2025-06-12 22:51:38,742 - hotel_reservation_app - INFO - DiscountService zainicjowany.
2025-06-12 22:51:38,742 - hotel_reservation_app - INFO - ReservationService zainicjowany.
2025-06-12 22:51:38,742 - hotel_reservation_app - INFO - PaymentService zainicjowany.
2025-06-12 22:51:38,742 - hotel_reservation_app - INFO - ReportService zainicjowany.
2025-06-12 22:51:38,742 - hotel_reservation_app - INFO - UserService zainicjowany.
2025-06-12 22:51:46,234 - hotel_reservation_app - INFO - Użytkownik admin pomyślnie uwierzytelniony jako administrator.
2025-06-12 22:51:46,235 - hotel_reservation_app - INFO - Wyświetlono główne menu dla roli: administrator
2025-06-12 22:53:25,350 - hotel_reservation_app - INFO - Użytkownik admin wchodzi do menu zarządzania pokojami.
2025-06-12 22:53:32,469 - hotel_reservation_app - INFO - Dodano pokój: 7
2025-06-12 22:53:32,469 - hotel_reservation_app - INFO - Dodano nowy pokój: 7
2025-06-12 22:53:34,210 - hotel_reservation_app - INFO - Wyświetlono tabelę: Wszystkie Pokoje
2025-06-12 22:53:34,212 - hotel_reservation_app - INFO - Wyświetlono wszystkie pokoje.
2025-06-12 22:53:47,304 - hotel_reservation_app - INFO - Zaktualizowano pokój: 2 z danymi: {'floor': 2}
2025-06-12 22:53:47,304 - hotel_reservation_app - INFO - Zaktualizowano pokój: 2
2025-06-12 22:53:48,181 - hotel_reservation_app - INFO - Wyświetlono tabelę: Wszystkie Pokoje
2025-06-12 22:53:48,182 - hotel_reservation_app - INFO - Wyświetlono wszystkie pokoje.
2025-06-12 22:53:55,573 - hotel_reservation_app - INFO - Usunięto pokój: 6
2025-06-12 22:53:55,574 - hotel_reservation_app - INFO - Próba usunięcia pokoju: 6
2025-06-12 22:53:57,840 - hotel_reservation_app - INFO - Wyświetlono tabelę: Wszystkie Pokoje
2025-06-12 22:53:57,841 - hotel_reservation_app - INFO - Wyświetlono wszystkie pokoje.
2025-06-12 22:54:01,841 - hotel_reservation_app - INFO - Znaleziono 4 dostępnych pokoi.
2025-06-12 22:54:01,841 - hotel_reservation_app - INFO - Wyświetlono tabelę: Dostępne Pokoje
2025-06-12 22:54:01,842 - hotel_reservation_app - INFO - Wyświetlono dostępne pokoje.
2025-06-12 22:54:15,835 - hotel_reservation_app - INFO - Znaleziono 5 pokoi spełniających kryteria wyszukiwania (typ: podwójny, cena: None-None, udogodnienie: None, status: None).
2025-06-12 22:54:15,836 - hotel_reservation_app - INFO - Wyświetlono tabelę: Znalezione Pokoje
2025-06-12 22:54:15,836 - hotel_reservation_app - INFO - Wykonano wyszukiwanie pokoi.
2025-06-12 22:54:26,610 - hotel_reservation_app - INFO - Posortowano pokoje według number (odwrócone: True).
2025-06-12 22:54:26,611 - hotel_reservation_app - INFO - Wyświetlono tabelę: Posortowane Pokoje
2025-06-12 22:55:10,022 - hotel_reservation_app - INFO - Posortowano pokoje według floor (odwrócone: False).
2025-06-12 22:55:10,022 - hotel_reservation_app - INFO - Wyświetlono tabelę: Posortowane Pokoje
2025-06-12 22:55:18,922 - hotel_reservation_app - INFO - Wyświetlono główne menu dla roli: administrator
2025-06-12 22:55:21,132 - hotel_reservation_app - INFO - Użytkownik admin wchodzi do menu zarządzania gośćmi.
2025-06-12 22:55:23,655 - hotel_reservation_app - INFO - Wyświetlono wszystkich gości.
2025-06-12 22:55:23,655 - hotel_reservation_app - INFO - Wyświetlono tabelę: Wszyscy Goście
2025-06-12 22:56:00,053 - hotel_reservation_app - INFO - Dodano gościa: 3 - Zuzia Nowak
2025-06-12 22:56:02,026 - hotel_reservation_app - INFO - Wyświetlono wszystkich gości.
2025-06-12 22:56:02,026 - hotel_reservation_app - INFO - Wyświetlono tabelę: Wszyscy Goście
2025-06-12 22:56:31,905 - hotel_reservation_app - INFO - Zaktualizowano gościa: 3 z danymi: {'contact_info': {'phone': '123321123', 'email': 'zuzia@gmail.com'}}
2025-06-12 22:56:33,631 - hotel_reservation_app - INFO - Wyświetlono wszystkich gości.
2025-06-12 22:56:33,631 - hotel_reservation_app - INFO - Wyświetlono tabelę: Wszyscy Goście
2025-06-12 22:56:45,581 - hotel_reservation_app - INFO - Usunięto gościa: 2
2025-06-12 22:56:47,185 - hotel_reservation_app - INFO - Wyświetlono wszystkich gości.
2025-06-12 22:56:47,186 - hotel_reservation_app - INFO - Wyświetlono tabelę: Wszyscy Goście
2025-06-12 22:57:07,522 - hotel_reservation_app - INFO - Poziom lojalności gościa 3 zaktualizowany z Bronze na Silver.
2025-06-12 22:57:07,523 - hotel_reservation_app - INFO - Dodano zapis pobytu dla gościa: 3
2025-06-12 22:57:13,494 - hotel_reservation_app - WARNING - Nie można zaktualizować poziomu lojalności. Gość 2 nie znaleziono.
2025-06-12 22:57:20,115 - hotel_reservation_app - INFO - Wyświetlono wszystkich gości.
2025-06-12 22:57:20,115 - hotel_reservation_app - INFO - Wyświetlono tabelę: Wszyscy Goście
2025-06-12 22:57:36,393 - hotel_reservation_app - INFO - Znaleziono 1 gości spełniających kryteria wyszukiwania (ID: None, Imię: None, Nazwisko: None, VIP: True, Lojalny: None, Poziom: None, Kontakt: None).
2025-06-12 22:57:36,394 - hotel_reservation_app - INFO - Wyświetlono tabelę: Znalezione Goście
2025-06-12 22:57:46,746 - hotel_reservation_app - INFO - Wyświetlono wszystkich gości.
2025-06-12 22:57:46,746 - hotel_reservation_app - INFO - Posortowano gości według guest_id (odwrócone: False).
2025-06-12 22:57:46,746 - hotel_reservation_app - INFO - Wyświetlono tabelę: Posortowani Goście według guest_id
2025-06-12 22:57:46,792 - hotel_reservation_app - WARNING - Nieprawidłowy wybór w menu gości: 
2025-06-12 22:58:09,803 - hotel_reservation_app - INFO - Użytkownik admin opuszcza menu zarządzania gośćmi.
2025-06-12 22:58:09,804 - hotel_reservation_app - INFO - Wyświetlono główne menu dla roli: administrator
2025-06-12 22:58:11,255 - hotel_reservation_app - INFO - Użytkownik admin wchodzi do menu zarządzania rezerwacjami.
2025-06-12 22:58:12,461 - hotel_reservation_app - INFO - Wyświetlono wszystkie rezerwacje.
2025-06-12 22:58:12,461 - hotel_reservation_app - INFO - Wyświetlono tabelę: Wszystkie Rezerwacje
2025-06-12 23:01:46,454 - hotel_reservation_app - INFO - Pokój 2 jest dostępny w terminie 2025-05-05 do 2025-05-12.
2025-06-12 23:01:46,454 - hotel_reservation_app - INFO - Znaleziono 1 rabatów spełniających kryteria.
2025-06-12 23:01:46,456 - hotel_reservation_app - INFO - Zmieniono status pokoju 2 na occupied
2025-06-12 23:01:46,457 - hotel_reservation_app - INFO - Dodano zapis pobytu dla gościa: 1
2025-06-12 23:01:46,457 - hotel_reservation_app - INFO - Utworzono rezerwację RES0005 dla pokoju 2 i gościa 1. Całkowita cena: 2240.00.
2025-06-12 23:01:49,513 - hotel_reservation_app - INFO - Wyświetlono wszystkie rezerwacje.
2025-06-12 23:01:49,513 - hotel_reservation_app - INFO - Wyświetlono tabelę: Wszystkie Rezerwacje
2025-06-12 23:02:48,085 - hotel_reservation_app - INFO - Zmieniono status pokoju 2 na available
2025-06-12 23:02:48,085 - hotel_reservation_app - INFO - Anulowano rezerwację: RES0005
2025-06-12 23:02:51,420 - hotel_reservation_app - INFO - Wyświetlono wszystkie rezerwacje.
2025-06-12 23:02:51,420 - hotel_reservation_app - INFO - Wyświetlono tabelę: Wszystkie Rezerwacje
2025-06-12 23:03:07,693 - hotel_reservation_app - WARNING - Próba zameldowania dla nieistniejącej rezerwacji: 
2025-06-12 23:03:16,181 - hotel_reservation_app - INFO - Użytkownik admin opuszcza menu zarządzania rezerwacjami.
2025-06-12 23:03:16,181 - hotel_reservation_app - INFO - Wyświetlono główne menu dla roli: administrator
2025-06-13 11:40:18,276 - hotel_reservation_app - INFO - RoomService zainicjowany.
2025-06-13 11:40:18,279 - hotel_reservation_app - INFO - GuestService zainicjowany.
2025-06-13 11:40:18,282 - hotel_reservation_app - INFO - HousekeepingService zainicjowany.
2025-06-13 11:40:18,284 - hotel_reservation_app - INFO - DiscountService zainicjowany.
2025-06-13 11:40:18,288 - hotel_reservation_app - INFO - ReservationService zainicjowany.
2025-06-13 11:40:18,295 - hotel_reservation_app - INFO - PaymentService zainicjowany.
2025-06-13 11:40:18,295 - hotel_reservation_app - INFO - ReportService zainicjowany.
2025-06-13 11:40:18,297 - hotel_reservation_app - INFO - UserService zainicjowany.
2025-06-13 11:41:18,238 - hotel_reservation_app - WARNING - Nieudana próba uwierzytelnienia dla użytkownika: admin]
2025-06-13 11:41:24,485 - hotel_reservation_app - INFO - Użytkownik admin pomyślnie uwierzytelniony jako administrator.
2025-06-13 11:41:24,485 - hotel_reservation_app - INFO - Wyświetlono główne menu dla roli: administrator
2025-06-13 13:10:18,267 - hotel_reservation_app - INFO - RoomService zainicjowany.
2025-06-13 13:10:18,267 - hotel_reservation_app - INFO - GuestService zainicjowany.
2025-06-13 13:10:18,268 - hotel_reservation_app - INFO - HousekeepingService zainicjowany.
2025-06-13 13:10:18,268 - hotel_reservation_app - INFO - DiscountService zainicjowany.
2025-06-13 13:10:18,268 - hotel_reservation_app - INFO - ReservationService zainicjowany.
2025-06-13 13:10:18,269 - hotel_reservation_app - INFO - PaymentService zainicjowany.
2025-06-13 13:10:18,269 - hotel_reservation_app - INFO - ReportService zainicjowany.
2025-06-13 13:10:18,269 - hotel_reservation_app - INFO - UserService zainicjowany.
2025-06-13 13:10:22,176 - hotel_reservation_app - INFO - Użytkownik admin pomyślnie uwierzytelniony jako administrator.
2025-06-13 13:10:22,177 - hotel_reservation_app - INFO - Wyświetlono główne menu dla roli: administrator
2025-06-13 18:31:01,887 - hotel_reservation_app - INFO - Użytkownik admin wchodzi do menu zarządzania pokojami.
2025-06-14 00:00:12,277 - hotel_reservation_app - INFO - RoomService zainicjowany.
2025-06-14 00:00:12,277 - hotel_reservation_app - INFO - GuestService zainicjowany.
2025-06-14 00:00:12,278 - hotel_reservation_app - INFO - HousekeepingService zainicjowany.
2025-06-14 00:00:12,278 - hotel_reservation_app - INFO - DiscountService zainicjowany.
2025-06-14 00:00:12,278 - hotel_reservation_app - INFO - ReservationService zainicjowany.
2025-06-14 00:00:12,278 - hotel_reservation_app - INFO - PaymentService zainicjowany.
2025-06-14 00:00:12,279 - hotel_reservation_app - INFO - ReportService zainicjowany.
2025-06-14 00:00:12,279 - hotel_reservation_app - INFO - UserService zainicjowany.
2025-06-14 00:00:16,602 - hotel_reservation_app - INFO - Użytkownik admin pomyślnie uwierzytelniony jako administrator.
2025-06-14 00:00:16,602 - hotel_reservation_app - INFO - Wyświetlono główne menu dla roli: administrator
2025-06-14 00:00:40,847 - hotel_reservation_app - INFO - Dodano rabat: DISC0002 (123).
2025-06-14 00:00:43,883 - hotel_reservation_app - INFO - Wyświetlono tabelę: Wszystkie Rabaty
2025-06-14 00:18:59,034 - hotel_reservation_app - INFO - RoomService zainicjowany.
2025-06-14 00:18:59,034 - hotel_reservation_app - INFO - GuestService zainicjowany.
2025-06-14 00:18:59,035 - hotel_reservation_app - INFO - HousekeepingService zainicjowany.
2025-06-14 00:18:59,038 - hotel_reservation_app - INFO - DiscountService zainicjowany.
2025-06-14 00:18:59,039 - hotel_reservation_app - INFO - ReservationService zainicjowany.
2025-06-14 00:18:59,039 - hotel_reservation_app - INFO - PaymentService zainicjowany.
2025-06-14 00:18:59,039 - hotel_reservation_app - INFO - ReportService zainicjowany.
2025-06-14 00:18:59,039 - hotel_reservation_app - INFO - UserService zainicjowany.
2025-06-14 00:19:05,400 - hotel_reservation_app - INFO - Użytkownik admin pomyślnie uwierzytelniony jako administrator.
2025-06-14 00:19:05,400 - hotel_reservation_app - INFO - Wyświetlono główne menu dla roli: administrator
2025-06-14 00:19:06,092 - hotel_reservation_app - INFO - Użytkownik admin wchodzi do menu zarządzania pokojami.
2025-06-14 00:19:07,996 - hotel_reservation_app - INFO - Wyświetlono główne menu dla roli: administrator
2025-06-14 00:19:21,962 - hotel_reservation_app - INFO - Użytkownik admin wchodzi do menu zarządzania rezerwacjami.
2025-06-14 00:19:40,934 - hotel_reservation_app - WARNING - Próba utworzenia rezerwacji dla nieistniejącego gościa: 2
2025-06-14 00:19:46,221 - hotel_reservation_app - INFO - Użytkownik admin opuszcza menu zarządzania rezerwacjami.
2025-06-14 00:19:46,221 - hotel_reservation_app - INFO - Wyświetlono główne menu dla roli: administrator
2025-06-14 00:19:47,070 - hotel_reservation_app - INFO - Użytkownik admin wchodzi do menu zarządzania gośćmi.
2025-06-14 00:19:47,731 - hotel_reservation_app - INFO - Wyświetlono wszystkich gości.
2025-06-14 00:19:47,731 - hotel_reservation_app - INFO - Wyświetlono tabelę: Wszyscy Goście
2025-06-14 00:19:50,407 - hotel_reservation_app - INFO - Użytkownik admin opuszcza menu zarządzania gośćmi.
2025-06-14 00:19:50,407 - hotel_reservation_app - INFO - Wyświetlono główne menu dla roli: administrator
2025-06-14 00:19:51,807 - hotel_reservation_app - INFO - Użytkownik admin wchodzi do menu zarządzania rezerwacjami.
2025-06-14 00:20:04,355 - hotel_reservation_app - INFO - Pokój 2 jest dostępny w terminie 2025-05-05 do 2025-06-05.
2025-06-14 00:20:04,356 - hotel_reservation_app - INFO - Znaleziono 2 rabatów spełniających kryteria.
2025-06-14 00:20:04,356 - hotel_reservation_app - INFO - Zmieniono status pokoju 2 na occupied
2025-06-14 00:20:04,357 - hotel_reservation_app - INFO - Dodano zapis pobytu dla gościa: 3
2025-06-14 00:20:04,357 - hotel_reservation_app - INFO - Utworzono rezerwację RES0006 dla pokoju 2 i gościa 3. Całkowita cena: 9920.00.
2025-06-14 00:20:09,478 - hotel_reservation_app - INFO - Wyświetlono wszystkie rezerwacje.
2025-06-14 00:20:09,478 - hotel_reservation_app - INFO - Wyświetlono tabelę: Wszystkie Rezerwacje
2025-06-14 00:20:30,348 - hotel_reservation_app - INFO - Zmieniono status pokoju 2 na available
2025-06-14 00:20:30,348 - hotel_reservation_app - INFO - Anulowano rezerwację: RES0006
2025-06-14 00:20:33,985 - hotel_reservation_app - INFO - Wyświetlono wszystkie rezerwacje.
2025-06-14 00:20:33,986 - hotel_reservation_app - INFO - Wyświetlono tabelę: Wszystkie Rezerwacje
2025-06-14 00:20:45,416 - hotel_reservation_app - WARNING - Próba zameldowania dla nieistniejącej rezerwacji: 
2025-06-16 09:33:02,750 - hotel_reservation_app - INFO - RoomService zainicjowany.
2025-06-16 09:33:02,754 - hotel_reservation_app - INFO - GuestService zainicjowany.
2025-06-16 09:33:02,757 - hotel_reservation_app - INFO - HousekeepingService zainicjowany.
2025-06-16 09:33:02,759 - hotel_reservation_app - INFO - DiscountService zainicjowany.
2025-06-16 09:33:02,762 - hotel_reservation_app - INFO - ReservationService zainicjowany.
2025-06-16 09:33:02,769 - hotel_reservation_app - INFO - PaymentService zainicjowany.
2025-06-16 09:33:02,769 - hotel_reservation_app - INFO - ReportService zainicjowany.
2025-06-16 09:33:02,772 - hotel_reservation_app - INFO - UserService zainicjowany.
2025-06-16 09:33:07,216 - hotel_reservation_app - INFO - Użytkownik admin pomyślnie uwierzytelniony jako administrator.
2025-06-16 09:33:07,217 - hotel_reservation_app - INFO - Wyświetlono główne menu dla roli: administrator
2025-06-16 09:33:08,888 - hotel_reservation_app - INFO - Użytkownik admin wchodzi do menu zarządzania pokojami.
2025-06-16 09:33:10,749 - hotel_reservation_app - INFO - Wyświetlono tabelę: Wszystkie Pokoje
2025-06-16 09:33:10,750 - hotel_reservation_app - INFO - Wyświetlono wszystkie pokoje.
2025-06-16 09:33:57,253 - hotel_reservation_app - INFO - Dodano pokój: 10
2025-06-16 09:33:57,253 - hotel_reservation_app - INFO - Dodano nowy pokój: 10
2025-06-16 09:33:59,454 - hotel_reservation_app - INFO - Wyświetlono tabelę: Wszystkie Pokoje
2025-06-16 09:33:59,455 - hotel_reservation_app - INFO - Wyświetlono wszystkie pokoje.
2025-06-16 09:34:13,044 - hotel_reservation_app - INFO - Zaktualizowano pokój: 10 z danymi: {'floor': 6}
2025-06-16 09:34:13,045 - hotel_reservation_app - INFO - Zaktualizowano pokój: 10
2025-06-16 09:34:14,826 - hotel_reservation_app - INFO - Wyświetlono tabelę: Wszystkie Pokoje
2025-06-16 09:34:14,827 - hotel_reservation_app - INFO - Wyświetlono wszystkie pokoje.
2025-06-16 09:34:41,952 - hotel_reservation_app - INFO - Usunięto pokój: 1
2025-06-16 09:34:41,952 - hotel_reservation_app - INFO - Próba usunięcia pokoju: 1
2025-06-16 09:34:43,880 - hotel_reservation_app - INFO - Wyświetlono tabelę: Wszystkie Pokoje
2025-06-16 09:34:43,881 - hotel_reservation_app - INFO - Wyświetlono wszystkie pokoje.
2025-06-16 09:37:08,761 - hotel_reservation_app - INFO - Znaleziono 5 dostępnych pokoi.
2025-06-16 09:37:08,762 - hotel_reservation_app - INFO - Wyświetlono tabelę: Dostępne Pokoje
2025-06-16 09:37:08,762 - hotel_reservation_app - INFO - Wyświetlono dostępne pokoje.
2025-06-16 09:37:58,477 - hotel_reservation_app - INFO - Znaleziono 4 pokoi spełniających kryteria wyszukiwania (typ: podwójny, cena: 100.0-500.0, udogodnienie: None, status: None).
2025-06-16 09:37:58,477 - hotel_reservation_app - INFO - Wyświetlono tabelę: Znalezione Pokoje
2025-06-16 09:37:58,479 - hotel_reservation_app - INFO - Wykonano wyszukiwanie pokoi.
2025-06-16 09:38:07,599 - hotel_reservation_app - INFO - Posortowano pokoje według floor (odwrócone: False).
2025-06-16 09:38:07,599 - hotel_reservation_app - INFO - Wyświetlono tabelę: Posortowane Pokoje
2025-06-16 09:39:25,524 - hotel_reservation_app - INFO - Znaleziono 6 pokoi spełniających kryteria wyszukiwania (typ: None, cena: None-None, udogodnienie: None, status: None).
2025-06-16 09:39:25,525 - hotel_reservation_app - INFO - Wyświetlono tabelę: Znalezione Pokoje
2025-06-16 09:39:25,526 - hotel_reservation_app - INFO - Wykonano wyszukiwanie pokoi.
2025-06-16 09:46:32,627 - hotel_reservation_app - INFO - RoomService zainicjowany.
2025-06-16 09:46:32,627 - hotel_reservation_app - INFO - GuestService zainicjowany.
2025-06-16 09:46:32,628 - hotel_reservation_app - INFO - HousekeepingService zainicjowany.
2025-06-16 09:46:32,628 - hotel_reservation_app - INFO - DiscountService zainicjowany.
2025-06-16 09:46:32,628 - hotel_reservation_app - INFO - ReservationService zainicjowany.
2025-06-16 09:46:32,629 - hotel_reservation_app - INFO - PaymentService zainicjowany.
2025-06-16 09:46:32,629 - hotel_reservation_app - INFO - ReportService zainicjowany.
2025-06-16 09:46:32,629 - hotel_reservation_app - INFO - UserService zainicjowany.
2025-06-16 09:46:37,313 - hotel_reservation_app - INFO - Użytkownik admin pomyślnie uwierzytelniony jako administrator.
2025-06-16 09:46:37,313 - hotel_reservation_app - INFO - Wyświetlono główne menu dla roli: administrator
2025-06-16 09:46:38,644 - hotel_reservation_app - INFO - Użytkownik admin wchodzi do menu zarządzania pokojami.
2025-06-16 09:46:43,987 - hotel_reservation_app - INFO - Znaleziono 6 pokoi spełniających kryteria wyszukiwania (typ: None, cena: None-None, udogodnienie: None, status: None).
2025-06-16 09:46:43,987 - hotel_reservation_app - INFO - Wyświetlono tabelę: Znalezione Pokoje
2025-06-16 09:46:43,988 - hotel_reservation_app - INFO - Wykonano wyszukiwanie pokoi.
2025-06-16 09:47:33,671 - hotel_reservation_app - INFO - RoomService zainicjowany.
2025-06-16 09:47:33,671 - hotel_reservation_app - INFO - GuestService zainicjowany.
2025-06-16 09:47:33,671 - hotel_reservation_app - INFO - HousekeepingService zainicjowany.
2025-06-16 09:47:33,671 - hotel_reservation_app - INFO - DiscountService zainicjowany.
2025-06-16 09:47:33,671 - hotel_reservation_app - INFO - ReservationService zainicjowany.
2025-06-16 09:47:33,671 - hotel_reservation_app - INFO - PaymentService zainicjowany.
2025-06-16 09:47:33,671 - hotel_reservation_app - INFO - ReportService zainicjowany.
2025-06-16 09:47:33,672 - hotel_reservation_app - INFO - UserService zainicjowany.
2025-06-16 09:47:37,704 - hotel_reservation_app - INFO - Użytkownik admin pomyślnie uwierzytelniony jako administrator.
2025-06-16 09:47:37,704 - hotel_reservation_app - INFO - Wyświetlono główne menu dla roli: administrator
2025-06-16 09:47:38,798 - hotel_reservation_app - INFO - Użytkownik admin wchodzi do menu zarządzania pokojami.
2025-06-16 09:51:56,277 - hotel_reservation_app - INFO - RoomService zainicjowany.
2025-06-16 09:51:56,278 - hotel_reservation_app - INFO - GuestService zainicjowany.
2025-06-16 09:51:56,278 - hotel_reservation_app - INFO - HousekeepingService zainicjowany.
2025-06-16 09:51:56,278 - hotel_reservation_app - INFO - DiscountService zainicjowany.
2025-06-16 09:51:56,278 - hotel_reservation_app - INFO - ReservationService zainicjowany.
2025-06-16 09:51:56,278 - hotel_reservation_app - INFO - PaymentService zainicjowany.
2025-06-16 09:51:56,278 - hotel_reservation_app - INFO - ReportService zainicjowany.
2025-06-16 09:51:56,279 - hotel_reservation_app - INFO - UserService zainicjowany.
2025-06-16 09:57:10,900 - hotel_reservation_app - INFO - RoomService zainicjowany.
2025-06-16 09:57:10,900 - hotel_reservation_app - INFO - GuestService zainicjowany.
2025-06-16 09:57:10,900 - hotel_reservation_app - INFO - HousekeepingService zainicjowany.
2025-06-16 09:57:10,900 - hotel_reservation_app - INFO - DiscountService zainicjowany.
2025-06-16 09:57:10,900 - hotel_reservation_app - INFO - ReservationService zainicjowany.
2025-06-16 09:57:10,900 - hotel_reservation_app - INFO - PaymentService zainicjowany.
2025-06-16 09:57:10,902 - hotel_reservation_app - INFO - ReportService zainicjowany.
2025-06-16 09:57:10,902 - hotel_reservation_app - INFO - UserService zainicjowany.
2025-06-16 09:57:16,022 - hotel_reservation_app - INFO - Użytkownik admin pomyślnie uwierzytelniony jako administrator.
2025-06-16 09:57:16,023 - hotel_reservation_app - INFO - Wyświetlono główne menu dla roli: administrator
2025-06-16 09:57:16,599 - hotel_reservation_app - INFO - Użytkownik admin wchodzi do menu zarządzania pokojami.
2025-06-16 09:57:21,338 - hotel_reservation_app - INFO - Posortowano pokoje według number (odwrócone: False).
2025-06-16 09:57:21,338 - hotel_reservation_app - INFO - Wyświetlono tabelę: Posortowane Pokoje
2025-06-16 09:59:00,571 - hotel_reservation_app - INFO - Zmieniono status pokoju 2 na out of service
2025-06-16 09:59:00,571 - hotel_reservation_app - INFO - Próba zmiany statusu pokoju 2 na out of service
2025-06-16 10:06:34,357 - hotel_reservation_app - INFO - Posortowano pokoje według floor (odwrócone: False).
2025-06-16 10:06:34,357 - hotel_reservation_app - INFO - Wyświetlono tabelę: Posortowane Pokoje
2025-06-16 10:07:23,426 - hotel_reservation_app - INFO - Zmieniono status pokoju 10 na cleaning
2025-06-16 10:07:23,426 - hotel_reservation_app - INFO - Próba zmiany statusu pokoju 10 na cleaning
2025-06-16 10:07:25,509 - hotel_reservation_app - INFO - Wyświetlono tabelę: Wszystkie Pokoje
2025-06-16 10:07:25,510 - hotel_reservation_app - INFO - Wyświetlono wszystkie pokoje.
2025-06-16 10:10:10,091 - hotel_reservation_app - INFO - RoomService zainicjowany.
2025-06-16 10:10:10,091 - hotel_reservation_app - INFO - GuestService zainicjowany.
2025-06-16 10:10:10,091 - hotel_reservation_app - INFO - HousekeepingService zainicjowany.
2025-06-16 10:10:10,092 - hotel_reservation_app - INFO - DiscountService zainicjowany.
2025-06-16 10:10:10,092 - hotel_reservation_app - INFO - ReservationService zainicjowany.
2025-06-16 10:10:10,092 - hotel_reservation_app - INFO - PaymentService zainicjowany.
2025-06-16 10:10:10,092 - hotel_reservation_app - INFO - ReportService zainicjowany.
2025-06-16 10:10:10,092 - hotel_reservation_app - INFO - UserService zainicjowany.
2025-06-16 10:10:15,673 - hotel_reservation_app - INFO - Użytkownik admin pomyślnie uwierzytelniony jako administrator.
2025-06-16 10:10:15,673 - hotel_reservation_app - INFO - Wyświetlono główne menu dla roli: administrator
2025-06-16 10:10:16,962 - hotel_reservation_app - INFO - Użytkownik admin wchodzi do menu zarządzania pokojami.
2025-06-16 10:10:22,944 - hotel_reservation_app - INFO - Zmieniono status pokoju 10 na occupied
2025-06-16 10:10:22,944 - hotel_reservation_app - INFO - Próba zmiany statusu pokoju 10 na occupied
2025-06-16 10:10:28,439 - hotel_reservation_app - INFO - Wyświetlono tabelę: Wszystkie Pokoje
2025-06-16 10:10:28,440 - hotel_reservation_app - INFO - Wyświetlono wszystkie pokoje.
2025-06-16 10:11:56,630 - hotel_reservation_app - INFO - RoomService zainicjowany.
2025-06-16 10:11:56,630 - hotel_reservation_app - INFO - GuestService zainicjowany.
2025-06-16 10:11:56,630 - hotel_reservation_app - INFO - HousekeepingService zainicjowany.
2025-06-16 10:11:56,632 - hotel_reservation_app - INFO - DiscountService zainicjowany.
2025-06-16 10:11:56,632 - hotel_reservation_app - INFO - ReservationService zainicjowany.
2025-06-16 10:11:56,632 - hotel_reservation_app - INFO - PaymentService zainicjowany.
2025-06-16 10:11:56,633 - hotel_reservation_app - INFO - ReportService zainicjowany.
2025-06-16 10:11:56,633 - hotel_reservation_app - INFO - UserService zainicjowany.
2025-06-16 10:11:59,985 - hotel_reservation_app - WARNING - Nieudana próba uwierzytelnienia dla użytkownika: admin
2025-06-16 10:12:04,805 - hotel_reservation_app - INFO - Użytkownik admin pomyślnie uwierzytelniony jako administrator.
2025-06-16 10:12:04,805 - hotel_reservation_app - INFO - Wyświetlono główne menu dla roli: administrator
2025-06-16 10:12:05,702 - hotel_reservation_app - INFO - Użytkownik admin wchodzi do menu zarządzania pokojami.
2025-06-16 10:12:17,334 - hotel_reservation_app - INFO - Zmieniono status pokoju 10 na zajęty
2025-06-16 10:12:20,300 - hotel_reservation_app - INFO - Wyświetlono tabelę: Wszystkie Pokoje
2025-06-16 10:12:20,301 - hotel_reservation_app - INFO - Wyświetlono wszystkie pokoje.
2025-06-16 10:14:46,945 - hotel_reservation_app - WARNING - Próba usunięcia nieistniejącego pokoju: 1
2025-06-16 10:14:46,946 - hotel_reservation_app - INFO - Próba usunięcia pokoju: 1
2025-06-16 10:14:49,093 - hotel_reservation_app - INFO - Usunięto pokój: 2
2025-06-16 10:14:49,093 - hotel_reservation_app - INFO - Próba usunięcia pokoju: 2
2025-06-16 10:14:52,480 - hotel_reservation_app - INFO - Usunięto pokój: 3
2025-06-16 10:14:52,480 - hotel_reservation_app - INFO - Próba usunięcia pokoju: 3
2025-06-16 10:14:53,453 - hotel_reservation_app - INFO - Wyświetlono tabelę: Wszystkie Pokoje
2025-06-16 10:14:53,455 - hotel_reservation_app - INFO - Wyświetlono wszystkie pokoje.
2025-06-16 10:14:56,541 - hotel_reservation_app - INFO - Usunięto pokój: 4
2025-06-16 10:14:56,542 - hotel_reservation_app - INFO - Próba usunięcia pokoju: 4
2025-06-16 10:14:57,883 - hotel_reservation_app - INFO - Wyświetlono tabelę: Wszystkie Pokoje
2025-06-16 10:14:57,885 - hotel_reservation_app - INFO - Wyświetlono wszystkie pokoje.
2025-06-16 10:15:02,444 - hotel_reservation_app - INFO - Usunięto pokój: 5
2025-06-16 10:15:02,444 - hotel_reservation_app - INFO - Próba usunięcia pokoju: 5
2025-06-16 10:15:07,632 - hotel_reservation_app - INFO - Wyświetlono tabelę: Wszystkie Pokoje
2025-06-16 10:15:07,632 - hotel_reservation_app - INFO - Wyświetlono wszystkie pokoje.
2025-06-16 10:15:12,103 - hotel_reservation_app - INFO - Usunięto pokój: 7
2025-06-16 10:15:12,105 - hotel_reservation_app - INFO - Próba usunięcia pokoju: 7
2025-06-16 10:15:17,272 - hotel_reservation_app - INFO - Usunięto pokój: 10
2025-06-16 10:15:17,273 - hotel_reservation_app - INFO - Próba usunięcia pokoju: 10
2025-06-16 10:15:18,983 - hotel_reservation_app - INFO - Wyświetlono pustą tabelę dla: Wszystkie Pokoje.
2025-06-16 10:15:18,983 - hotel_reservation_app - INFO - Wyświetlono wszystkie pokoje.
2025-06-16 10:15:38,114 - hotel_reservation_app - INFO - Dodano pokój: 101
2025-06-16 10:15:38,114 - hotel_reservation_app - INFO - Dodano nowy pokój: 101
2025-06-16 10:15:40,998 - hotel_reservation_app - INFO - Wyświetlono tabelę: Wszystkie Pokoje
2025-06-16 10:15:40,999 - hotel_reservation_app - INFO - Wyświetlono wszystkie pokoje.
2025-06-16 10:16:46,474 - hotel_reservation_app - INFO - Zmieniono status pokoju 101 na sprzątanie
2025-06-16 10:16:47,613 - hotel_reservation_app - INFO - Wyświetlono tabelę: Wszystkie Pokoje
2025-06-16 10:16:47,613 - hotel_reservation_app - INFO - Wyświetlono wszystkie pokoje.
2025-06-16 10:19:22,117 - hotel_reservation_app - INFO - RoomService zainicjowany.
2025-06-16 10:19:22,118 - hotel_reservation_app - INFO - GuestService zainicjowany.
2025-06-16 10:19:22,118 - hotel_reservation_app - INFO - HousekeepingService zainicjowany.
2025-06-16 10:19:22,118 - hotel_reservation_app - INFO - DiscountService zainicjowany.
2025-06-16 10:19:22,118 - hotel_reservation_app - INFO - ReservationService zainicjowany.
2025-06-16 10:19:22,118 - hotel_reservation_app - INFO - PaymentService zainicjowany.
2025-06-16 10:19:22,118 - hotel_reservation_app - INFO - ReportService zainicjowany.
2025-06-16 10:19:22,118 - hotel_reservation_app - INFO - UserService zainicjowany.
2025-06-16 10:19:26,381 - hotel_reservation_app - INFO - Użytkownik admin pomyślnie uwierzytelniony jako administrator.
2025-06-16 10:19:26,382 - hotel_reservation_app - INFO - Wyświetlono główne menu dla roli: administrator
2025-06-16 10:19:27,748 - hotel_reservation_app - INFO - Użytkownik admin wchodzi do menu zarządzania pokojami.
2025-06-16 10:19:30,335 - hotel_reservation_app - INFO - Wyświetlono tabelę: Wszystkie Pokoje
2025-06-16 10:19:30,336 - hotel_reservation_app - INFO - Wyświetlono wszystkie pokoje.
2025-06-16 10:19:33,380 - hotel_reservation_app - INFO - Usunięto pokój: 101
2025-06-16 10:19:33,380 - hotel_reservation_app - INFO - Próba usunięcia pokoju: 101
2025-06-16 10:19:47,240 - hotel_reservation_app - INFO - Dodano pokój: 101
2025-06-16 10:19:47,240 - hotel_reservation_app - INFO - Dodano nowy pokój: 101
2025-06-16 10:19:49,216 - hotel_reservation_app - INFO - Wyświetlono tabelę: Wszystkie Pokoje
2025-06-16 10:19:49,216 - hotel_reservation_app - INFO - Wyświetlono wszystkie pokoje.
2025-06-16 10:20:11,373 - hotel_reservation_app - INFO - Dodano pokój: 102
2025-06-16 10:20:11,373 - hotel_reservation_app - INFO - Dodano nowy pokój: 102
2025-06-16 10:20:21,848 - hotel_reservation_app - INFO - Dodano pokój: 103
2025-06-16 10:20:21,848 - hotel_reservation_app - INFO - Dodano nowy pokój: 103
2025-06-16 10:20:24,287 - hotel_reservation_app - INFO - Wyświetlono tabelę: Wszystkie Pokoje
2025-06-16 10:20:24,288 - hotel_reservation_app - INFO - Wyświetlono wszystkie pokoje.
2025-06-16 10:20:49,685 - hotel_reservation_app - INFO - Dodano pokój: 104
2025-06-16 10:20:49,685 - hotel_reservation_app - INFO - Dodano nowy pokój: 104
2025-06-16 10:21:01,348 - hotel_reservation_app - INFO - Dodano pokój: 105
2025-06-16 10:21:01,348 - hotel_reservation_app - INFO - Dodano nowy pokój: 105
2025-06-16 10:21:02,660 - hotel_reservation_app - INFO - Wyświetlono tabelę: Wszystkie Pokoje
2025-06-16 10:21:02,660 - hotel_reservation_app - INFO - Wyświetlono wszystkie pokoje.
2025-06-16 10:21:13,482 - hotel_reservation_app - WARNING - Próba edycji nieistniejącego pokoju: 
2025-06-16 10:21:37,513 - hotel_reservation_app - INFO - Zaktualizowano pokój: 105 z danymi: {'floor': 2, 'room_type': 'pojedynczy', 'price': 111.0}
2025-06-16 10:21:37,514 - hotel_reservation_app - INFO - Zaktualizowano pokój: 105
2025-06-16 10:21:38,687 - hotel_reservation_app - INFO - Wyświetlono tabelę: Wszystkie Pokoje
2025-06-16 10:21:38,688 - hotel_reservation_app - INFO - Wyświetlono wszystkie pokoje.
2025-06-16 10:21:45,907 - hotel_reservation_app - INFO - Usunięto pokój: 105
2025-06-16 10:21:45,907 - hotel_reservation_app - INFO - Próba usunięcia pokoju: 105
2025-06-16 10:21:48,417 - hotel_reservation_app - INFO - Wyświetlono tabelę: Wszystkie Pokoje
2025-06-16 10:21:48,418 - hotel_reservation_app - INFO - Wyświetlono wszystkie pokoje.
2025-06-16 10:21:52,770 - hotel_reservation_app - INFO - Brak dostępnych pokoi do znalezienia.
2025-06-16 10:21:52,770 - hotel_reservation_app - INFO - Wyświetlono pustą tabelę dla: Dostępne Pokoje.
2025-06-16 10:21:52,770 - hotel_reservation_app - INFO - Wyświetlono dostępne pokoje.
2025-06-16 10:24:16,618 - hotel_reservation_app - INFO - RoomService zainicjowany.
2025-06-16 10:24:16,619 - hotel_reservation_app - INFO - GuestService zainicjowany.
2025-06-16 10:24:16,619 - hotel_reservation_app - INFO - HousekeepingService zainicjowany.
2025-06-16 10:24:16,619 - hotel_reservation_app - INFO - DiscountService zainicjowany.
2025-06-16 10:24:16,620 - hotel_reservation_app - INFO - ReservationService zainicjowany.
2025-06-16 10:24:16,620 - hotel_reservation_app - INFO - PaymentService zainicjowany.
2025-06-16 10:24:16,620 - hotel_reservation_app - INFO - ReportService zainicjowany.
2025-06-16 10:24:16,620 - hotel_reservation_app - INFO - UserService zainicjowany.
2025-06-16 10:24:21,388 - hotel_reservation_app - INFO - Użytkownik admin pomyślnie uwierzytelniony jako administrator.
2025-06-16 10:24:21,389 - hotel_reservation_app - INFO - Wyświetlono główne menu dla roli: administrator
2025-06-16 10:24:25,017 - hotel_reservation_app - INFO - Użytkownik admin wchodzi do menu zarządzania pokojami.
2025-06-16 10:24:29,237 - hotel_reservation_app - INFO - Znaleziono 4 dostępnych pokoi.
2025-06-16 10:24:29,237 - hotel_reservation_app - INFO - Wyświetlono tabelę: Dostępne Pokoje
2025-06-16 10:24:29,239 - hotel_reservation_app - INFO - Wyświetlono dostępne pokoje.
2025-06-16 10:28:58,157 - hotel_reservation_app - INFO - Znaleziono 4 dostępnych pokoi.
2025-06-16 10:28:58,157 - hotel_reservation_app - INFO - Wyświetlono tabelę: Dostępne Pokoje
2025-06-16 10:28:58,159 - hotel_reservation_app - INFO - Wyświetlono dostępne pokoje.
2025-06-16 10:29:55,528 - hotel_reservation_app - INFO - Zmieniono status pokoju 101 na zajęty
2025-06-16 10:29:56,558 - hotel_reservation_app - INFO - Wyświetlono tabelę: Wszystkie Pokoje
2025-06-16 10:29:56,560 - hotel_reservation_app - INFO - Wyświetlono wszystkie pokoje.
2025-06-16 10:30:00,192 - hotel_reservation_app - INFO - Znaleziono 3 dostępnych pokoi.
2025-06-16 10:30:00,193 - hotel_reservation_app - INFO - Wyświetlono tabelę: Dostępne Pokoje
2025-06-16 10:30:00,193 - hotel_reservation_app - INFO - Wyświetlono dostępne pokoje.
2025-06-16 10:34:02,254 - hotel_reservation_app - INFO - Posortowano pokoje według floor (odwrócone: False).
2025-06-16 10:34:02,254 - hotel_reservation_app - INFO - Wyświetlono tabelę: Posortowane Pokoje
2025-06-16 10:57:42,680 - hotel_reservation_app - INFO - Wyświetlono główne menu dla roli: administrator
2025-06-16 10:57:44,519 - hotel_reservation_app - INFO - Użytkownik admin wchodzi do menu zarządzania gośćmi.
2025-06-16 10:57:46,128 - hotel_reservation_app - INFO - Wyświetlono wszystkich gości.
2025-06-16 10:57:46,128 - hotel_reservation_app - INFO - Wyświetlono tabelę: Wszyscy Goście
2025-06-16 11:11:09,425 - hotel_reservation_app - INFO - Zaktualizowano gościa: 3 z danymi: {'id_document': '12111', 'contact_info': {'phone': '2131231', 'email': 'dasdasd@gmail.com'}, 'is_vip': True, 'is_loyal_customer': True, 'preferences': ['TV']}
2025-06-16 11:11:11,549 - hotel_reservation_app - INFO - Wyświetlono wszystkich gości.
2025-06-16 11:11:11,549 - hotel_reservation_app - INFO - Wyświetlono tabelę: Wszyscy Goście
2025-06-16 11:12:17,624 - hotel_reservation_app - INFO - RoomService zainicjowany.
2025-06-16 11:12:17,631 - hotel_reservation_app - INFO - GuestService zainicjowany.
2025-06-16 11:12:17,631 - hotel_reservation_app - INFO - HousekeepingService zainicjowany.
2025-06-16 11:12:17,631 - hotel_reservation_app - INFO - DiscountService zainicjowany.
2025-06-16 11:12:17,631 - hotel_reservation_app - INFO - ReservationService zainicjowany.
2025-06-16 11:12:17,632 - hotel_reservation_app - INFO - PaymentService zainicjowany.
2025-06-16 11:12:17,632 - hotel_reservation_app - INFO - ReportService zainicjowany.
2025-06-16 11:12:17,632 - hotel_reservation_app - INFO - UserService zainicjowany.
2025-06-16 11:12:21,718 - hotel_reservation_app - INFO - Użytkownik admin pomyślnie uwierzytelniony jako administrator.
2025-06-16 11:12:21,718 - hotel_reservation_app - INFO - Wyświetlono główne menu dla roli: administrator
2025-06-16 11:13:49,761 - hotel_reservation_app - INFO - RoomService zainicjowany.
2025-06-16 11:13:49,761 - hotel_reservation_app - INFO - GuestService zainicjowany.
2025-06-16 11:13:49,763 - hotel_reservation_app - INFO - HousekeepingService zainicjowany.
2025-06-16 11:13:49,763 - hotel_reservation_app - INFO - DiscountService zainicjowany.
2025-06-16 11:13:49,763 - hotel_reservation_app - INFO - ReservationService zainicjowany.
2025-06-16 11:13:49,763 - hotel_reservation_app - INFO - PaymentService zainicjowany.
2025-06-16 11:13:49,763 - hotel_reservation_app - INFO - ReportService zainicjowany.
2025-06-16 11:13:49,764 - hotel_reservation_app - INFO - UserService zainicjowany.
2025-06-16 11:13:58,285 - hotel_reservation_app - INFO - Użytkownik admin pomyślnie uwierzytelniony jako administrator.
2025-06-16 11:13:58,285 - hotel_reservation_app - INFO - Wyświetlono główne menu dla roli: administrator
2025-06-16 11:13:59,598 - hotel_reservation_app - INFO - Użytkownik admin wchodzi do menu zarządzania gośćmi.
2025-06-16 11:14:01,481 - hotel_reservation_app - INFO - Wyświetlono wszystkich gości.
2025-06-16 11:14:01,481 - hotel_reservation_app - INFO - Wyświetlono tabelę: Wszyscy Goście
2025-06-16 11:14:23,622 - hotel_reservation_app - INFO - RoomService zainicjowany.
2025-06-16 11:14:23,622 - hotel_reservation_app - INFO - GuestService zainicjowany.
2025-06-16 11:14:23,622 - hotel_reservation_app - INFO - HousekeepingService zainicjowany.
2025-06-16 11:14:23,622 - hotel_reservation_app - INFO - DiscountService zainicjowany.
2025-06-16 11:14:23,622 - hotel_reservation_app - INFO - ReservationService zainicjowany.
2025-06-16 11:14:23,623 - hotel_reservation_app - INFO - PaymentService zainicjowany.
2025-06-16 11:14:23,623 - hotel_reservation_app - INFO - ReportService zainicjowany.
2025-06-16 11:14:23,623 - hotel_reservation_app - INFO - UserService zainicjowany.
2025-06-16 11:14:28,184 - hotel_reservation_app - INFO - Użytkownik admin pomyślnie uwierzytelniony jako administrator.
2025-06-16 11:14:28,184 - hotel_reservation_app - INFO - Wyświetlono główne menu dla roli: administrator
2025-06-16 11:14:29,259 - hotel_reservation_app - INFO - Użytkownik admin wchodzi do menu zarządzania gośćmi.
2025-06-16 11:14:32,779 - hotel_reservation_app - INFO - Dodano gościa:  -  
2025-06-16 11:17:53,224 - hotel_reservation_app - INFO - Poziom lojalności gościa  zaktualizowany z Bronze na Silver.
2025-06-16 11:17:53,225 - hotel_reservation_app - INFO - Dodano zapis pobytu dla gościa: 
2025-06-16 11:17:54,448 - hotel_reservation_app - INFO - Wyświetlono wszystkich gości.
2025-06-16 11:17:54,449 - hotel_reservation_app - INFO - Wyświetlono tabelę: Wszyscy Goście
2025-06-16 11:19:33,567 - hotel_reservation_app - INFO - RoomService zainicjowany.
2025-06-16 11:19:33,567 - hotel_reservation_app - INFO - GuestService zainicjowany.
2025-06-16 11:19:33,567 - hotel_reservation_app - INFO - HousekeepingService zainicjowany.
2025-06-16 11:19:33,567 - hotel_reservation_app - INFO - DiscountService zainicjowany.
2025-06-16 11:19:33,567 - hotel_reservation_app - INFO - ReservationService zainicjowany.
2025-06-16 11:19:33,567 - hotel_reservation_app - INFO - PaymentService zainicjowany.
2025-06-16 11:19:33,567 - hotel_reservation_app - INFO - ReportService zainicjowany.
2025-06-16 11:19:33,567 - hotel_reservation_app - INFO - UserService zainicjowany.
2025-06-16 11:19:38,941 - hotel_reservation_app - INFO - Użytkownik admin pomyślnie uwierzytelniony jako administrator.
2025-06-16 11:19:38,941 - hotel_reservation_app - INFO - Wyświetlono główne menu dla roli: administrator
2025-06-16 11:19:40,424 - hotel_reservation_app - INFO - Użytkownik admin wchodzi do menu zarządzania gośćmi.
2025-06-16 11:19:41,258 - hotel_reservation_app - INFO - Wyświetlono wszystkich gości.
2025-06-16 11:19:41,259 - hotel_reservation_app - INFO - Wyświetlono tabelę: Wszyscy Goście
2025-06-16 11:21:39,083 - hotel_reservation_app - INFO - Dodano zapis pobytu dla gościa: 3
2025-06-16 11:22:13,243 - hotel_reservation_app - INFO - Wyświetlono wszystkich gości.
2025-06-16 11:22:13,243 - hotel_reservation_app - INFO - Wyświetlono tabelę: Wszyscy Goście
2025-06-16 11:22:22,926 - hotel_reservation_app - INFO - Wyświetlono wszystkich gości.
2025-06-16 11:22:22,926 - hotel_reservation_app - INFO - Wyświetlono tabelę: Wszyscy Goście
2025-06-16 11:23:30,751 - hotel_reservation_app - INFO - Znaleziono 1 gości spełniających kryteria wyszukiwania (ID: 3, Imię: None, Nazwisko: None, VIP: None, Lojalny: None, Poziom: None, Kontakt: None).
2025-06-16 11:23:30,752 - hotel_reservation_app - INFO - Wyświetlono tabelę: Znalezione Goście
2025-06-16 11:27:15,208 - hotel_reservation_app - INFO - RoomService zainicjowany.
2025-06-16 11:27:15,208 - hotel_reservation_app - INFO - GuestService zainicjowany.
2025-06-16 11:27:15,208 - hotel_reservation_app - INFO - HousekeepingService zainicjowany.
2025-06-16 11:27:15,208 - hotel_reservation_app - INFO - DiscountService zainicjowany.
2025-06-16 11:27:15,208 - hotel_reservation_app - INFO - ReservationService zainicjowany.
2025-06-16 11:27:15,209 - hotel_reservation_app - INFO - PaymentService zainicjowany.
2025-06-16 11:27:15,209 - hotel_reservation_app - INFO - ReportService zainicjowany.
2025-06-16 11:27:15,209 - hotel_reservation_app - INFO - UserService zainicjowany.
2025-06-16 11:27:19,738 - hotel_reservation_app - INFO - Użytkownik admin pomyślnie uwierzytelniony jako administrator.
2025-06-16 11:27:19,738 - hotel_reservation_app - INFO - Wyświetlono główne menu dla roli: administrator
2025-06-16 11:27:28,138 - hotel_reservation_app - INFO - Użytkownik admin wchodzi do menu zarządzania gośćmi.
2025-06-16 11:31:59,024 - hotel_reservation_app - INFO - Wyświetlono wszystkich gości.
2025-06-16 11:31:59,024 - hotel_reservation_app - INFO - Posortowano gości według guest_id (odwrócone: True).
2025-06-16 11:31:59,025 - hotel_reservation_app - INFO - Wyświetlono tabelę: Posortowani Goście według guest_id
2025-06-16 11:52:30,192 - hotel_reservation_app - INFO - RoomService zainicjowany.
2025-06-16 11:52:30,193 - hotel_reservation_app - INFO - GuestService zainicjowany.
2025-06-16 11:52:30,193 - hotel_reservation_app - INFO - HousekeepingService zainicjowany.
2025-06-16 11:52:30,193 - hotel_reservation_app - INFO - DiscountService zainicjowany.
2025-06-16 11:52:30,193 - hotel_reservation_app - INFO - ReservationService zainicjowany.
2025-06-16 11:52:30,194 - hotel_reservation_app - INFO - PaymentService zainicjowany.
2025-06-16 11:52:30,194 - hotel_reservation_app - INFO - ReportService zainicjowany.
2025-06-16 11:52:30,194 - hotel_reservation_app - INFO - UserService zainicjowany.
2025-06-16 11:52:33,926 - hotel_reservation_app - INFO - Użytkownik admin pomyślnie uwierzytelniony jako administrator.
2025-06-16 11:52:33,926 - hotel_reservation_app - INFO - Wyświetlono główne menu dla roli: administrator
2025-06-16 11:52:35,927 - hotel_reservation_app - INFO - Użytkownik admin wchodzi do menu zarządzania gośćmi.
2025-06-16 11:52:53,638 - hotel_reservation_app - INFO - Wyświetlono wszystkich gości.
2025-06-16 11:52:53,638 - hotel_reservation_app - INFO - Posortowano gości według first_name (odwrócone: True).
2025-06-16 11:52:53,639 - hotel_reservation_app - INFO - Wyświetlono tabelę: Posortowani Goście według Imię
2025-06-16 11:53:27,461 - hotel_reservation_app - INFO - Użytkownik admin opuszcza menu zarządzania gośćmi.
2025-06-16 11:53:27,461 - hotel_reservation_app - INFO - Wyświetlono główne menu dla roli: administrator
2025-06-16 11:53:28,836 - hotel_reservation_app - INFO - Użytkownik admin wchodzi do menu zarządzania rezerwacjami.
2025-06-16 11:53:31,023 - hotel_reservation_app - INFO - Wyświetlono wszystkie rezerwacje.
2025-06-16 11:53:31,024 - hotel_reservation_app - INFO - Wyświetlono tabelę: Wszystkie Rezerwacje
2025-06-16 11:54:15,960 - hotel_reservation_app - WARNING - Nieprawidłowy wybór w menu rezerwacji: 0
2025-06-16 11:54:21,156 - hotel_reservation_app - INFO - Użytkownik admin opuszcza menu zarządzania rezerwacjami.
2025-06-16 11:54:21,156 - hotel_reservation_app - INFO - Wyświetlono główne menu dla roli: administrator
2025-06-16 11:54:24,098 - hotel_reservation_app - INFO - Użytkownik admin wchodzi do menu zarządzania gośćmi.
2025-06-16 11:54:24,999 - hotel_reservation_app - INFO - Wyświetlono wszystkich gości.
2025-06-16 11:54:25,000 - hotel_reservation_app - INFO - Wyświetlono tabelę: Wszyscy Goście
2025-06-16 11:54:49,062 - hotel_reservation_app - INFO - Dodano gościa: 45 - Luiza Gromowska
2025-06-16 11:54:50,559 - hotel_reservation_app - INFO - Wyświetlono wszystkich gości.
2025-06-16 11:54:50,560 - hotel_reservation_app - INFO - Wyświetlono tabelę: Wszyscy Goście
2025-06-16 11:56:00,190 - hotel_reservation_app - INFO - Znaleziono 1 gości spełniających kryteria wyszukiwania (ID: None, Imię: Zuzia, Nazwisko: None, VIP: None, Lojalny: None, Poziom: None, Kontakt: None).
2025-06-16 11:56:00,191 - hotel_reservation_app - INFO - Wyświetlono tabelę: Znalezione Goście
2025-06-16 11:56:19,259 - hotel_reservation_app - INFO - Użytkownik admin opuszcza menu zarządzania gośćmi.
2025-06-16 11:56:19,259 - hotel_reservation_app - INFO - Wyświetlono główne menu dla roli: administrator
2025-06-16 11:56:20,986 - hotel_reservation_app - INFO - Użytkownik admin wchodzi do menu zarządzania rezerwacjami.
2025-06-16 11:56:22,506 - hotel_reservation_app - INFO - Wyświetlono wszystkie rezerwacje.
2025-06-16 11:56:22,506 - hotel_reservation_app - INFO - Wyświetlono tabelę: Wszystkie Rezerwacje
2025-06-16 11:57:21,449 - hotel_reservation_app - INFO - Sprawdzanie dostępności: Pokój 101 nie jest dostępny (status: zajęty).
2025-06-16 11:57:21,449 - hotel_reservation_app - INFO - Pokój 101 niedostępny w wybranym terminie (2025-06-06 do 2025-06-15).
2025-06-16 11:57:23,022 - hotel_reservation_app - INFO - Wyświetlono wszystkie rezerwacje.
2025-06-16 11:57:23,022 - hotel_reservation_app - INFO - Wyświetlono tabelę: Wszystkie Rezerwacje
2025-06-16 11:58:55,395 - hotel_reservation_app - INFO - Użytkownik admin opuszcza menu zarządzania rezerwacjami.
2025-06-16 11:58:55,395 - hotel_reservation_app - INFO - Wyświetlono główne menu dla roli: administrator
2025-06-16 11:58:56,464 - hotel_reservation_app - INFO - Użytkownik admin wchodzi do menu zarządzania gośćmi.
2025-06-16 11:58:57,681 - hotel_reservation_app - INFO - Wyświetlono wszystkich gości.
2025-06-16 11:58:57,681 - hotel_reservation_app - INFO - Wyświetlono tabelę: Wszyscy Goście
2025-06-16 11:59:55,381 - hotel_reservation_app - INFO - Użytkownik admin opuszcza menu zarządzania gośćmi.
2025-06-16 11:59:55,381 - hotel_reservation_app - INFO - Wyświetlono główne menu dla roli: administrator
2025-06-16 11:59:56,676 - hotel_reservation_app - INFO - Użytkownik admin wchodzi do menu zarządzania rezerwacjami.
2025-06-16 12:00:15,830 - hotel_reservation_app - INFO - Sprawdzanie dostępności: Pokój 104 nie jest dostępny (status: dostępny).
2025-06-16 12:00:15,830 - hotel_reservation_app - INFO - Pokój 104 niedostępny w wybranym terminie (2025-05-05 do 2025-06-22).
2025-06-16 12:00:47,887 - hotel_reservation_app - INFO - Sprawdzanie dostępności: Pokój 104 nie jest dostępny (status: dostępny).
2025-06-16 12:00:47,887 - hotel_reservation_app - INFO - Pokój 104 niedostępny w wybranym terminie (2023-05-03 do 2023-05-12).
2025-06-16 12:07:51,022 - hotel_reservation_app - INFO - Wyświetlono wszystkie rezerwacje.
2025-06-16 12:07:51,022 - hotel_reservation_app - INFO - Wyświetlono tabelę: Wszystkie Rezerwacje
2025-06-16 12:08:23,197 - hotel_reservation_app - INFO - Sprawdzanie dostępności: Pokój 104 nie jest dostępny (status: dostępny).
2025-06-16 12:08:23,197 - hotel_reservation_app - INFO - Pokój 104 niedostępny w wybranym terminie (2026-06-06 do 2026-06-12).
2025-06-16 12:09:24,106 - hotel_reservation_app - INFO - RoomService zainicjowany.
2025-06-16 12:09:24,106 - hotel_reservation_app - INFO - GuestService zainicjowany.
2025-06-16 12:09:24,106 - hotel_reservation_app - INFO - HousekeepingService zainicjowany.
2025-06-16 12:09:24,106 - hotel_reservation_app - INFO - DiscountService zainicjowany.
2025-06-16 12:09:24,107 - hotel_reservation_app - INFO - ReservationService zainicjowany.
2025-06-16 12:09:24,107 - hotel_reservation_app - INFO - PaymentService zainicjowany.
2025-06-16 12:09:24,107 - hotel_reservation_app - INFO - ReportService zainicjowany.
2025-06-16 12:09:24,107 - hotel_reservation_app - INFO - UserService zainicjowany.
2025-06-16 12:09:27,684 - hotel_reservation_app - INFO - Użytkownik admin pomyślnie uwierzytelniony jako administrator.
2025-06-16 12:09:27,684 - hotel_reservation_app - INFO - Wyświetlono główne menu dla roli: administrator
2025-06-16 12:09:30,925 - hotel_reservation_app - INFO - Użytkownik admin wchodzi do menu zarządzania rezerwacjami.
2025-06-16 12:09:49,390 - hotel_reservation_app - INFO - Sprawdzanie dostępności: Pokój 104 nie jest dostępny (status: dostępny).
2025-06-16 12:09:49,390 - hotel_reservation_app - INFO - Pokój 104 niedostępny w wybranym terminie (2026-05-05 do 2026-05-12).
2025-06-16 12:09:59,788 - hotel_reservation_app - INFO - Wyświetlono wszystkie rezerwacje.
2025-06-16 12:09:59,788 - hotel_reservation_app - INFO - Wyświetlono tabelę: Wszystkie Rezerwacje
2025-06-16 12:11:52,075 - hotel_reservation_app - INFO - RoomService zainicjowany.
2025-06-16 12:11:52,076 - hotel_reservation_app - INFO - GuestService zainicjowany.
2025-06-16 12:11:52,076 - hotel_reservation_app - INFO - HousekeepingService zainicjowany.
2025-06-16 12:11:52,076 - hotel_reservation_app - INFO - DiscountService zainicjowany.
2025-06-16 12:11:52,076 - hotel_reservation_app - INFO - ReservationService zainicjowany.
2025-06-16 12:11:52,076 - hotel_reservation_app - INFO - PaymentService zainicjowany.
2025-06-16 12:11:52,076 - hotel_reservation_app - INFO - ReportService zainicjowany.
2025-06-16 12:11:52,076 - hotel_reservation_app - INFO - UserService zainicjowany.
2025-06-16 12:11:57,011 - hotel_reservation_app - WARNING - Nieudana próba uwierzytelnienia dla użytkownika: admin
2025-06-16 12:12:01,923 - hotel_reservation_app - INFO - Użytkownik admin pomyślnie uwierzytelniony jako administrator.
2025-06-16 12:12:01,923 - hotel_reservation_app - INFO - Wyświetlono główne menu dla roli: administrator
2025-06-16 12:12:03,278 - hotel_reservation_app - INFO - Użytkownik admin wchodzi do menu zarządzania rezerwacjami.
2025-06-16 12:12:19,988 - hotel_reservation_app - INFO - Pokój 104 jest dostępny w terminie 2025-05-05 do 2025-06-05.
2025-06-16 12:12:19,988 - hotel_reservation_app - INFO - Znaleziono 1 rabatów spełniających kryteria.
2025-06-16 12:12:19,989 - hotel_reservation_app - INFO - Zmieniono status pokoju 104 na zajęty
2025-06-16 12:12:19,989 - hotel_reservation_app - INFO - Poziom lojalności gościa 45 zaktualizowany z Bronze na Silver.
2025-06-16 12:12:19,990 - hotel_reservation_app - INFO - Dodano zapis pobytu dla gościa: 45
2025-06-16 12:12:19,990 - hotel_reservation_app - INFO - Utworzono rezerwację RES0007 dla pokoju 104 i gościa 45. Całkowita cena: 13764.00.
2025-06-16 12:12:25,708 - hotel_reservation_app - INFO - Wyświetlono wszystkie rezerwacje.
2025-06-16 12:12:25,708 - hotel_reservation_app - INFO - Wyświetlono tabelę: Wszystkie Rezerwacje
2025-06-16 12:21:30,370 - hotel_reservation_app - INFO - Zaktualizowano rezerwację: RES0007 z danymi: {'room_number': '103', 'total_price': 12000.0, 'status': 'checked_out'}
2025-06-16 12:21:31,830 - hotel_reservation_app - INFO - Wyświetlono wszystkie rezerwacje.
2025-06-16 12:21:31,830 - hotel_reservation_app - INFO - Wyświetlono tabelę: Wszystkie Rezerwacje
2025-06-16 12:21:54,157 - hotel_reservation_app - INFO - Zaktualizowano rezerwację: RES0007 z danymi: {'status': 'cancelled'}
2025-06-16 12:21:56,805 - hotel_reservation_app - INFO - Wyświetlono wszystkie rezerwacje.
2025-06-16 12:21:56,805 - hotel_reservation_app - INFO - Wyświetlono tabelę: Wszystkie Rezerwacje
2025-06-16 12:41:28,407 - hotel_reservation_app - WARNING - Próba zameldowania nieaktywnej rezerwacji RES0005 (status: cancelled).
2025-06-16 12:41:44,104 - hotel_reservation_app - INFO - Zaktualizowano rezerwację: RES0005 z danymi: {'status': 'active'}
2025-06-16 12:41:45,129 - hotel_reservation_app - INFO - Wyświetlono wszystkie rezerwacje.
2025-06-16 12:41:45,131 - hotel_reservation_app - INFO - Wyświetlono tabelę: Wszystkie Rezerwacje
2025-06-16 12:43:13,283 - hotel_reservation_app - ERROR - Pokój 2 nie znaleziono dla rezerwacji RES0005 podczas zameldowania.
2025-06-16 12:43:23,272 - hotel_reservation_app - INFO - Wyświetlono wszystkie rezerwacje.
2025-06-16 12:43:23,272 - hotel_reservation_app - INFO - Wyświetlono tabelę: Wszystkie Rezerwacje
2025-06-16 12:43:36,483 - hotel_reservation_app - ERROR - Pokój 2 nie znaleziono dla rezerwacji RES0005 podczas zameldowania.
2025-06-16 12:45:34,925 - hotel_reservation_app - WARNING - Próba utworzenia rezerwacji dla nieistniejącego pokoju: 7
2025-06-16 12:49:09,390 - hotel_reservation_app - INFO - Wyświetlono wszystkie rezerwacje.
2025-06-16 12:49:09,391 - hotel_reservation_app - INFO - Wyświetlono tabelę: Wszystkie Rezerwacje
2025-06-16 12:49:39,789 - hotel_reservation_app - ERROR - Błąd formatu daty podczas sprawdzania dostępności pokoju: 2023-05-05, 2023005-10 - time data '2023005-10' does not match format '%Y-%m-%d'
2025-06-16 12:50:01,736 - hotel_reservation_app - INFO - Pokój 103 jest dostępny w terminie 2022-04-04 do 2022-04-10.
2025-06-16 12:50:22,818 - hotel_reservation_app - INFO - Wyświetlono wszystkie rezerwacje.
2025-06-16 12:50:22,818 - hotel_reservation_app - INFO - Wyświetlono tabelę: Wszystkie Rezerwacje
2025-06-16 13:01:14,209 - hotel_reservation_app - INFO - RoomService zainicjowany.
2025-06-16 13:01:14,209 - hotel_reservation_app - INFO - GuestService zainicjowany.
2025-06-16 13:01:14,209 - hotel_reservation_app - INFO - HousekeepingService zainicjowany.
2025-06-16 13:01:14,210 - hotel_reservation_app - INFO - DiscountService zainicjowany.
2025-06-16 13:01:21,682 - hotel_reservation_app - INFO - RoomService zainicjowany.
2025-06-16 13:01:21,682 - hotel_reservation_app - INFO - GuestService zainicjowany.
2025-06-16 13:01:21,682 - hotel_reservation_app - INFO - HousekeepingService zainicjowany.
2025-06-16 13:01:21,682 - hotel_reservation_app - INFO - DiscountService zainicjowany.
2025-06-16 13:01:57,871 - hotel_reservation_app - INFO - RoomService zainicjowany.
2025-06-16 13:01:57,871 - hotel_reservation_app - INFO - GuestService zainicjowany.
2025-06-16 13:01:57,871 - hotel_reservation_app - INFO - HousekeepingService zainicjowany.
2025-06-16 13:01:57,871 - hotel_reservation_app - INFO - DiscountService zainicjowany.
2025-06-16 13:01:57,872 - hotel_reservation_app - INFO - ReservationService zainicjowany.
2025-06-16 13:01:57,872 - hotel_reservation_app - INFO - PaymentService zainicjowany.
2025-06-16 13:01:57,872 - hotel_reservation_app - INFO - ReportService zainicjowany.
2025-06-16 13:01:57,872 - hotel_reservation_app - INFO - UserService zainicjowany.
2025-06-16 13:02:03,590 - hotel_reservation_app - INFO - Użytkownik admin pomyślnie uwierzytelniony jako administrator.
2025-06-16 13:02:03,590 - hotel_reservation_app - INFO - Wyświetlono główne menu dla roli: administrator
2025-06-16 13:02:05,016 - hotel_reservation_app - INFO - Użytkownik admin wchodzi do menu zarządzania rezerwacjami.
2025-06-16 13:02:05,667 - hotel_reservation_app - INFO - Wyświetlono wszystkie rezerwacje.
2025-06-16 13:02:26,612 - hotel_reservation_app - INFO - Użytkownik admin opuszcza menu zarządzania rezerwacjami.
2025-06-16 13:02:26,612 - hotel_reservation_app - INFO - Wyświetlono główne menu dla roli: administrator
2025-06-16 13:02:27,463 - hotel_reservation_app - INFO - Użytkownik admin wchodzi do menu zarządzania pokojami.
2025-06-16 13:02:28,150 - hotel_reservation_app - INFO - Wyświetlono wszystkie pokoje.
2025-06-16 13:02:36,986 - hotel_reservation_app - INFO - Wyświetlono główne menu dla roli: administrator
2025-06-16 13:02:38,104 - hotel_reservation_app - INFO - Użytkownik admin wchodzi do menu zarządzania gośćmi.
2025-06-16 13:02:38,664 - hotel_reservation_app - INFO - Wyświetlono wszystkich gości.
2025-06-16 13:03:30,152 - hotel_reservation_app - INFO - Użytkownik admin opuszcza menu zarządzania gośćmi.
2025-06-16 13:03:30,152 - hotel_reservation_app - INFO - Wyświetlono główne menu dla roli: administrator
2025-06-16 13:03:36,407 - hotel_reservation_app - INFO - Użytkownik admin wchodzi do menu zarządzania rezerwacjami.
2025-06-16 13:03:37,924 - hotel_reservation_app - INFO - Wyświetlono wszystkie rezerwacje.
2025-06-16 13:05:22,611 - hotel_reservation_app - INFO - RoomService zainicjowany.
2025-06-16 13:05:22,611 - hotel_reservation_app - INFO - GuestService zainicjowany.
2025-06-16 13:05:22,611 - hotel_reservation_app - INFO - HousekeepingService zainicjowany.
2025-06-16 13:05:22,611 - hotel_reservation_app - INFO - DiscountService zainicjowany.
2025-06-16 13:05:22,613 - hotel_reservation_app - INFO - ReservationService zainicjowany.
2025-06-16 13:05:22,613 - hotel_reservation_app - INFO - PaymentService zainicjowany.
2025-06-16 13:05:22,613 - hotel_reservation_app - INFO - ReportService zainicjowany.
2025-06-16 13:05:22,613 - hotel_reservation_app - INFO - UserService zainicjowany.
2025-06-16 13:05:28,790 - hotel_reservation_app - INFO - Użytkownik admin pomyślnie uwierzytelniony jako administrator.
2025-06-16 13:05:28,790 - hotel_reservation_app - INFO - Wyświetlono główne menu dla roli: administrator
2025-06-16 13:05:30,259 - hotel_reservation_app - INFO - Użytkownik admin wchodzi do menu zarządzania rezerwacjami.
2025-06-16 13:05:32,211 - hotel_reservation_app - INFO - Wyświetlono wszystkie rezerwacje.
2025-06-16 13:06:03,965 - hotel_reservation_app - INFO - RoomService zainicjowany.
2025-06-16 13:06:03,965 - hotel_reservation_app - INFO - GuestService zainicjowany.
2025-06-16 13:06:03,965 - hotel_reservation_app - INFO - HousekeepingService zainicjowany.
2025-06-16 13:06:03,966 - hotel_reservation_app - INFO - DiscountService zainicjowany.
2025-06-16 13:06:03,966 - hotel_reservation_app - INFO - ReservationService zainicjowany.
2025-06-16 13:06:03,966 - hotel_reservation_app - INFO - PaymentService zainicjowany.
2025-06-16 13:06:03,966 - hotel_reservation_app - INFO - ReportService zainicjowany.
2025-06-16 13:06:03,966 - hotel_reservation_app - INFO - UserService zainicjowany.
2025-06-16 13:06:09,692 - hotel_reservation_app - INFO - Użytkownik admin pomyślnie uwierzytelniony jako administrator.
2025-06-16 13:06:09,692 - hotel_reservation_app - INFO - Wyświetlono główne menu dla roli: administrator
2025-06-16 13:06:11,981 - hotel_reservation_app - INFO - Użytkownik admin wchodzi do menu zarządzania rezerwacjami.
2025-06-16 13:06:19,139 - hotel_reservation_app - INFO - Wyświetlono wszystkie rezerwacje.
2025-06-16 13:06:33,155 - hotel_reservation_app - WARNING - Próba zameldowania rezerwacji w nieprawidłowym statusie: active
2025-06-16 13:06:36,774 - hotel_reservation_app - INFO - Wyświetlono wszystkie rezerwacje.
2025-06-16 13:09:39,565 - hotel_reservation_app - INFO - RoomService zainicjowany.
2025-06-16 13:09:39,565 - hotel_reservation_app - INFO - GuestService zainicjowany.
2025-06-16 13:09:39,565 - hotel_reservation_app - INFO - HousekeepingService zainicjowany.
2025-06-16 13:09:39,565 - hotel_reservation_app - INFO - DiscountService zainicjowany.
2025-06-16 13:09:39,565 - hotel_reservation_app - INFO - ReservationService zainicjowany.
2025-06-16 13:09:39,565 - hotel_reservation_app - INFO - PaymentService zainicjowany.
2025-06-16 13:09:39,565 - hotel_reservation_app - INFO - ReportService zainicjowany.
2025-06-16 13:09:39,567 - hotel_reservation_app - INFO - UserService zainicjowany.
2025-06-16 13:09:45,426 - hotel_reservation_app - INFO - Użytkownik admin pomyślnie uwierzytelniony jako administrator.
2025-06-16 13:09:45,426 - hotel_reservation_app - INFO - Wyświetlono główne menu dla roli: administrator
2025-06-16 13:09:46,637 - hotel_reservation_app - INFO - Użytkownik admin wchodzi do menu zarządzania rezerwacjami.
2025-06-16 13:09:47,770 - hotel_reservation_app - INFO - Wyświetlono wszystkie rezerwacje.
2025-06-16 13:09:47,771 - hotel_reservation_app - INFO - Wyświetlono tabelę: Wszystkie Rezerwacje
2025-06-16 13:10:32,689 - hotel_reservation_app - ERROR - Pokój 1 nie znaleziono dla rezerwacji RES0004 podczas zameldowania.
2025-06-16 13:10:47,654 - hotel_reservation_app - INFO - Wyświetlono wszystkie rezerwacje.
2025-06-16 13:10:47,655 - hotel_reservation_app - INFO - Wyświetlono tabelę: Wszystkie Rezerwacje
2025-06-16 13:10:54,069 - hotel_reservation_app - INFO - Użytkownik admin opuszcza menu zarządzania rezerwacjami.
2025-06-16 13:10:54,069 - hotel_reservation_app - INFO - Wyświetlono główne menu dla roli: administrator
2025-06-16 13:10:56,035 - hotel_reservation_app - INFO - Użytkownik admin wchodzi do menu zarządzania rezerwacjami.
2025-06-16 13:11:18,237 - hotel_reservation_app - INFO - Sprawdzanie dostępności: Pokój 104 nie jest dostępny (status: zajęty).
2025-06-16 13:11:18,238 - hotel_reservation_app - INFO - Pokój 104 niedostępny w wybranym terminie (2024-04-04 do 2024-05-04).
2025-06-16 13:11:28,482 - hotel_reservation_app - INFO - Użytkownik admin opuszcza menu zarządzania rezerwacjami.
2025-06-16 13:11:28,482 - hotel_reservation_app - INFO - Wyświetlono główne menu dla roli: administrator
2025-06-16 13:11:30,583 - hotel_reservation_app - INFO - Użytkownik admin wchodzi do menu zarządzania pokojami.
2025-06-16 13:11:31,843 - hotel_reservation_app - INFO - Wyświetlono tabelę: Wszystkie Pokoje
2025-06-16 13:11:31,844 - hotel_reservation_app - INFO - Wyświetlono wszystkie pokoje.
2025-06-16 13:11:37,334 - hotel_reservation_app - INFO - Wyświetlono główne menu dla roli: administrator
2025-06-16 13:11:38,762 - hotel_reservation_app - INFO - Użytkownik admin wchodzi do menu zarządzania gośćmi.
2025-06-16 13:11:40,623 - hotel_reservation_app - INFO - Wyświetlono wszystkich gości.
2025-06-16 13:11:40,624 - hotel_reservation_app - INFO - Wyświetlono tabelę: Wszyscy Goście
2025-06-16 13:11:45,172 - hotel_reservation_app - INFO - Użytkownik admin opuszcza menu zarządzania gośćmi.
2025-06-16 13:11:45,173 - hotel_reservation_app - INFO - Wyświetlono główne menu dla roli: administrator
2025-06-16 13:11:46,421 - hotel_reservation_app - INFO - Użytkownik admin wchodzi do menu zarządzania rezerwacjami.
2025-06-16 13:11:47,230 - hotel_reservation_app - INFO - Wyświetlono wszystkie rezerwacje.
2025-06-16 13:11:47,230 - hotel_reservation_app - INFO - Wyświetlono tabelę: Wszystkie Rezerwacje
2025-06-16 13:13:04,737 - hotel_reservation_app - INFO - Pokój 103 jest dostępny w terminie 2022-02-02 do 2022-03-02.
2025-06-16 13:13:04,737 - hotel_reservation_app - INFO - Znaleziono 2 rabatów spełniających kryteria.
2025-06-16 13:13:04,738 - hotel_reservation_app - INFO - Zmieniono status pokoju 103 na zajęty
2025-06-16 13:13:04,739 - hotel_reservation_app - INFO - Dodano zapis pobytu dla gościa: 45
2025-06-16 13:13:04,739 - hotel_reservation_app - INFO - Utworzono rezerwację RES0008 dla pokoju 103 i gościa 45. Całkowita cena: 7000.00.
2025-06-16 13:14:10,158 - hotel_reservation_app - INFO - Wyświetlono wszystkie rezerwacje.
2025-06-16 13:14:10,158 - hotel_reservation_app - INFO - Wyświetlono tabelę: Wszystkie Rezerwacje
2025-06-16 13:14:23,981 - hotel_reservation_app - INFO - Zameldowano gościa dla Rezerwacji RES0008 do Pokoju 103.
2025-06-16 13:14:27,320 - hotel_reservation_app - INFO - Wyświetlono wszystkie rezerwacje.
2025-06-16 13:14:27,320 - hotel_reservation_app - INFO - Wyświetlono tabelę: Wszystkie Rezerwacje
2025-06-16 13:15:04,237 - hotel_reservation_app - WARNING - Gość wymeldowuje się po terminie (2022-03-02) dla rezerwacji RES0008.
2025-06-16 13:15:04,239 - hotel_reservation_app - INFO - Zmieniono status pokoju 103 na sprzątanie
2025-06-16 13:15:04,239 - hotel_reservation_app - INFO - Utworzono zadanie sprzątania: HKT0005 dla pokoju 103, przypisane do Nieprzypisane, termin: 2022-03-02.
2025-06-16 13:15:04,239 - hotel_reservation_app - INFO - Utworzono zadanie sprzątania dla pokoju 103 po wymeldowaniu rezerwacji RES0008.
2025-06-16 13:15:04,240 - hotel_reservation_app - INFO - Zmieniono status pokoju 103 na dostępny
2025-06-16 13:15:04,240 - hotel_reservation_app - INFO - Wymeldowano gościa dla Rezerwacji RES0008 z Pokoju 103.
2025-06-16 13:15:14,240 - hotel_reservation_app - INFO - Wyświetlono wszystkie rezerwacje.
2025-06-16 13:15:14,240 - hotel_reservation_app - INFO - Wyświetlono tabelę: Wszystkie Rezerwacje
2025-06-16 13:36:06,080 - hotel_reservation_app - INFO - RoomService zainicjowany.
2025-06-16 13:36:06,080 - hotel_reservation_app - INFO - GuestService zainicjowany.
2025-06-16 13:36:06,080 - hotel_reservation_app - INFO - HousekeepingService zainicjowany.
2025-06-16 13:36:06,080 - hotel_reservation_app - INFO - DiscountService zainicjowany.
2025-06-16 13:36:06,081 - hotel_reservation_app - INFO - ReservationService zainicjowany.
2025-06-16 13:36:06,081 - hotel_reservation_app - INFO - PaymentService zainicjowany.
2025-06-16 13:36:06,081 - hotel_reservation_app - INFO - ReportService zainicjowany.
2025-06-16 13:36:06,081 - hotel_reservation_app - INFO - UserService zainicjowany.
2025-06-16 13:36:11,985 - hotel_reservation_app - INFO - Użytkownik admin pomyślnie uwierzytelniony jako administrator.
2025-06-16 13:36:11,985 - hotel_reservation_app - INFO - Wyświetlono główne menu dla roli: administrator
2025-06-16 13:36:13,235 - hotel_reservation_app - INFO - Użytkownik admin wchodzi do menu zarządzania rezerwacjami.
2025-06-16 13:36:14,255 - hotel_reservation_app - INFO - Wyświetlono wszystkie rezerwacje.
2025-06-16 13:36:52,132 - hotel_reservation_app - ERROR - Pokój 1 nie znaleziono dla rezerwacji RES0004 podczas zameldowania.
2025-06-16 13:39:14,016 - hotel_reservation_app - INFO - RoomService zainicjowany.
2025-06-16 13:39:14,016 - hotel_reservation_app - INFO - GuestService zainicjowany.
2025-06-16 13:39:14,017 - hotel_reservation_app - INFO - HousekeepingService zainicjowany.
2025-06-16 13:39:14,017 - hotel_reservation_app - INFO - DiscountService zainicjowany.
2025-06-16 13:39:14,017 - hotel_reservation_app - INFO - ReservationService zainicjowany.
2025-06-16 13:39:14,017 - hotel_reservation_app - INFO - PaymentService zainicjowany.
2025-06-16 13:39:14,018 - hotel_reservation_app - INFO - ReportService zainicjowany.
2025-06-16 13:39:14,018 - hotel_reservation_app - INFO - UserService zainicjowany.
2025-06-16 13:39:17,951 - hotel_reservation_app - INFO - Użytkownik admin pomyślnie uwierzytelniony jako administrator.
2025-06-16 13:39:17,951 - hotel_reservation_app - INFO - Wyświetlono główne menu dla roli: administrator
2025-06-16 13:39:19,692 - hotel_reservation_app - INFO - Użytkownik admin wchodzi do menu zarządzania rezerwacjami.
2025-06-16 13:39:20,888 - hotel_reservation_app - INFO - Wyświetlono wszystkie rezerwacje.
2025-06-16 13:40:10,659 - hotel_reservation_app - ERROR - Nie znaleziono pokoju 1 podczas próby zameldowania
2025-06-16 13:41:14,934 - hotel_reservation_app - INFO - RoomService zainicjowany.
2025-06-16 13:41:14,934 - hotel_reservation_app - INFO - GuestService zainicjowany.
2025-06-16 13:41:14,934 - hotel_reservation_app - INFO - HousekeepingService zainicjowany.
2025-06-16 13:41:14,935 - hotel_reservation_app - INFO - DiscountService zainicjowany.
2025-06-16 13:41:14,935 - hotel_reservation_app - INFO - ReservationService zainicjowany.
2025-06-16 13:41:14,935 - hotel_reservation_app - INFO - PaymentService zainicjowany.
2025-06-16 13:41:14,935 - hotel_reservation_app - INFO - ReportService zainicjowany.
2025-06-16 13:41:14,936 - hotel_reservation_app - INFO - UserService zainicjowany.
2025-06-16 13:41:19,667 - hotel_reservation_app - INFO - Użytkownik admin pomyślnie uwierzytelniony jako administrator.
2025-06-16 13:41:19,667 - hotel_reservation_app - INFO - Wyświetlono główne menu dla roli: administrator
2025-06-16 13:41:20,977 - hotel_reservation_app - INFO - Użytkownik admin wchodzi do menu zarządzania rezerwacjami.
2025-06-16 13:41:22,548 - hotel_reservation_app - INFO - Wyświetlono wszystkie rezerwacje.
2025-06-16 13:41:48,234 - hotel_reservation_app - ERROR - Nie znaleziono pokoju 1 podczas próby zameldowania
2025-06-16 13:46:33,939 - hotel_reservation_app - INFO - RoomService zainicjowany.
2025-06-16 13:46:33,939 - hotel_reservation_app - INFO - GuestService zainicjowany.
2025-06-16 13:46:33,940 - hotel_reservation_app - INFO - HousekeepingService zainicjowany.
2025-06-16 13:46:33,940 - hotel_reservation_app - INFO - DiscountService zainicjowany.
2025-06-16 13:46:33,940 - hotel_reservation_app - INFO - ReservationService zainicjowany.
2025-06-16 13:46:33,941 - hotel_reservation_app - INFO - PaymentService zainicjowany.
2025-06-16 13:46:33,941 - hotel_reservation_app - INFO - ReportService zainicjowany.
2025-06-16 13:46:33,941 - hotel_reservation_app - INFO - UserService zainicjowany.
2025-06-16 13:46:37,893 - hotel_reservation_app - INFO - Użytkownik admin pomyślnie uwierzytelniony jako administrator.
2025-06-16 13:46:37,893 - hotel_reservation_app - INFO - Wyświetlono główne menu dla roli: administrator
2025-06-16 13:46:57,762 - hotel_reservation_app - INFO - Użytkownik admin wchodzi do menu zarządzania rezerwacjami.
2025-06-16 13:46:59,978 - hotel_reservation_app - INFO - Wyświetlono wszystkie rezerwacje.
2025-06-16 13:46:59,978 - hotel_reservation_app - INFO - Wyświetlono tabelę: Wszystkie Rezerwacje
2025-06-16 14:06:27,617 - hotel_reservation_app - INFO - Użytkownik admin opuszcza menu zarządzania rezerwacjami.
2025-06-16 14:06:27,617 - hotel_reservation_app - INFO - Wyświetlono główne menu dla roli: administrator
2025-06-16 14:06:31,290 - hotel_reservation_app - INFO - Użytkownik admin wchodzi do menu zarządzania płatnościami.
2025-06-16 14:07:17,599 - hotel_reservation_app - ERROR - Nieprawidłowa kwota płatności.
2025-06-16 14:07:17,724 - hotel_reservation_app - WARNING - Nieprawidłowy wybór w menu płatności: 
2025-06-16 14:07:17,840 - hotel_reservation_app - WARNING - Nieprawidłowy wybór w menu płatności: 
2025-06-16 14:07:46,561 - hotel_reservation_app - INFO - Zarejestrowano płatność PAY0003 dla rezerwacji RES0004. Kwota: 1500.00.
2025-06-16 14:07:46,562 - hotel_reservation_app - INFO - Zaktualizowano rezerwację: RES0004 z danymi: {'payment_status': 'partially_paid'}
2025-06-16 14:07:46,562 - hotel_reservation_app - INFO - Rezerwacja RES0004 oznaczona jako częściowo opłacona (bez faktury).
2025-06-16 14:07:48,454 - hotel_reservation_app - INFO - Wyświetlono wszystkie płatności.
2025-06-16 14:07:48,454 - hotel_reservation_app - INFO - Wyświetlono tabelę: Wszystkie Płatności
2025-06-16 14:08:09,172 - hotel_reservation_app - INFO - Wygenerowano fakturę INV0002 dla rezerwacji RES0004. Suma: 2106.00.
2025-06-16 14:09:00,227 - hotel_reservation_app - INFO - Wyświetlono wszystkie płatności.
2025-06-16 14:09:00,227 - hotel_reservation_app - INFO - Wyświetlono tabelę: Wszystkie Płatności
2025-06-16 14:10:11,520 - hotel_reservation_app - INFO - Wyświetlono wszystkie faktury.
2025-06-16 14:10:11,520 - hotel_reservation_app - INFO - Wyświetlono tabelę: Wszystkie Faktury
2025-06-16 14:10:16,740 - hotel_reservation_app - INFO - Znaleziono 1 nieuregulowanych faktur.
2025-06-16 14:10:16,740 - hotel_reservation_app - INFO - Wyświetlono tabelę: Nieuregulowane Faktury
2025-06-16 14:10:38,252 - hotel_reservation_app - INFO - Wyświetlono podgląd tekstowy faktury INV0002 (generowanie PDF niezaimplementowane).
2025-06-16 14:11:11,598 - hotel_reservation_app - INFO - Użytkownik admin opuszcza menu zarządzania płatnościami.
2025-06-16 14:11:11,598 - hotel_reservation_app - INFO - Wyświetlono główne menu dla roli: administrator
2025-06-16 14:11:15,938 - hotel_reservation_app - INFO - Użytkownik admin wchodzi do menu zarządzania sprzątaniem.
2025-06-16 14:11:24,075 - hotel_reservation_app - INFO - Wyświetlono wszystkie zadania sprzątania.
2025-06-16 14:11:24,076 - hotel_reservation_app - INFO - Wyświetlono tabelę: Wszystkie Zadania Sprzątania
2025-06-16 16:41:27,271 - hotel_reservation_app - INFO - Użytkownik admin opuszcza menu zarządzania sprzątaniem.
2025-06-16 16:41:27,272 - hotel_reservation_app - INFO - Wyświetlono główne menu dla roli: administrator
2025-06-16 16:44:27,322 - hotel_reservation_app - INFO - Użytkownik admin wchodzi do menu zarządzania pokojami.
2025-06-16 16:44:32,308 - hotel_reservation_app - ERROR - Błąd podczas dodawania pokoju (ValueError): invalid literal for int() with base 10: ''
2025-06-16 16:44:34,057 - hotel_reservation_app - INFO - Wyświetlono tabelę: Wszystkie Pokoje
2025-06-16 16:44:34,057 - hotel_reservation_app - INFO - Wyświetlono wszystkie pokoje.
2025-06-16 16:44:38,205 - hotel_reservation_app - INFO - Wyświetlono główne menu dla roli: administrator
2025-06-16 16:44:39,653 - hotel_reservation_app - INFO - Użytkownik admin wchodzi do menu zarządzania pokojami.
2025-06-16 16:44:53,594 - hotel_reservation_app - INFO - Posortowano pokoje według number (odwrócone: False).
2025-06-16 16:44:53,594 - hotel_reservation_app - INFO - Wyświetlono tabelę: Posortowane Pokoje
2025-06-16 16:46:36,511 - hotel_reservation_app - INFO - Wyświetlono główne menu dla roli: administrator
2025-06-16 16:46:45,568 - hotel_reservation_app - INFO - Użytkownik admin wchodzi do menu zarządzania gośćmi.
2025-06-16 16:46:46,441 - hotel_reservation_app - INFO - Wyświetlono wszystkich gości.
2025-06-16 16:46:46,441 - hotel_reservation_app - INFO - Wyświetlono tabelę: Wszyscy Goście
2025-06-16 16:47:08,341 - hotel_reservation_app - INFO - Użytkownik admin opuszcza menu zarządzania gośćmi.
2025-06-16 16:47:08,342 - hotel_reservation_app - INFO - Wyświetlono główne menu dla roli: administrator
2025-06-16 16:47:09,629 - hotel_reservation_app - INFO - Użytkownik admin wchodzi do menu zarządzania rezerwacjami.
2025-06-16 16:47:10,642 - hotel_reservation_app - INFO - Wyświetlono wszystkie rezerwacje.
2025-06-16 16:47:10,642 - hotel_reservation_app - INFO - Wyświetlono tabelę: Wszystkie Rezerwacje
2025-06-16 16:48:20,830 - hotel_reservation_app - INFO - Użytkownik admin opuszcza menu zarządzania rezerwacjami.
2025-06-16 16:48:20,830 - hotel_reservation_app - INFO - Wyświetlono główne menu dla roli: administrator
2025-06-16 16:48:23,464 - hotel_reservation_app - INFO - Wyświetlono tabelę: Wszystkie Rabaty
2025-06-16 16:48:49,216 - hotel_reservation_app - INFO - Wyświetlono główne menu dla roli: administrator
2025-06-16 17:08:45,488 - hotel_reservation_app - INFO - Użytkownik admin wchodzi do menu zarządzania rezerwacjami.
2025-06-16 17:08:46,349 - hotel_reservation_app - INFO - Wyświetlono wszystkie rezerwacje.
2025-06-16 17:08:46,349 - hotel_reservation_app - INFO - Wyświetlono tabelę: Wszystkie Rezerwacje
2025-06-16 17:12:00,696 - hotel_reservation_app - INFO - RoomService zainicjowany.
2025-06-16 17:12:00,699 - hotel_reservation_app - INFO - GuestService zainicjowany.
2025-06-16 17:12:00,703 - hotel_reservation_app - INFO - HousekeepingService zainicjowany.
2025-06-16 17:12:00,706 - hotel_reservation_app - INFO - DiscountService zainicjowany.
2025-06-16 17:12:00,706 - hotel_reservation_app - INFO - ReservationService zainicjowany.
2025-06-16 17:12:00,706 - hotel_reservation_app - INFO - PaymentService zainicjowany.
2025-06-16 17:12:00,706 - hotel_reservation_app - INFO - ReportService zainicjowany.
2025-06-16 17:12:00,709 - hotel_reservation_app - INFO - UserService zainicjowany.
2025-06-16 17:12:05,024 - hotel_reservation_app - INFO - Użytkownik admin pomyślnie uwierzytelniony jako administrator.
2025-06-16 17:12:05,024 - hotel_reservation_app - INFO - Wyświetlono główne menu dla roli: administrator
2025-06-16 17:12:08,667 - hotel_reservation_app - INFO - Użytkownik admin wchodzi do menu zarządzania rezerwacjami.
2025-06-16 17:12:11,385 - hotel_reservation_app - INFO - Wyświetlono wszystkie rezerwacje.
2025-06-16 17:12:19,360 - hotel_reservation_app - INFO - RoomService zainicjowany.
2025-06-16 17:12:19,360 - hotel_reservation_app - INFO - GuestService zainicjowany.
2025-06-16 17:12:19,360 - hotel_reservation_app - INFO - HousekeepingService zainicjowany.
2025-06-16 17:12:19,360 - hotel_reservation_app - INFO - DiscountService zainicjowany.
2025-06-16 17:12:19,360 - hotel_reservation_app - INFO - ReservationService zainicjowany.
2025-06-16 17:12:19,361 - hotel_reservation_app - INFO - PaymentService zainicjowany.
2025-06-16 17:12:19,361 - hotel_reservation_app - INFO - ReportService zainicjowany.
2025-06-16 17:12:19,361 - hotel_reservation_app - INFO - UserService zainicjowany.
2025-06-16 17:12:22,742 - hotel_reservation_app - INFO - Użytkownik admin pomyślnie uwierzytelniony jako administrator.
2025-06-16 17:12:22,742 - hotel_reservation_app - INFO - Wyświetlono główne menu dla roli: administrator
2025-06-16 17:12:23,791 - hotel_reservation_app - INFO - Użytkownik admin wchodzi do menu zarządzania gośćmi.
2025-06-16 17:12:24,703 - hotel_reservation_app - INFO - Wyświetlono wszystkich gości.
2025-06-16 17:12:24,704 - hotel_reservation_app - INFO - Wyświetlono tabelę: Wszyscy Goście
2025-06-16 17:12:30,975 - hotel_reservation_app - INFO - Użytkownik admin opuszcza menu zarządzania gośćmi.
2025-06-16 17:12:30,976 - hotel_reservation_app - INFO - Wyświetlono główne menu dla roli: administrator
2025-06-16 17:12:32,221 - hotel_reservation_app - INFO - Użytkownik admin wchodzi do menu zarządzania rezerwacjami.
2025-06-16 17:12:32,929 - hotel_reservation_app - INFO - Wyświetlono wszystkie rezerwacje.
2025-06-16 17:14:34,275 - hotel_reservation_app - INFO - RoomService zainicjowany.
2025-06-16 17:14:34,275 - hotel_reservation_app - INFO - GuestService zainicjowany.
2025-06-16 17:14:34,275 - hotel_reservation_app - INFO - HousekeepingService zainicjowany.
2025-06-16 17:14:34,276 - hotel_reservation_app - INFO - DiscountService zainicjowany.
2025-06-16 17:14:34,276 - hotel_reservation_app - INFO - ReservationService zainicjowany.
2025-06-16 17:14:34,276 - hotel_reservation_app - INFO - PaymentService zainicjowany.
2025-06-16 17:14:34,276 - hotel_reservation_app - INFO - ReportService zainicjowany.
2025-06-16 17:14:34,276 - hotel_reservation_app - INFO - UserService zainicjowany.
2025-06-16 17:14:40,748 - hotel_reservation_app - INFO - Użytkownik admin pomyślnie uwierzytelniony jako administrator.
2025-06-16 17:14:40,748 - hotel_reservation_app - INFO - Wyświetlono główne menu dla roli: administrator
2025-06-16 17:14:58,228 - hotel_reservation_app - INFO - Użytkownik admin wchodzi do menu zarządzania rezerwacjami.
2025-06-16 17:14:59,073 - hotel_reservation_app - INFO - Wyświetlono wszystkie rezerwacje.
2025-06-16 17:15:23,304 - hotel_reservation_app - ERROR - Pokój 1 nie znaleziono dla rezerwacji RES0004 podczas zameldowania.
2025-06-16 17:15:58,559 - hotel_reservation_app - ERROR - Pokój 2 nie znaleziono dla rezerwacji RES0002 podczas wymeldowania.
2025-06-16 17:16:29,647 - hotel_reservation_app - INFO - Pokój 103 jest dostępny w terminie 2025-05-30 do 2025-06-20.
2025-06-16 17:16:42,321 - hotel_reservation_app - INFO - Znaleziono 2 rezerwacji spełniających kryteria wyszukiwania (ID: None, Gość: 45, Pokój: None, Status: None, Status płatności: None, Zakres dat: None).
2025-06-16 17:16:51,838 - hotel_reservation_app - INFO - Wyświetlono wszystkie rezerwacje.
2025-06-16 17:16:51,838 - hotel_reservation_app - INFO - Posortowano rezerwacje według reservation_id (odwrócone: False).
2025-06-16 17:17:48,863 - hotel_reservation_app - INFO - RoomService zainicjowany.
2025-06-16 17:17:48,864 - hotel_reservation_app - INFO - GuestService zainicjowany.
2025-06-16 17:17:48,864 - hotel_reservation_app - INFO - HousekeepingService zainicjowany.
2025-06-16 17:17:48,864 - hotel_reservation_app - INFO - DiscountService zainicjowany.
2025-06-16 17:17:48,864 - hotel_reservation_app - INFO - ReservationService zainicjowany.
2025-06-16 17:17:48,865 - hotel_reservation_app - INFO - PaymentService zainicjowany.
2025-06-16 17:17:48,865 - hotel_reservation_app - INFO - ReportService zainicjowany.
2025-06-16 17:17:48,865 - hotel_reservation_app - INFO - UserService zainicjowany.
2025-06-16 17:17:52,655 - hotel_reservation_app - INFO - Użytkownik admin pomyślnie uwierzytelniony jako administrator.
2025-06-16 17:17:52,657 - hotel_reservation_app - INFO - Wyświetlono główne menu dla roli: administrator
2025-06-16 17:17:54,527 - hotel_reservation_app - INFO - Użytkownik admin wchodzi do menu zarządzania rezerwacjami.
2025-06-16 17:17:55,380 - hotel_reservation_app - INFO - Wyświetlono wszystkie rezerwacje.
2025-06-16 17:18:06,291 - hotel_reservation_app - INFO - Zameldowano gościa dla Rezerwacji RES0004 do Pokoju 101.
2025-06-16 17:18:13,537 - hotel_reservation_app - INFO - Wyświetlono wszystkie rezerwacje.
2025-06-16 17:18:29,820 - hotel_reservation_app - INFO - Zmieniono status pokoju 101 na sprzątanie
2025-06-16 17:18:29,820 - hotel_reservation_app - INFO - Utworzono zadanie sprzątania: HKT0006 dla pokoju 101, przypisane do Nieprzypisane, termin: 2026-01-10.
2025-06-16 17:18:29,820 - hotel_reservation_app - INFO - Utworzono zadanie sprzątania dla pokoju 101 po wymeldowaniu rezerwacji RES0004.
2025-06-16 17:18:29,821 - hotel_reservation_app - INFO - Zmieniono status pokoju 101 na dostępny
2025-06-16 17:18:29,821 - hotel_reservation_app - INFO - Wymeldowano gościa dla Rezerwacji RES0004 z Pokoju 101.
2025-06-16 17:18:32,535 - hotel_reservation_app - INFO - Wyświetlono wszystkie rezerwacje.
2025-06-16 17:19:02,786 - hotel_reservation_app - INFO - Pokój 103 jest dostępny w terminie 2022-04-04 do 2022-05-05.
2025-06-16 17:19:39,170 - hotel_reservation_app - INFO - Znaleziono 2 rezerwacji spełniających kryteria wyszukiwania (ID: None, Gość: 45, Pokój: None, Status: None, Status płatności: None, Zakres dat: None).
2025-06-16 17:22:01,963 - hotel_reservation_app - INFO - RoomService zainicjowany.
2025-06-16 17:22:01,964 - hotel_reservation_app - INFO - GuestService zainicjowany.
2025-06-16 17:22:01,964 - hotel_reservation_app - INFO - HousekeepingService zainicjowany.
2025-06-16 17:22:01,964 - hotel_reservation_app - INFO - DiscountService zainicjowany.
2025-06-16 17:22:01,964 - hotel_reservation_app - INFO - ReservationService zainicjowany.
2025-06-16 17:22:01,965 - hotel_reservation_app - INFO - PaymentService zainicjowany.
2025-06-16 17:22:01,965 - hotel_reservation_app - INFO - ReportService zainicjowany.
2025-06-16 17:22:01,965 - hotel_reservation_app - INFO - UserService zainicjowany.
2025-06-16 17:22:07,354 - hotel_reservation_app - INFO - Użytkownik admin pomyślnie uwierzytelniony jako administrator.
2025-06-16 17:22:07,354 - hotel_reservation_app - INFO - Wyświetlono główne menu dla roli: administrator
2025-06-16 17:22:17,524 - hotel_reservation_app - INFO - Użytkownik admin wchodzi do menu zarządzania rezerwacjami.
2025-06-16 17:22:44,604 - hotel_reservation_app - INFO - Wyświetlono wszystkie rezerwacje.
2025-06-16 17:22:44,604 - hotel_reservation_app - INFO - Posortowano rezerwacje według guest_id (odwrócone: False).
2025-06-16 17:23:11,943 - hotel_reservation_app - INFO - Wyświetlono wszystkie rezerwacje.
2025-06-16 17:23:11,943 - hotel_reservation_app - INFO - Posortowano rezerwacje według guest_id (odwrócone: False).
2025-06-16 17:23:19,645 - hotel_reservation_app - INFO - Znaleziono 8 rezerwacji spełniających kryteria wyszukiwania (ID: None, Gość: None, Pokój: None, Status: None, Status płatności: None, Zakres dat: None).
2025-06-16 17:24:11,972 - hotel_reservation_app - INFO - Wyświetlono wszystkie rezerwacje.
2025-06-16 17:24:11,972 - hotel_reservation_app - INFO - Posortowano rezerwacje według payment_status (odwrócone: False).
2025-06-16 17:24:25,314 - hotel_reservation_app - INFO - Znaleziono 8 rezerwacji spełniających kryteria wyszukiwania (ID: None, Gość: None, Pokój: None, Status: None, Status płatności: None, Zakres dat: None).
2025-06-16 17:24:33,010 - hotel_reservation_app - INFO - Wyświetlono wszystkie rezerwacje.
2025-06-16 17:24:33,010 - hotel_reservation_app - INFO - Posortowano rezerwacje według total_price (odwrócone: False).
2025-06-16 17:25:11,448 - hotel_reservation_app - INFO - Użytkownik admin opuszcza menu zarządzania rezerwacjami.
2025-06-16 17:25:11,448 - hotel_reservation_app - INFO - Wyświetlono główne menu dla roli: administrator
2025-06-16 17:25:14,086 - hotel_reservation_app - INFO - Użytkownik admin wchodzi do menu zarządzania płatnościami.
2025-06-16 17:25:15,409 - hotel_reservation_app - INFO - Wyświetlono wszystkie płatności.
2025-06-16 17:25:25,802 - hotel_reservation_app - INFO - Wyświetlono wszystkie płatności.
2025-06-16 17:25:26,964 - hotel_reservation_app - INFO - Wyświetlono wszystkie faktury.
2025-06-16 17:25:34,333 - hotel_reservation_app - INFO - Użytkownik admin opuszcza menu zarządzania płatnościami.
2025-06-16 17:25:34,333 - hotel_reservation_app - INFO - Wyświetlono główne menu dla roli: administrator
2025-06-16 17:25:35,342 - hotel_reservation_app - INFO - Użytkownik admin wchodzi do menu zarządzania rezerwacjami.
2025-06-16 17:25:35,963 - hotel_reservation_app - INFO - Wyświetlono wszystkie rezerwacje.
2025-06-16 17:25:52,757 - hotel_reservation_app - INFO - Użytkownik admin opuszcza menu zarządzania rezerwacjami.
2025-06-16 17:25:52,757 - hotel_reservation_app - INFO - Wyświetlono główne menu dla roli: administrator
2025-06-16 17:25:54,206 - hotel_reservation_app - INFO - Użytkownik admin wchodzi do menu zarządzania płatnościami.
2025-06-16 17:25:56,970 - hotel_reservation_app - INFO - Wyświetlono wszystkie płatności.
2025-06-16 17:25:57,741 - hotel_reservation_app - INFO - Wyświetlono wszystkie faktury.
2025-06-16 17:26:00,336 - hotel_reservation_app - INFO - Znaleziono 1 nieuregulowanych faktur.
2025-06-16 17:29:48,356 - hotel_reservation_app - INFO - RoomService zainicjowany.
2025-06-16 17:29:48,356 - hotel_reservation_app - INFO - GuestService zainicjowany.
2025-06-16 17:29:48,358 - hotel_reservation_app - INFO - HousekeepingService zainicjowany.
2025-06-16 17:29:48,358 - hotel_reservation_app - INFO - DiscountService zainicjowany.
2025-06-16 17:29:48,358 - hotel_reservation_app - INFO - ReservationService zainicjowany.
2025-06-16 17:29:48,358 - hotel_reservation_app - INFO - PaymentService zainicjowany.
2025-06-16 17:29:48,358 - hotel_reservation_app - INFO - ReportService zainicjowany.
2025-06-16 17:29:48,358 - hotel_reservation_app - INFO - UserService zainicjowany.
2025-06-16 17:32:41,244 - hotel_reservation_app - INFO - RoomService zainicjowany.
2025-06-16 17:32:41,245 - hotel_reservation_app - INFO - GuestService zainicjowany.
2025-06-16 17:32:41,245 - hotel_reservation_app - INFO - HousekeepingService zainicjowany.
2025-06-16 17:32:41,245 - hotel_reservation_app - INFO - DiscountService zainicjowany.
2025-06-16 17:32:41,245 - hotel_reservation_app - INFO - ReservationService zainicjowany.
2025-06-16 17:32:41,246 - hotel_reservation_app - INFO - PaymentService zainicjowany.
2025-06-16 17:32:41,246 - hotel_reservation_app - INFO - ReportService zainicjowany.
2025-06-16 17:32:41,246 - hotel_reservation_app - INFO - UserService zainicjowany.
2025-06-16 18:08:23,241 - hotel_reservation_app - INFO - RoomService zainicjowany.
2025-06-16 18:08:23,241 - hotel_reservation_app - INFO - GuestService zainicjowany.
2025-06-16 18:08:23,241 - hotel_reservation_app - INFO - HousekeepingService zainicjowany.
2025-06-16 18:08:23,241 - hotel_reservation_app - INFO - DiscountService zainicjowany.
2025-06-16 18:08:23,242 - hotel_reservation_app - INFO - ReservationService zainicjowany.
2025-06-16 18:08:23,242 - hotel_reservation_app - INFO - PaymentService zainicjowany.
2025-06-16 18:08:23,242 - hotel_reservation_app - INFO - ReportService zainicjowany.
2025-06-16 18:08:23,243 - hotel_reservation_app - INFO - UserService zainicjowany.
2025-06-16 18:08:27,760 - hotel_reservation_app - INFO - Użytkownik admin pomyślnie uwierzytelniony jako administrator.
2025-06-16 18:08:27,761 - hotel_reservation_app - INFO - Wyświetlono główne menu dla roli: administrator
2025-06-16 18:08:41,971 - hotel_reservation_app - INFO - Użytkownik admin wchodzi do menu zarządzania płatnościami.
2025-06-16 18:09:56,835 - hotel_reservation_app - INFO - Wyświetlono wszystkie płatności.
2025-06-16 18:09:59,300 - hotel_reservation_app - INFO - Wyświetlono wszystkie faktury.
2025-06-16 18:10:29,915 - hotel_reservation_app - INFO - RoomService zainicjowany.
2025-06-16 18:10:29,916 - hotel_reservation_app - INFO - GuestService zainicjowany.
2025-06-16 18:10:29,916 - hotel_reservation_app - INFO - HousekeepingService zainicjowany.
2025-06-16 18:10:29,916 - hotel_reservation_app - INFO - DiscountService zainicjowany.
2025-06-16 18:10:29,916 - hotel_reservation_app - INFO - ReservationService zainicjowany.
2025-06-16 18:10:29,917 - hotel_reservation_app - INFO - PaymentService zainicjowany.
2025-06-16 18:10:29,917 - hotel_reservation_app - INFO - ReportService zainicjowany.
2025-06-16 18:10:29,917 - hotel_reservation_app - INFO - UserService zainicjowany.
2025-06-16 18:10:34,277 - hotel_reservation_app - WARNING - Nieudana próba uwierzytelnienia dla użytkownika: admin
2025-06-16 18:10:39,586 - hotel_reservation_app - INFO - Użytkownik admin pomyślnie uwierzytelniony jako administrator.
2025-06-16 18:10:39,586 - hotel_reservation_app - INFO - Wyświetlono główne menu dla roli: administrator
2025-06-16 18:10:41,250 - hotel_reservation_app - INFO - Użytkownik admin wchodzi do menu zarządzania płatnościami.
2025-06-16 18:10:42,846 - hotel_reservation_app - INFO - Wyświetlono wszystkie płatności.
2025-06-16 18:10:43,921 - hotel_reservation_app - INFO - Wyświetlono wszystkie faktury.
2025-06-16 18:10:46,446 - hotel_reservation_app - INFO - Znaleziono 1 nieuregulowanych faktur.
2025-06-16 18:22:45,287 - hotel_reservation_app - INFO - Wyświetlono podgląd tekstowy faktury INV0002 (generowanie PDF niezaimplementowane).
2025-06-16 18:24:14,131 - hotel_reservation_app - INFO - Zapisano fakturę INV0002 do pliku TXT: invoice_INV0002.txt
2025-06-16 18:25:16,680 - hotel_reservation_app - INFO - Wyświetlono podgląd tekstowy faktury INV0002 (generowanie PDF niezaimplementowane).
2025-06-16 18:30:15,370 - hotel_reservation_app - INFO - RoomService zainicjowany.
2025-06-16 18:30:15,370 - hotel_reservation_app - INFO - GuestService zainicjowany.
2025-06-16 18:30:15,371 - hotel_reservation_app - INFO - HousekeepingService zainicjowany.
2025-06-16 18:30:15,371 - hotel_reservation_app - INFO - DiscountService zainicjowany.
2025-06-16 18:30:15,371 - hotel_reservation_app - INFO - ReservationService zainicjowany.
2025-06-16 18:30:15,371 - hotel_reservation_app - INFO - PaymentService zainicjowany.
2025-06-16 18:30:15,372 - hotel_reservation_app - INFO - ReportService zainicjowany.
2025-06-16 18:30:15,372 - hotel_reservation_app - INFO - UserService zainicjowany.
2025-06-16 18:30:22,094 - hotel_reservation_app - INFO - Użytkownik admin pomyślnie uwierzytelniony jako administrator.
2025-06-16 18:30:22,094 - hotel_reservation_app - INFO - Wyświetlono główne menu dla roli: administrator
2025-06-16 18:32:52,563 - hotel_reservation_app - INFO - Użytkownik admin wchodzi do menu zarządzania płatnościami.
2025-06-16 18:33:06,404 - hotel_reservation_app - INFO - Zapisano fakturę INV0002 do pliku PDF: invoice_INV0002.pdf
2025-06-16 18:40:38,557 - hotel_reservation_app - INFO - Wyświetlono wszystkie płatności.
2025-06-16 18:40:39,623 - hotel_reservation_app - INFO - Wyświetlono wszystkie faktury.
2025-06-16 18:40:41,908 - hotel_reservation_app - INFO - Użytkownik admin opuszcza menu zarządzania płatnościami.
2025-06-16 18:40:41,908 - hotel_reservation_app - INFO - Wyświetlono główne menu dla roli: administrator
2025-06-16 18:40:43,707 - hotel_reservation_app - INFO - Użytkownik admin wchodzi do menu zarządzania sprzątaniem.
2025-06-16 18:40:46,942 - hotel_reservation_app - INFO - Wyświetlono wszystkie zadania sprzątania.
2025-06-16 18:40:52,156 - hotel_reservation_app - ERROR - Błąd formatu daty podczas generowania harmonogramu dziennego:  - time data '' does not match format '%Y-%m-%d'
2025-06-16 18:40:52,387 - hotel_reservation_app - WARNING - Nieprawidłowy wybór w menu sprzątania: 
2025-06-16 18:46:16,720 - hotel_reservation_app - INFO - Wyświetlono wszystkie zadania sprzątania.
2025-06-16 18:46:22,634 - hotel_reservation_app - WARNING - Nieprawidłowy wybór w menu sprzątania: 
2025-06-16 18:47:11,467 - hotel_reservation_app - INFO - Wygenerowano harmonogram sprzątania na 2025-01-03. Znaleziono 1 zadań.
2025-06-16 18:49:13,552 - hotel_reservation_app - INFO - Wyświetlono wszystkie zadania sprzątania.
2025-06-16 18:49:31,003 - hotel_reservation_app - INFO - Zaktualizowano status zadania sprzątania 2 na pending.
2025-06-16 18:49:35,618 - hotel_reservation_app - WARNING - Nieprawidłowy wybór w menu sprzątania: 15
2025-06-16 18:49:37,314 - hotel_reservation_app - INFO - Wyświetlono wszystkie zadania sprzątania.
2025-06-16 19:00:33,411 - hotel_reservation_app - WARNING - Istnieje już aktywne zadanie sprzątania dla pokoju 103. Nie tworzę nowego.
2025-06-16 19:00:35,418 - hotel_reservation_app - INFO - Wyświetlono wszystkie zadania sprzątania.
2025-06-16 19:02:11,155 - hotel_reservation_app - INFO - Użytkownik admin opuszcza menu zarządzania sprzątaniem.
2025-06-16 19:02:11,156 - hotel_reservation_app - INFO - Wyświetlono główne menu dla roli: administrator
2025-06-16 19:02:12,623 - hotel_reservation_app - INFO - Użytkownik admin wchodzi do menu zarządzania pokojami.
2025-06-16 19:02:13,534 - hotel_reservation_app - INFO - Wyświetlono wszystkie pokoje.
2025-06-16 19:02:16,536 - hotel_reservation_app - INFO - Wyświetlono główne menu dla roli: administrator
2025-06-16 19:02:18,158 - hotel_reservation_app - INFO - Użytkownik admin wchodzi do menu zarządzania sprzątaniem.
2025-06-16 19:02:19,608 - hotel_reservation_app - INFO - Wyświetlono wszystkie zadania sprzątania.
2025-06-16 19:02:59,143 - hotel_reservation_app - INFO - Utworzono zadanie sprzątania: HKT0007 dla pokoju 104, przypisane do Szymon, termin: 2025-05-05.
2025-06-16 19:03:02,490 - hotel_reservation_app - INFO - Wyświetlono wszystkie zadania sprzątania.
2025-06-16 19:05:57,214 - hotel_reservation_app - INFO - RoomService zainicjowany.
2025-06-16 19:05:57,215 - hotel_reservation_app - INFO - GuestService zainicjowany.
2025-06-16 19:05:57,215 - hotel_reservation_app - INFO - HousekeepingService zainicjowany.
2025-06-16 19:05:57,215 - hotel_reservation_app - INFO - DiscountService zainicjowany.
2025-06-16 19:05:57,215 - hotel_reservation_app - INFO - ReservationService zainicjowany.
2025-06-16 19:05:57,216 - hotel_reservation_app - INFO - PaymentService zainicjowany.
2025-06-16 19:05:57,216 - hotel_reservation_app - INFO - ReportService zainicjowany.
2025-06-16 19:05:57,216 - hotel_reservation_app - INFO - UserService zainicjowany.
2025-06-16 19:06:02,348 - hotel_reservation_app - INFO - Użytkownik admin pomyślnie uwierzytelniony jako administrator.
2025-06-16 19:06:02,349 - hotel_reservation_app - INFO - Wyświetlono główne menu dla roli: administrator
2025-06-16 19:06:04,765 - hotel_reservation_app - INFO - Użytkownik admin wchodzi do menu zarządzania sprzątaniem.
2025-06-16 19:06:08,242 - hotel_reservation_app - INFO - Wyświetlono wszystkie zadania sprzątania.
2025-06-16 19:06:50,820 - hotel_reservation_app - INFO - Zaktualizowano status zadania sprzątania HKT0007 na in_progress.
2025-06-16 19:07:02,619 - hotel_reservation_app - WARNING - Próba aktualizacji statusu nieistniejącego zadania sprzątania: 
2025-06-16 19:07:04,873 - hotel_reservation_app - WARNING - Nieprawidłowy wybór w menu sprzątania: 25
2025-06-16 19:07:06,918 - hotel_reservation_app - INFO - Wyświetlono wszystkie zadania sprzątania.
2025-06-16 19:13:36,051 - hotel_reservation_app - INFO - RoomService zainicjowany.
2025-06-16 19:13:36,051 - hotel_reservation_app - INFO - GuestService zainicjowany.
2025-06-16 19:13:36,051 - hotel_reservation_app - INFO - HousekeepingService zainicjowany.
2025-06-16 19:13:36,051 - hotel_reservation_app - INFO - DiscountService zainicjowany.
2025-06-16 19:13:36,052 - hotel_reservation_app - INFO - ReservationService zainicjowany.
2025-06-16 19:13:36,052 - hotel_reservation_app - INFO - PaymentService zainicjowany.
2025-06-16 19:13:36,052 - hotel_reservation_app - INFO - ReportService zainicjowany.
2025-06-16 19:13:36,052 - hotel_reservation_app - INFO - UserService zainicjowany.
2025-06-16 19:13:45,008 - hotel_reservation_app - INFO - Użytkownik admin pomyślnie uwierzytelniony jako administrator.
2025-06-16 19:13:45,009 - hotel_reservation_app - INFO - Wyświetlono główne menu dla roli: administrator
2025-06-16 19:13:47,563 - hotel_reservation_app - INFO - Użytkownik admin wchodzi do menu zarządzania sprzątaniem.
2025-06-16 19:13:50,769 - hotel_reservation_app - INFO - Wyświetlono wszystkie zadania sprzątania.
2025-06-16 19:16:14,497 - hotel_reservation_app - INFO - Wygenerowano harmonogram sprzątania na 2025-05-05. Znaleziono 1 zadań.
2025-06-16 19:16:40,238 - hotel_reservation_app - INFO - Wyświetlono wszystkie zadania sprzątania.
2025-06-16 19:16:44,408 - hotel_reservation_app - INFO - Usunięto zadanie sprzątania: 2
2025-06-16 19:16:46,959 - hotel_reservation_app - INFO - Wyświetlono wszystkie zadania sprzątania.
2025-06-16 19:33:59,926 - hotel_reservation_app - INFO - Użytkownik admin opuszcza menu zarządzania sprzątaniem.
2025-06-16 19:33:59,926 - hotel_reservation_app - INFO - Wyświetlono główne menu dla roli: administrator
2025-06-16 19:35:50,073 - hotel_reservation_app - INFO - Dodano rabat: DISC0003 (500).
2025-06-16 19:36:37,683 - hotel_reservation_app - INFO - Zaktualizowano rabat: DISC0003 (500) z danymi: {'is_active': False}
2025-06-16 19:37:09,353 - hotel_reservation_app - INFO - Znaleziono 1 rabatów spełniających kryteria.
2025-06-16 19:37:37,281 - hotel_reservation_app - INFO - Wyświetlono główne menu dla roli: administrator
2025-06-16 19:38:20,073 - hotel_reservation_app - INFO - Dodano użytkownika: Ania z rolą recepcjonista.
2025-06-16 19:43:18,151 - hotel_reservation_app - INFO - Usunięto użytkownika: Ania
2025-06-16 19:43:40,680 - hotel_reservation_app - INFO - Usunięto użytkownika: Jan
2025-06-16 19:44:01,301 - hotel_reservation_app - INFO - Dodano użytkownika: Zuzia z rolą .
2025-06-16 19:44:09,395 - hotel_reservation_app - INFO - Usunięto użytkownika: Zuzia
2025-06-16 19:45:15,277 - hotel_reservation_app - INFO - Dodano użytkownika: Zuzia z rolą recepcjonistka.
2025-06-16 19:45:39,085 - hotel_reservation_app - INFO - Wyświetlono główne menu dla roli: administrator
2025-06-16 19:46:07,834 - hotel_reservation_app - INFO - RoomService zainicjowany.
2025-06-16 19:46:07,834 - hotel_reservation_app - INFO - GuestService zainicjowany.
2025-06-16 19:46:07,834 - hotel_reservation_app - INFO - HousekeepingService zainicjowany.
2025-06-16 19:46:07,835 - hotel_reservation_app - INFO - DiscountService zainicjowany.
2025-06-16 19:46:07,835 - hotel_reservation_app - INFO - ReservationService zainicjowany.
2025-06-16 19:46:07,835 - hotel_reservation_app - INFO - PaymentService zainicjowany.
2025-06-16 19:46:07,835 - hotel_reservation_app - INFO - ReportService zainicjowany.
2025-06-16 19:46:07,839 - hotel_reservation_app - INFO - UserService zainicjowany.
2025-06-16 19:46:13,616 - hotel_reservation_app - INFO - Użytkownik Zuzia pomyślnie uwierzytelniony jako recepcjonistka.
2025-06-16 19:46:13,616 - hotel_reservation_app - INFO - Wyświetlono główne menu dla roli: recepcjonistka
2025-06-16 19:46:35,280 - hotel_reservation_app - INFO - Użytkownik Zuzia wchodzi do menu zarządzania pokojami.
2025-06-16 19:46:35,281 - hotel_reservation_app - WARNING - Użytkownik Zuzia próbował uzyskać dostęp do zarządzania pokojami bez uprawnień.
2025-06-16 19:46:37,288 - hotel_reservation_app - INFO - Wyświetlono główne menu dla roli: recepcjonistka
2025-06-16 19:46:38,065 - hotel_reservation_app - INFO - Użytkownik Zuzia wchodzi do menu zarządzania gośćmi.
2025-06-16 19:46:38,065 - hotel_reservation_app - WARNING - Użytkownik Zuzia próbował uzyskać dostęp do zarządzania gośćmi bez uprawnień.
2025-06-16 19:46:38,568 - hotel_reservation_app - INFO - Wyświetlono główne menu dla roli: recepcjonistka
2025-06-16 19:46:39,036 - hotel_reservation_app - INFO - Użytkownik Zuzia wchodzi do menu zarządzania rezerwacjami.
2025-06-16 19:46:39,036 - hotel_reservation_app - WARNING - Użytkownik Zuzia próbował uzyskać dostęp do zarządzania rezerwacjami bez uprawnień.
2025-06-16 19:46:39,559 - hotel_reservation_app - INFO - Wyświetlono główne menu dla roli: recepcjonistka
2025-06-16 19:46:40,015 - hotel_reservation_app - INFO - Użytkownik Zuzia wchodzi do menu zarządzania płatnościami.
2025-06-16 19:46:40,016 - hotel_reservation_app - WARNING - Użytkownik Zuzia próbował uzyskać dostęp do zarządzania płatnościami bez uprawnień.
2025-06-16 19:46:40,480 - hotel_reservation_app - INFO - Wyświetlono główne menu dla roli: recepcjonistka
2025-06-16 19:46:41,267 - hotel_reservation_app - INFO - Użytkownik Zuzia wchodzi do menu zarządzania sprzątaniem.
2025-06-16 19:46:41,268 - hotel_reservation_app - WARNING - Użytkownik Zuzia próbował uzyskać dostęp do zarządzania sprzątaniem bez uprawnień.
2025-06-16 19:46:41,765 - hotel_reservation_app - INFO - Wyświetlono główne menu dla roli: recepcjonistka
2025-06-16 19:46:42,267 - hotel_reservation_app - INFO - Wyświetlono główne menu dla roli: recepcjonistka
2025-06-16 19:46:43,812 - hotel_reservation_app - INFO - Wyświetlono główne menu dla roli: recepcjonistka
2025-06-16 19:46:44,259 - hotel_reservation_app - INFO - Wyświetlono główne menu dla roli: recepcjonistka
2025-06-16 19:46:44,669 - hotel_reservation_app - INFO - Wyświetlono główne menu dla roli: recepcjonistka
2025-06-16 19:46:44,977 - hotel_reservation_app - INFO - Wyświetlono główne menu dla roli: recepcjonistka
2025-06-16 19:46:45,557 - hotel_reservation_app - INFO - Wyświetlono główne menu dla roli: recepcjonistka
2025-06-16 19:46:56,532 - hotel_reservation_app - INFO - Wyświetlono główne menu dla roli: recepcjonistka
2025-06-16 19:46:57,627 - hotel_reservation_app - INFO - Wyświetlono główne menu dla roli: recepcjonistka
2025-06-16 19:47:05,063 - hotel_reservation_app - INFO - RoomService zainicjowany.
2025-06-16 19:47:05,063 - hotel_reservation_app - INFO - GuestService zainicjowany.
2025-06-16 19:47:05,063 - hotel_reservation_app - INFO - HousekeepingService zainicjowany.
2025-06-16 19:47:05,063 - hotel_reservation_app - INFO - DiscountService zainicjowany.
2025-06-16 19:47:05,063 - hotel_reservation_app - INFO - ReservationService zainicjowany.
2025-06-16 19:47:05,063 - hotel_reservation_app - INFO - PaymentService zainicjowany.
2025-06-16 19:47:05,063 - hotel_reservation_app - INFO - ReportService zainicjowany.
2025-06-16 19:47:05,065 - hotel_reservation_app - INFO - UserService zainicjowany.
2025-06-16 19:47:09,749 - hotel_reservation_app - INFO - Użytkownik admin pomyślnie uwierzytelniony jako administrator.
2025-06-16 19:47:09,750 - hotel_reservation_app - INFO - Wyświetlono główne menu dla roli: administrator
2025-06-16 19:50:23,145 - hotel_reservation_app - INFO - Wyświetlono główne menu dla roli: administrator
2025-06-16 19:50:38,895 - hotel_reservation_app - INFO - Generowanie raportu obłożenia dla daty: 2025-05-05
2025-06-16 19:50:38,896 - hotel_reservation_app - INFO - Wygenerowano raport obłożenia dla 2025-05-05: 1/4 pokoi zajętych (25.00%).
2025-06-16 19:51:36,208 - hotel_reservation_app - INFO - Generowanie raportu przychodów od 2025-05-05 do 2025-06-06.
2025-06-16 19:51:36,208 - hotel_reservation_app - INFO - Wygenerowano raport przychodów od 2025-05-05 do 2025-06-06. Całkowity przychód: 2600.00 PLN.
2025-06-16 19:52:03,616 - hotel_reservation_app - INFO - Wygenerowano raport anulowanych rezerwacji dla okresu 2025-05-05-2026-05-05. Znaleziono 2 anulowanych rezerwacji.
2025-06-16 19:52:55,147 - hotel_reservation_app - INFO - Generowanie raportu przyjazdów i wyjazdów dla daty: 2025-05-05
2025-06-16 19:52:55,148 - hotel_reservation_app - INFO - Wygenerowano raport przyjazdów i wyjazdów dla 2025-05-05: 1 przyjazdów, 0 wyjazdów.
2025-06-16 19:55:04,840 - hotel_reservation_app - INFO - Generowanie raportu statystyk gości.
2025-06-16 19:55:04,840 - hotel_reservation_app - INFO - Wyświetlono wszystkich gości.
2025-06-16 19:55:04,840 - hotel_reservation_app - INFO - Pomyślnie wygenerowano raport statystyk gości.
2025-06-16 19:55:14,420 - hotel_reservation_app - INFO - Generowanie raportu zadań sprzątania.
2025-06-16 19:55:14,422 - hotel_reservation_app - INFO - Wyświetlono wszystkie zadania sprzątania.
2025-06-16 19:55:14,422 - hotel_reservation_app - INFO - Pomyślnie wygenerowano raport zadań sprzątania.
2025-06-16 19:57:51,049 - hotel_reservation_app - INFO - RoomService zainicjowany.
2025-06-16 19:57:51,049 - hotel_reservation_app - INFO - GuestService zainicjowany.
2025-06-16 19:57:51,050 - hotel_reservation_app - INFO - HousekeepingService zainicjowany.
2025-06-16 19:57:51,050 - hotel_reservation_app - INFO - DiscountService zainicjowany.
2025-06-16 19:57:51,050 - hotel_reservation_app - INFO - ReservationService zainicjowany.
2025-06-16 19:57:51,051 - hotel_reservation_app - INFO - PaymentService zainicjowany.
2025-06-16 19:57:51,051 - hotel_reservation_app - INFO - ReportService zainicjowany.
2025-06-16 19:57:51,051 - hotel_reservation_app - INFO - UserService zainicjowany.
2025-06-16 19:57:55,859 - hotel_reservation_app - INFO - Użytkownik admin pomyślnie uwierzytelniony jako administrator.
2025-06-16 19:57:55,859 - hotel_reservation_app - INFO - Wyświetlono główne menu dla roli: administrator
2025-06-16 19:57:59,377 - hotel_reservation_app - INFO - Generowanie raportu zadań sprzątania.
2025-06-16 19:57:59,377 - hotel_reservation_app - INFO - Wyświetlono wszystkie zadania sprzątania.
2025-06-16 19:57:59,377 - hotel_reservation_app - INFO - Pomyślnie wygenerowano raport zadań sprzątania.
2025-06-16 19:58:39,783 - hotel_reservation_app - INFO - RoomService zainicjowany.
2025-06-16 19:58:39,783 - hotel_reservation_app - INFO - GuestService zainicjowany.
2025-06-16 19:58:39,783 - hotel_reservation_app - INFO - HousekeepingService zainicjowany.
2025-06-16 19:58:39,783 - hotel_reservation_app - INFO - DiscountService zainicjowany.
2025-06-16 19:58:39,785 - hotel_reservation_app - INFO - ReservationService zainicjowany.
2025-06-16 19:58:39,785 - hotel_reservation_app - INFO - PaymentService zainicjowany.
2025-06-16 19:58:39,785 - hotel_reservation_app - INFO - ReportService zainicjowany.
2025-06-16 19:58:39,785 - hotel_reservation_app - INFO - UserService zainicjowany.
2025-06-16 19:58:45,850 - hotel_reservation_app - INFO - Użytkownik admin pomyślnie uwierzytelniony jako administrator.
2025-06-16 19:58:45,850 - hotel_reservation_app - INFO - Wyświetlono główne menu dla roli: administrator
2025-06-16 19:58:55,310 - hotel_reservation_app - ERROR - Błąd formatu daty w generate_occupancy_report: 2025-05-05\ - unconverted data remains: \
2025-06-16 19:59:01,764 - hotel_reservation_app - INFO - Generowanie raportu obłożenia dla daty: 2025-05-05
2025-06-16 19:59:01,764 - hotel_reservation_app - INFO - Wygenerowano raport obłożenia dla 2025-05-05: 1/4 pokoi zajętych (25.00%).
2025-06-16 20:00:00,866 - hotel_reservation_app - INFO - Generowanie wizualizacji obłożenia pokoi według typu.
2025-06-16 20:01:15,554 - hotel_reservation_app - INFO - Wizualizacja obłożenia pokoi według typu została wygenerowana i wyświetlona.
2025-06-16 20:01:38,015 - hotel_reservation_app - INFO - Generowanie raportu zadań sprzątania.
2025-06-16 20:01:38,015 - hotel_reservation_app - INFO - Wyświetlono wszystkie zadania sprzątania.
2025-06-16 20:01:38,015 - hotel_reservation_app - INFO - Pomyślnie wygenerowano raport zadań sprzątania.
2025-06-16 20:09:02,204 - hotel_reservation_app - INFO - RoomService zainicjowany.
2025-06-16 20:09:02,204 - hotel_reservation_app - INFO - GuestService zainicjowany.
2025-06-16 20:09:02,204 - hotel_reservation_app - INFO - HousekeepingService zainicjowany.
2025-06-16 20:09:02,204 - hotel_reservation_app - INFO - DiscountService zainicjowany.
2025-06-16 20:09:02,205 - hotel_reservation_app - INFO - ReservationService zainicjowany.
2025-06-16 20:09:02,205 - hotel_reservation_app - INFO - PaymentService zainicjowany.
2025-06-16 20:09:02,205 - hotel_reservation_app - INFO - ReportService zainicjowany.
2025-06-16 20:09:02,205 - hotel_reservation_app - INFO - UserService zainicjowany.
2025-06-16 20:09:06,499 - hotel_reservation_app - INFO - Użytkownik admin pomyślnie uwierzytelniony jako administrator.
2025-06-16 20:09:06,499 - hotel_reservation_app - INFO - Wyświetlono główne menu dla roli: administrator
2025-06-16 20:09:15,615 - hotel_reservation_app - INFO - Generowanie raportu obłożenia dla daty: 2025-05-05
2025-06-16 20:09:15,615 - hotel_reservation_app - INFO - Wygenerowano raport obłożenia dla 2025-05-05: 1/4 pokoi zajętych (25.00%).
2025-06-16 20:11:00,992 - hotel_reservation_app - INFO - RoomService zainicjowany.
2025-06-16 20:11:00,993 - hotel_reservation_app - INFO - GuestService zainicjowany.
2025-06-16 20:11:00,993 - hotel_reservation_app - INFO - HousekeepingService zainicjowany.
2025-06-16 20:11:00,993 - hotel_reservation_app - INFO - DiscountService zainicjowany.
2025-06-16 20:11:00,993 - hotel_reservation_app - INFO - ReservationService zainicjowany.
2025-06-16 20:11:00,994 - hotel_reservation_app - INFO - PaymentService zainicjowany.
2025-06-16 20:11:00,994 - hotel_reservation_app - INFO - ReportService zainicjowany.
2025-06-16 20:11:00,994 - hotel_reservation_app - INFO - UserService zainicjowany.
2025-06-16 20:11:06,123 - hotel_reservation_app - INFO - Użytkownik admin pomyślnie uwierzytelniony jako administrator.
2025-06-16 20:11:06,123 - hotel_reservation_app - INFO - Wyświetlono główne menu dla roli: administrator
2025-06-16 20:11:58,804 - hotel_reservation_app - INFO - Generowanie raportu obłożenia dla daty: 2025-05-05
2025-06-16 20:11:58,804 - hotel_reservation_app - INFO - Wygenerowano raport obłożenia dla 2025-05-05: 1/4 pokoi zajętych (25.00%).
2025-06-16 20:12:13,863 - hotel_reservation_app - INFO - Generowanie raportu przychodów od 2025-05-05 do 2026-05-05.
2025-06-16 20:12:13,863 - hotel_reservation_app - INFO - Wygenerowano raport przychodów od 2025-05-05 do 2026-05-05. Całkowity przychód: 4100.00 PLN.
2025-06-16 20:12:46,391 - hotel_reservation_app - INFO - Wygenerowano raport anulowanych rezerwacji dla okresu -. Znaleziono 3 anulowanych rezerwacji.
2025-06-16 20:12:52,767 - hotel_reservation_app - INFO - Generowanie raportu przyjazdów i wyjazdów dla daty: 2025-05-05
2025-06-16 20:12:52,767 - hotel_reservation_app - INFO - Wygenerowano raport przyjazdów i wyjazdów dla 2025-05-05: 1 przyjazdów, 0 wyjazdów.
2025-06-16 20:12:57,990 - hotel_reservation_app - INFO - Generowanie raportu statystyk gości.
2025-06-16 20:12:57,990 - hotel_reservation_app - INFO - Wyświetlono wszystkich gości.
2025-06-16 20:12:57,990 - hotel_reservation_app - INFO - Pomyślnie wygenerowano raport statystyk gości.
2025-06-16 20:13:04,470 - hotel_reservation_app - INFO - Generowanie raportu zadań sprzątania.
2025-06-16 20:13:04,470 - hotel_reservation_app - INFO - Wyświetlono wszystkie zadania sprzątania.
2025-06-16 20:13:04,470 - hotel_reservation_app - INFO - Pomyślnie wygenerowano raport zadań sprzątania.
2025-06-16 20:13:33,529 - hotel_reservation_app - INFO - RoomService zainicjowany.
2025-06-16 20:13:33,529 - hotel_reservation_app - INFO - GuestService zainicjowany.
2025-06-16 20:13:33,529 - hotel_reservation_app - INFO - HousekeepingService zainicjowany.
2025-06-16 20:13:33,531 - hotel_reservation_app - INFO - DiscountService zainicjowany.
2025-06-16 20:13:33,531 - hotel_reservation_app - INFO - ReservationService zainicjowany.
2025-06-16 20:13:33,531 - hotel_reservation_app - INFO - PaymentService zainicjowany.
2025-06-16 20:13:33,531 - hotel_reservation_app - INFO - ReportService zainicjowany.
2025-06-16 20:13:33,532 - hotel_reservation_app - INFO - UserService zainicjowany.
2025-06-16 20:13:37,611 - hotel_reservation_app - INFO - Użytkownik admin pomyślnie uwierzytelniony jako administrator.
2025-06-16 20:13:37,613 - hotel_reservation_app - INFO - Wyświetlono główne menu dla roli: administrator
2025-06-16 20:13:40,686 - hotel_reservation_app - INFO - Generowanie raportu zadań sprzątania.
2025-06-16 20:13:40,686 - hotel_reservation_app - INFO - Wyświetlono wszystkie zadania sprzątania.
2025-06-16 20:13:40,687 - hotel_reservation_app - INFO - Pomyślnie wygenerowano raport zadań sprzątania.
2025-06-16 20:13:43,527 - hotel_reservation_app - INFO - Generowanie wizualizacji obłożenia pokoi według typu.
2025-06-16 20:14:00,111 - hotel_reservation_app - INFO - Wizualizacja obłożenia pokoi według typu została wygenerowana i wyświetlona.
2025-06-16 20:14:42,744 - hotel_reservation_app - INFO - Generowanie raportu obłożenia dla daty: 2025-05-05
2025-06-16 20:14:42,744 - hotel_reservation_app - INFO - Wygenerowano raport obłożenia dla 2025-05-05: 1/4 pokoi zajętych (25.00%).
2025-06-16 20:14:45,978 - hotel_reservation_app - INFO - Dane pomyślnie wyeksportowane do CSV: raport_oblozenia_2025-05-05.csv
2025-06-16 20:15:14,356 - hotel_reservation_app - INFO - Generowanie raportu obłożenia dla daty: 2025-05-05
2025-06-16 20:15:14,357 - hotel_reservation_app - INFO - Wygenerowano raport obłożenia dla 2025-05-05: 1/4 pokoi zajętych (25.00%).
2025-06-16 20:15:16,411 - hotel_reservation_app - INFO - Raport został pomyślnie wyeksportowany do pliku raport_oblozenia_2025-05-05.txt
2025-06-16 20:19:14,607 - hotel_reservation_app - INFO - Generowanie raportu przychodów od 2022-05-05 do 2025-05-05.
2025-06-16 20:19:14,608 - hotel_reservation_app - INFO - Wygenerowano raport przychodów od 2022-05-05 do 2025-05-05. Całkowity przychód: 0.00 PLN.
2025-06-16 20:19:16,220 - hotel_reservation_app - INFO - Raport został pomyślnie wyeksportowany do pliku raport_przychodow_2022-05-05_do_2025-05-05.txt
2025-06-16 20:31:10,824 - hotel_reservation_app - INFO - Wygenerowano raport anulowanych rezerwacji dla okresu 2022-05-05-2026-05-05. Znaleziono 3 anulowanych rezerwacji.
2025-06-16 20:31:14,643 - hotel_reservation_app - INFO - Dane pomyślnie wyeksportowane do CSV: raport_anulowanych_rezerwacji.csv
2025-06-16 20:31:37,541 - hotel_reservation_app - INFO - Generowanie raportu przyjazdów i wyjazdów dla daty: 2025-05-05
2025-06-16 20:31:37,541 - hotel_reservation_app - INFO - Wygenerowano raport przyjazdów i wyjazdów dla 2025-05-05: 1 przyjazdów, 0 wyjazdów.
2025-06-16 20:31:38,955 - hotel_reservation_app - INFO - Dane pomyślnie wyeksportowane do CSV: raport_przyjazdow_wyjazdow_2025-05-05.csv
2025-06-16 20:32:09,503 - hotel_reservation_app - INFO - Generowanie raportu statystyk gości.
2025-06-16 20:32:09,504 - hotel_reservation_app - INFO - Wyświetlono wszystkich gości.
2025-06-16 20:32:09,504 - hotel_reservation_app - INFO - Pomyślnie wygenerowano raport statystyk gości.
2025-06-16 20:32:12,433 - hotel_reservation_app - INFO - Dane pomyślnie wyeksportowane do CSV: raport_statystyk_gosci.csv
2025-06-16 20:33:02,374 - hotel_reservation_app - INFO - Generowanie raportu zadań sprzątania.
2025-06-16 20:33:02,375 - hotel_reservation_app - INFO - Wyświetlono wszystkie zadania sprzątania.
2025-06-16 20:33:02,375 - hotel_reservation_app - INFO - Pomyślnie wygenerowano raport zadań sprzątania.
2025-06-16 20:33:07,307 - hotel_reservation_app - INFO - Raport został pomyślnie wyeksportowany do pliku raport_sprzatania.txt
2025-06-16 20:35:05,215 - hotel_reservation_app - INFO - Wyświetlono główne menu dla roli: administrator
2025-06-17 10:46:10,409 - hotel_reservation_app - INFO - RoomService zainicjowany.
2025-06-17 10:46:10,409 - hotel_reservation_app - INFO - GuestService zainicjowany.
2025-06-17 10:46:10,409 - hotel_reservation_app - INFO - HousekeepingService zainicjowany.
2025-06-17 10:46:10,409 - hotel_reservation_app - INFO - DiscountService zainicjowany.
2025-06-17 10:46:10,411 - hotel_reservation_app - INFO - ReservationService zainicjowany.
2025-06-17 10:46:10,411 - hotel_reservation_app - INFO - PaymentService zainicjowany.
2025-06-17 10:46:10,411 - hotel_reservation_app - INFO - ReportService zainicjowany.
2025-06-17 10:46:10,411 - hotel_reservation_app - INFO - UserService zainicjowany.
2025-06-17 10:46:18,716 - hotel_reservation_app - INFO - Użytkownik Zuzia pomyślnie uwierzytelniony jako recepcjonistka.
2025-06-17 10:46:18,716 - hotel_reservation_app - INFO - Wyświetlono główne menu dla roli: recepcjonistka
2025-06-17 10:46:28,421 - hotel_reservation_app - INFO - Użytkownik Zuzia wchodzi do menu zarządzania pokojami.
2025-06-17 10:46:28,421 - hotel_reservation_app - WARNING - Użytkownik Zuzia próbował uzyskać dostęp do zarządzania pokojami bez uprawnień.
2025-06-17 10:46:29,231 - hotel_reservation_app - INFO - Wyświetlono główne menu dla roli: recepcjonistka
2025-06-17 10:46:36,836 - hotel_reservation_app - INFO - Wyświetlono główne menu dla roli: recepcjonistka
2025-06-17 10:46:39,633 - hotel_reservation_app - INFO - RoomService zainicjowany.
2025-06-17 10:46:39,633 - hotel_reservation_app - INFO - GuestService zainicjowany.
2025-06-17 10:46:39,633 - hotel_reservation_app - INFO - HousekeepingService zainicjowany.
2025-06-17 10:46:39,633 - hotel_reservation_app - INFO - DiscountService zainicjowany.
2025-06-17 10:46:39,633 - hotel_reservation_app - INFO - ReservationService zainicjowany.
2025-06-17 10:46:39,633 - hotel_reservation_app - INFO - PaymentService zainicjowany.
2025-06-17 10:46:39,633 - hotel_reservation_app - INFO - ReportService zainicjowany.
2025-06-17 10:46:39,635 - hotel_reservation_app - INFO - UserService zainicjowany.
2025-06-17 10:46:43,694 - hotel_reservation_app - INFO - Użytkownik admin pomyślnie uwierzytelniony jako administrator.
2025-06-17 10:46:43,694 - hotel_reservation_app - INFO - Wyświetlono główne menu dla roli: administrator
2025-06-17 10:46:57,715 - hotel_reservation_app - INFO - Usunięto użytkownika: Kamil
2025-06-17 10:47:12,718 - hotel_reservation_app - INFO - Usunięto użytkownika: Zuzia
2025-06-17 10:47:43,088 - hotel_reservation_app - INFO - Dodano użytkownika: kamil z rolą recepcjonista.
2025-06-17 10:47:59,816 - hotel_reservation_app - INFO - Dodano użytkownika: olek z rolą pokojówka.
2025-06-17 10:48:08,812 - hotel_reservation_app - INFO - Wyświetlono główne menu dla roli: administrator
2025-06-17 10:48:12,729 - hotel_reservation_app - INFO - RoomService zainicjowany.
2025-06-17 10:48:12,729 - hotel_reservation_app - INFO - GuestService zainicjowany.
2025-06-17 10:48:12,729 - hotel_reservation_app - INFO - HousekeepingService zainicjowany.
2025-06-17 10:48:12,730 - hotel_reservation_app - INFO - DiscountService zainicjowany.
2025-06-17 10:48:12,730 - hotel_reservation_app - INFO - ReservationService zainicjowany.
2025-06-17 10:48:12,730 - hotel_reservation_app - INFO - PaymentService zainicjowany.
2025-06-17 10:48:12,730 - hotel_reservation_app - INFO - ReportService zainicjowany.
2025-06-17 10:48:12,736 - hotel_reservation_app - INFO - UserService zainicjowany.
2025-06-17 10:48:15,465 - hotel_reservation_app - INFO - Użytkownik kamil pomyślnie uwierzytelniony jako recepcjonista.
2025-06-17 10:48:15,465 - hotel_reservation_app - INFO - Wyświetlono główne menu dla roli: recepcjonista
2025-06-17 10:48:16,006 - hotel_reservation_app - INFO - Użytkownik kamil wchodzi do menu zarządzania pokojami.
2025-06-17 10:50:38,468 - hotel_reservation_app - INFO - Wyświetlono wszystkie pokoje.
2025-06-17 10:51:19,333 - hotel_reservation_app - INFO - Zaktualizowano pokój: 101 z danymi: {'price': 460.0}
2025-06-17 10:51:19,334 - hotel_reservation_app - INFO - Zaktualizowano pokój: 101
2025-06-17 10:51:20,535 - hotel_reservation_app - INFO - Wyświetlono wszystkie pokoje.
2025-06-17 10:52:42,267 - hotel_reservation_app - INFO - Zmieniono status pokoju 101 na zajęty
2025-06-17 10:56:22,614 - hotel_reservation_app - INFO - RoomService zainicjowany.
2025-06-17 10:56:22,615 - hotel_reservation_app - INFO - GuestService zainicjowany.
2025-06-17 10:56:22,615 - hotel_reservation_app - INFO - HousekeepingService zainicjowany.
2025-06-17 10:56:22,615 - hotel_reservation_app - INFO - DiscountService zainicjowany.
2025-06-17 10:56:22,615 - hotel_reservation_app - INFO - ReservationService zainicjowany.
2025-06-17 10:56:22,616 - hotel_reservation_app - INFO - PaymentService zainicjowany.
2025-06-17 10:56:22,616 - hotel_reservation_app - INFO - ReportService zainicjowany.
2025-06-17 10:56:22,616 - hotel_reservation_app - INFO - UserService zainicjowany.
2025-06-17 10:56:28,694 - hotel_reservation_app - INFO - Użytkownik kamil pomyślnie uwierzytelniony jako recepcjonista.
2025-06-17 10:56:28,694 - hotel_reservation_app - INFO - Wyświetlono główne menu dla roli: recepcjonista
2025-06-17 10:56:37,070 - hotel_reservation_app - INFO - Użytkownik kamil wchodzi do menu zarządzania pokojami.
2025-06-17 10:56:43,904 - hotel_reservation_app - ERROR - Błąd podczas dodawania pokoju (ValueError): invalid literal for int() with base 10: ''
2025-06-17 10:56:44,942 - hotel_reservation_app - INFO - Wyświetlono wszystkie pokoje.
2025-06-17 10:57:33,347 - hotel_reservation_app - INFO - Dodano pokój: 105
2025-06-17 10:57:33,347 - hotel_reservation_app - INFO - Dodano nowy pokój: 105
2025-06-17 10:57:34,716 - hotel_reservation_app - INFO - Wyświetlono wszystkie pokoje.
2025-06-17 10:58:07,959 - hotel_reservation_app - INFO - Zaktualizowano pokój: 105 z danymi: {'room_type': 'pojedynczy', 'price': 170.0}
2025-06-17 10:58:07,959 - hotel_reservation_app - INFO - Zaktualizowano pokój: 105
2025-06-17 10:58:10,241 - hotel_reservation_app - INFO - Wyświetlono wszystkie pokoje.
2025-06-17 10:58:53,135 - hotel_reservation_app - INFO - Zmieniono status pokoju 105 na niedostępny
2025-06-17 10:58:54,465 - hotel_reservation_app - INFO - Wyświetlono wszystkie pokoje.
2025-06-17 10:59:37,078 - hotel_reservation_app - INFO - Znaleziono 1 pokoi spełniających kryteria wyszukiwania (typ: apartament, cena: 200.0-444.0, udogodnienie: None, status: None).
2025-06-17 10:59:37,079 - hotel_reservation_app - INFO - Wykonano wyszukiwanie pokoi.
2025-06-17 10:59:44,277 - hotel_reservation_app - INFO - Posortowano pokoje według price (odwrócone: False).
2025-06-17 10:59:55,061 - hotel_reservation_app - INFO - Wyświetlono główne menu dla roli: recepcjonista
2025-06-17 10:59:59,339 - hotel_reservation_app - INFO - Użytkownik kamil wchodzi do menu zarządzania gośćmi.
2025-06-17 11:00:00,641 - hotel_reservation_app - INFO - Wyświetlono wszystkich gości.
2025-06-17 11:00:08,185 - hotel_reservation_app - INFO - Usunięto gościa: 45
2025-06-17 11:00:20,578 - hotel_reservation_app - INFO - Dodano gościa: Adrian - Nowak 
2025-06-17 11:00:25,062 - hotel_reservation_app - WARNING - Nieprawidłowy wybór w menu gości: 23
2025-06-17 11:00:26,651 - hotel_reservation_app - INFO - Wyświetlono wszystkich gości.
2025-06-17 11:00:32,150 - hotel_reservation_app - INFO - Usunięto gościa: Adrian
2025-06-17 11:00:33,121 - hotel_reservation_app - INFO - Wyświetlono wszystkich gości.
2025-06-17 11:01:14,554 - hotel_reservation_app - INFO - Dodano gościa: 4 - Adrian Nowak
2025-06-17 11:01:15,684 - hotel_reservation_app - INFO - Wyświetlono wszystkich gości.
2025-06-17 11:05:34,492 - hotel_reservation_app - INFO - Poziom lojalności gościa 4 zaktualizowany z Bronze na Silver.
2025-06-17 11:05:34,493 - hotel_reservation_app - INFO - Dodano zapis pobytu dla gościa: 4
2025-06-17 11:05:37,622 - hotel_reservation_app - INFO - Wyświetlono wszystkich gości.
2025-06-17 11:05:58,044 - hotel_reservation_app - INFO - Wyświetlono wszystkich gości.
2025-06-17 11:06:13,330 - hotel_reservation_app - INFO - Wyświetlono wszystkich gości.
2025-06-17 11:08:05,843 - hotel_reservation_app - INFO - RoomService zainicjowany.
2025-06-17 11:08:05,844 - hotel_reservation_app - INFO - GuestService zainicjowany.
2025-06-17 11:08:05,844 - hotel_reservation_app - INFO - HousekeepingService zainicjowany.
2025-06-17 11:08:05,844 - hotel_reservation_app - INFO - DiscountService zainicjowany.
2025-06-17 11:08:05,844 - hotel_reservation_app - INFO - ReservationService zainicjowany.
2025-06-17 11:08:05,845 - hotel_reservation_app - INFO - PaymentService zainicjowany.
2025-06-17 11:08:05,845 - hotel_reservation_app - INFO - ReportService zainicjowany.
2025-06-17 11:08:05,845 - hotel_reservation_app - INFO - UserService zainicjowany.
2025-06-17 11:08:13,596 - hotel_reservation_app - INFO - Użytkownik kamil pomyślnie uwierzytelniony jako recepcjonista.
2025-06-17 11:08:13,596 - hotel_reservation_app - INFO - Wyświetlono główne menu dla roli: recepcjonista
2025-06-17 11:08:18,336 - hotel_reservation_app - INFO - Użytkownik kamil wchodzi do menu zarządzania gośćmi.
2025-06-17 11:08:25,682 - hotel_reservation_app - INFO - Wyświetlono wszystkich gości.
2025-06-17 11:08:43,004 - hotel_reservation_app - INFO - Poziom lojalności gościa 4 zaktualizowany z Silver na Platinum.
2025-06-17 11:08:45,699 - hotel_reservation_app - INFO - Wyświetlono wszystkich gości.
2025-06-17 11:15:43,576 - hotel_reservation_app - INFO - RoomService zainicjowany.
2025-06-17 11:15:43,576 - hotel_reservation_app - INFO - GuestService zainicjowany.
2025-06-17 11:15:43,577 - hotel_reservation_app - INFO - HousekeepingService zainicjowany.
2025-06-17 11:15:43,578 - hotel_reservation_app - INFO - DiscountService zainicjowany.
2025-06-17 11:15:43,578 - hotel_reservation_app - INFO - ReservationService zainicjowany.
2025-06-17 11:15:43,578 - hotel_reservation_app - INFO - PaymentService zainicjowany.
2025-06-17 11:15:43,578 - hotel_reservation_app - INFO - ReportService zainicjowany.
2025-06-17 11:15:43,578 - hotel_reservation_app - INFO - UserService zainicjowany.
2025-06-17 11:15:48,953 - hotel_reservation_app - INFO - Użytkownik kamil pomyślnie uwierzytelniony jako recepcjonista.
2025-06-17 11:15:48,953 - hotel_reservation_app - INFO - Wyświetlono główne menu dla roli: recepcjonista
2025-06-17 11:15:50,387 - hotel_reservation_app - INFO - Użytkownik kamil wchodzi do menu zarządzania gośćmi.
2025-06-17 11:15:51,102 - hotel_reservation_app - INFO - Wyświetlono wszystkich gości.
2025-06-17 11:16:15,063 - hotel_reservation_app - INFO - RoomService zainicjowany.
2025-06-17 11:16:15,064 - hotel_reservation_app - INFO - GuestService zainicjowany.
2025-06-17 11:16:15,064 - hotel_reservation_app - INFO - HousekeepingService zainicjowany.
2025-06-17 11:16:15,064 - hotel_reservation_app - INFO - DiscountService zainicjowany.
2025-06-17 11:16:15,064 - hotel_reservation_app - INFO - ReservationService zainicjowany.
2025-06-17 11:16:15,064 - hotel_reservation_app - INFO - PaymentService zainicjowany.
2025-06-17 11:16:15,065 - hotel_reservation_app - INFO - ReportService zainicjowany.
2025-06-17 11:16:15,065 - hotel_reservation_app - INFO - UserService zainicjowany.
2025-06-17 11:16:18,652 - hotel_reservation_app - INFO - Użytkownik kamil pomyślnie uwierzytelniony jako recepcjonista.
2025-06-17 11:16:18,652 - hotel_reservation_app - INFO - Wyświetlono główne menu dla roli: recepcjonista
2025-06-17 11:16:19,810 - hotel_reservation_app - INFO - Użytkownik kamil wchodzi do menu zarządzania gośćmi.
2025-06-17 11:16:22,458 - hotel_reservation_app - INFO - Wyświetlono wszystkich gości.
2025-06-17 11:16:29,579 - hotel_reservation_app - INFO - Poziom lojalności gościa 4 zaktualizowany z Platinum na Gold.
2025-06-17 11:16:30,545 - hotel_reservation_app - INFO - Wyświetlono wszystkich gości.
2025-06-17 11:18:17,243 - hotel_reservation_app - INFO - Znaleziono 2 gości spełniających kryteria wyszukiwania (ID: None, Imię: None, Nazwisko: Nowak, VIP: None, Lojalny: None, Poziom: None, Kontakt: None).
2025-06-17 11:18:24,455 - hotel_reservation_app - INFO - Wyświetlono wszystkich gości.
2025-06-17 11:18:24,455 - hotel_reservation_app - INFO - Posortowano gości według guest_id (odwrócone: False).
2025-06-17 11:18:28,060 - hotel_reservation_app - INFO - Użytkownik kamil opuszcza menu zarządzania gośćmi.
2025-06-17 11:18:28,061 - hotel_reservation_app - INFO - Wyświetlono główne menu dla roli: recepcjonista
2025-06-17 11:18:29,279 - hotel_reservation_app - INFO - Użytkownik kamil wchodzi do menu zarządzania rezerwacjami.
2025-06-17 11:18:30,553 - hotel_reservation_app - INFO - Wyświetlono wszystkie rezerwacje.
2025-06-17 11:19:15,908 - hotel_reservation_app - INFO - Sprawdzanie dostępności: Pokój 104 nie jest dostępny (status: zajęty).
2025-06-17 11:19:15,908 - hotel_reservation_app - INFO - Pokój 104 niedostępny w wybranym terminie (2021-03-03 do 2021-03-13).
2025-06-17 11:20:37,013 - hotel_reservation_app - INFO - Użytkownik kamil opuszcza menu zarządzania rezerwacjami.
2025-06-17 11:20:37,013 - hotel_reservation_app - INFO - Wyświetlono główne menu dla roli: recepcjonista
2025-06-17 11:20:40,164 - hotel_reservation_app - INFO - Użytkownik kamil wchodzi do menu zarządzania pokojami.
2025-06-17 11:20:40,820 - hotel_reservation_app - INFO - Wyświetlono wszystkie pokoje.
2025-06-17 11:20:55,995 - hotel_reservation_app - INFO - Wyświetlono główne menu dla roli: recepcjonista
2025-06-17 11:20:57,967 - hotel_reservation_app - INFO - Użytkownik kamil wchodzi do menu zarządzania rezerwacjami.
2025-06-17 11:21:13,796 - hotel_reservation_app - INFO - Pokój 102 jest dostępny w terminie 2021-03-03 do 2021-03-13.
2025-06-17 11:21:13,796 - hotel_reservation_app - INFO - Znaleziono 2 rabatów spełniających kryteria.
2025-06-17 11:21:13,797 - hotel_reservation_app - INFO - Zmieniono status pokoju 102 na zajęty
2025-06-17 11:21:13,797 - hotel_reservation_app - INFO - Poziom lojalności gościa 4 zaktualizowany z Gold na Silver.
2025-06-17 11:21:13,798 - hotel_reservation_app - INFO - Dodano zapis pobytu dla gościa: 4
2025-06-17 11:21:13,799 - hotel_reservation_app - INFO - Utworzono rezerwację RES0009 dla pokoju 102 i gościa 4. Całkowita cena: 2200.00.
2025-06-17 11:21:29,117 - hotel_reservation_app - INFO - Wyświetlono wszystkie rezerwacje.
2025-06-17 11:24:24,462 - hotel_reservation_app - INFO - Zameldowano gościa dla Rezerwacji RES0009 do Pokoju 102.
2025-06-17 11:24:26,629 - hotel_reservation_app - INFO - Wyświetlono wszystkie rezerwacje.
2025-06-17 11:25:11,421 - hotel_reservation_app - INFO - Zmieniono status pokoju 102 na dostępny
2025-06-17 11:25:11,422 - hotel_reservation_app - INFO - Anulowano rezerwację: RES0009
2025-06-17 11:25:14,891 - hotel_reservation_app - INFO - Wyświetlono wszystkie rezerwacje.
2025-06-17 11:27:55,721 - hotel_reservation_app - INFO - RoomService zainicjowany.
2025-06-17 11:27:55,721 - hotel_reservation_app - INFO - GuestService zainicjowany.
2025-06-17 11:27:55,721 - hotel_reservation_app - INFO - HousekeepingService zainicjowany.
2025-06-17 11:27:55,722 - hotel_reservation_app - INFO - DiscountService zainicjowany.
2025-06-17 11:27:55,722 - hotel_reservation_app - INFO - ReservationService zainicjowany.
2025-06-17 11:27:55,722 - hotel_reservation_app - INFO - PaymentService zainicjowany.
2025-06-17 11:27:55,722 - hotel_reservation_app - INFO - ReportService zainicjowany.
2025-06-17 11:27:55,722 - hotel_reservation_app - INFO - UserService zainicjowany.
2025-06-17 11:28:00,040 - hotel_reservation_app - INFO - Użytkownik kamil pomyślnie uwierzytelniony jako recepcjonista.
2025-06-17 11:28:00,040 - hotel_reservation_app - INFO - Wyświetlono główne menu dla roli: recepcjonista
2025-06-17 11:28:02,314 - hotel_reservation_app - INFO - Użytkownik kamil wchodzi do menu zarządzania rezerwacjami.
2025-06-17 11:28:02,984 - hotel_reservation_app - INFO - Wyświetlono wszystkie rezerwacje.
2025-06-17 11:45:18,723 - hotel_reservation_app - INFO - Użytkownik kamil opuszcza menu zarządzania rezerwacjami.
2025-06-17 11:45:18,723 - hotel_reservation_app - INFO - Wyświetlono główne menu dla roli: recepcjonista
2025-06-17 11:46:06,376 - hotel_reservation_app - INFO - Użytkownik kamil wchodzi do menu zarządzania płatnościami.
2025-06-17 11:47:20,352 - hotel_reservation_app - INFO - Wyświetlono wszystkie płatności.
2025-06-17 11:47:21,225 - hotel_reservation_app - INFO - Wyświetlono wszystkie faktury.
2025-06-17 11:50:28,884 - hotel_reservation_app - INFO - Zapisano fakturę INV0002 do pliku PDF: invoice_INV0002.pdf
2025-06-17 11:51:24,248 - hotel_reservation_app - INFO - Zapisano fakturę INV0001 do pliku PDF: invoice_INV0001.pdf
2025-06-17 11:54:00,562 - hotel_reservation_app - INFO - Znaleziono 1 nieuregulowanych faktur.
2025-06-17 11:54:19,041 - hotel_reservation_app - INFO - Użytkownik kamil opuszcza menu zarządzania płatnościami.
2025-06-17 11:54:19,041 - hotel_reservation_app - INFO - Wyświetlono główne menu dla roli: recepcjonista
2025-06-17 11:54:54,875 - hotel_reservation_app - INFO - Użytkownik kamil wchodzi do menu zarządzania sprzątaniem.
2025-06-17 11:54:57,858 - hotel_reservation_app - INFO - Wyświetlono wszystkie zadania sprzątania.
2025-06-17 11:55:02,892 - hotel_reservation_app - INFO - Wygenerowano harmonogram sprzątania na 2025-05-05. Znaleziono 1 zadań.
2025-06-17 12:08:18,482 - hotel_reservation_app - INFO - Wyświetlono wszystkie zadania sprzątania.
2025-06-17 12:08:22,402 - hotel_reservation_app - ERROR - Błąd formatu daty podczas generowania harmonogramu dziennego:  - time data '' does not match format '%Y-%m-%d'
2025-06-17 13:19:14,850 - hotel_reservation_app - WARNING - Nieprawidłowy wybór w menu sprzątania: 5\
2025-06-17 13:19:16,162 - hotel_reservation_app - INFO - Wyświetlono wszystkie zadania sprzątania.
2025-06-17 13:19:59,828 - hotel_reservation_app - INFO - Wygenerowano harmonogram sprzątania na 2025-05-05. Znaleziono 1 zadań.
2025-06-17 13:24:42,817 - hotel_reservation_app - INFO - Użytkownik kamil opuszcza menu zarządzania sprzątaniem.
2025-06-17 13:24:42,817 - hotel_reservation_app - INFO - Wyświetlono główne menu dla roli: recepcjonista
2025-06-17 13:26:52,294 - hotel_reservation_app - INFO - Dodano rabat: DISC0004 (1234).
2025-06-17 13:27:53,792 - hotel_reservation_app - INFO - Znaleziono 2 rabatów spełniających kryteria.
2025-06-17 13:28:00,572 - hotel_reservation_app - INFO - Wyświetlono główne menu dla roli: recepcjonista
2025-06-17 13:29:08,285 - hotel_reservation_app - INFO - RoomService zainicjowany.
2025-06-17 13:29:08,286 - hotel_reservation_app - INFO - GuestService zainicjowany.
2025-06-17 13:29:08,289 - hotel_reservation_app - INFO - HousekeepingService zainicjowany.
2025-06-17 13:29:08,290 - hotel_reservation_app - INFO - DiscountService zainicjowany.
2025-06-17 13:29:08,290 - hotel_reservation_app - INFO - ReservationService zainicjowany.
2025-06-17 13:29:08,294 - hotel_reservation_app - INFO - PaymentService zainicjowany.
2025-06-17 13:29:08,294 - hotel_reservation_app - INFO - ReportService zainicjowany.
2025-06-17 13:29:08,295 - hotel_reservation_app - INFO - UserService zainicjowany.
2025-06-17 13:29:14,154 - hotel_reservation_app - INFO - Użytkownik admin pomyślnie uwierzytelniony jako administrator.
2025-06-17 13:29:14,155 - hotel_reservation_app - INFO - Wyświetlono główne menu dla roli: administrator
2025-06-17 13:29:26,372 - hotel_reservation_app - INFO - Wyświetlono główne menu dla roli: administrator
2025-06-17 13:29:30,381 - hotel_reservation_app - INFO - RoomService zainicjowany.
2025-06-17 13:29:30,381 - hotel_reservation_app - INFO - GuestService zainicjowany.
2025-06-17 13:29:30,381 - hotel_reservation_app - INFO - HousekeepingService zainicjowany.
2025-06-17 13:29:30,381 - hotel_reservation_app - INFO - DiscountService zainicjowany.
2025-06-17 13:29:30,381 - hotel_reservation_app - INFO - ReservationService zainicjowany.
2025-06-17 13:29:30,381 - hotel_reservation_app - INFO - PaymentService zainicjowany.
2025-06-17 13:29:30,381 - hotel_reservation_app - INFO - ReportService zainicjowany.
2025-06-17 13:29:30,381 - hotel_reservation_app - INFO - UserService zainicjowany.
2025-06-17 13:29:33,078 - hotel_reservation_app - INFO - Użytkownik olek pomyślnie uwierzytelniony jako pokojówka.
2025-06-17 13:29:33,078 - hotel_reservation_app - INFO - Wyświetlono główne menu dla roli: pokojówka
2025-06-17 13:31:17,620 - hotel_reservation_app - INFO - Wyświetlono główne menu dla roli: pokojówka
2025-06-17 13:31:23,484 - hotel_reservation_app - INFO - Użytkownik olek wchodzi do menu zarządzania pokojami.
2025-06-17 13:31:23,484 - hotel_reservation_app - WARNING - Użytkownik olek próbował uzyskać dostęp do zarządzania pokojami bez uprawnień.
2025-06-17 13:31:24,053 - hotel_reservation_app - INFO - Wyświetlono główne menu dla roli: pokojówka
2025-06-17 13:31:24,489 - hotel_reservation_app - INFO - Użytkownik olek wchodzi do menu zarządzania gośćmi.
2025-06-17 13:31:24,489 - hotel_reservation_app - WARNING - Użytkownik olek próbował uzyskać dostęp do zarządzania gośćmi bez uprawnień.
2025-06-17 13:31:24,913 - hotel_reservation_app - INFO - Wyświetlono główne menu dla roli: pokojówka
2025-06-17 13:31:25,260 - hotel_reservation_app - INFO - Użytkownik olek wchodzi do menu zarządzania rezerwacjami.
2025-06-17 13:31:25,260 - hotel_reservation_app - WARNING - Użytkownik olek próbował uzyskać dostęp do zarządzania rezerwacjami bez uprawnień.
2025-06-17 13:31:25,641 - hotel_reservation_app - INFO - Wyświetlono główne menu dla roli: pokojówka
2025-06-17 13:31:26,023 - hotel_reservation_app - INFO - Użytkownik olek wchodzi do menu zarządzania płatnościami.
2025-06-17 13:31:26,023 - hotel_reservation_app - WARNING - Użytkownik olek próbował uzyskać dostęp do zarządzania płatnościami bez uprawnień.
2025-06-17 13:31:26,483 - hotel_reservation_app - INFO - Wyświetlono główne menu dla roli: pokojówka
2025-06-17 13:32:55,102 - hotel_reservation_app - INFO - RoomService zainicjowany.
2025-06-17 13:32:55,102 - hotel_reservation_app - INFO - GuestService zainicjowany.
2025-06-17 13:32:55,103 - hotel_reservation_app - INFO - HousekeepingService zainicjowany.
2025-06-17 13:32:55,103 - hotel_reservation_app - INFO - DiscountService zainicjowany.
2025-06-17 13:32:55,103 - hotel_reservation_app - INFO - ReservationService zainicjowany.
2025-06-17 13:32:55,103 - hotel_reservation_app - INFO - PaymentService zainicjowany.
2025-06-17 13:32:55,104 - hotel_reservation_app - INFO - ReportService zainicjowany.
2025-06-17 13:32:55,104 - hotel_reservation_app - INFO - UserService zainicjowany.
2025-06-17 13:32:58,993 - hotel_reservation_app - INFO - Użytkownik admin pomyślnie uwierzytelniony jako administrator.
2025-06-17 13:32:58,993 - hotel_reservation_app - INFO - Wyświetlono główne menu dla roli: administrator
2025-06-17 13:33:21,687 - hotel_reservation_app - INFO - Dodano użytkownika: franek z rolą pokojówka.
2025-06-17 13:33:30,956 - hotel_reservation_app - INFO - Wyświetlono główne menu dla roli: administrator
2025-06-17 13:33:34,319 - hotel_reservation_app - INFO - RoomService zainicjowany.
2025-06-17 13:33:34,319 - hotel_reservation_app - INFO - GuestService zainicjowany.
2025-06-17 13:33:34,319 - hotel_reservation_app - INFO - HousekeepingService zainicjowany.
2025-06-17 13:33:34,319 - hotel_reservation_app - INFO - DiscountService zainicjowany.
2025-06-17 13:33:34,319 - hotel_reservation_app - INFO - ReservationService zainicjowany.
2025-06-17 13:33:34,320 - hotel_reservation_app - INFO - PaymentService zainicjowany.
2025-06-17 13:33:34,320 - hotel_reservation_app - INFO - ReportService zainicjowany.
2025-06-17 13:33:34,325 - hotel_reservation_app - INFO - UserService zainicjowany.
2025-06-17 13:33:37,750 - hotel_reservation_app - INFO - Użytkownik olek pomyślnie uwierzytelniony jako pokojówka.
2025-06-17 13:33:37,752 - hotel_reservation_app - INFO - Wyświetlono główne menu dla roli: pokojówka
2025-06-17 13:33:40,001 - hotel_reservation_app - INFO - Użytkownik olek wchodzi do menu zarządzania pokojami.
2025-06-17 13:33:40,001 - hotel_reservation_app - WARNING - Użytkownik olek próbował uzyskać dostęp do zarządzania pokojami bez uprawnień.
2025-06-17 13:35:50,097 - hotel_reservation_app - INFO - RoomService zainicjowany.
2025-06-17 13:35:50,097 - hotel_reservation_app - INFO - GuestService zainicjowany.
2025-06-17 13:35:50,097 - hotel_reservation_app - INFO - HousekeepingService zainicjowany.
2025-06-17 13:35:50,099 - hotel_reservation_app - INFO - DiscountService zainicjowany.
2025-06-17 13:35:50,099 - hotel_reservation_app - INFO - ReservationService zainicjowany.
2025-06-17 13:35:50,099 - hotel_reservation_app - INFO - PaymentService zainicjowany.
2025-06-17 13:35:50,100 - hotel_reservation_app - INFO - ReportService zainicjowany.
2025-06-17 13:35:50,100 - hotel_reservation_app - INFO - UserService zainicjowany.
2025-06-17 13:35:55,122 - hotel_reservation_app - INFO - Użytkownik olek pomyślnie uwierzytelniony jako pokojówka.
2025-06-17 13:36:00,926 - hotel_reservation_app - INFO - Użytkownik olek wchodzi do menu zarządzania sprzątaniem.
2025-06-17 13:36:08,706 - hotel_reservation_app - INFO - Wyświetlono wszystkie zadania sprzątania.
2025-06-17 13:36:16,394 - hotel_reservation_app - INFO - Wygenerowano harmonogram sprzątania na 2025-05-05. Znaleziono 1 zadań.
2025-06-17 13:36:22,327 - hotel_reservation_app - INFO - Użytkownik olek opuszcza menu zarządzania sprzątaniem.
2025-06-17 13:36:29,692 - hotel_reservation_app - INFO - RoomService zainicjowany.
2025-06-17 13:36:29,692 - hotel_reservation_app - INFO - GuestService zainicjowany.
2025-06-17 13:36:29,692 - hotel_reservation_app - INFO - HousekeepingService zainicjowany.
2025-06-17 13:36:29,692 - hotel_reservation_app - INFO - DiscountService zainicjowany.
2025-06-17 13:36:29,693 - hotel_reservation_app - INFO - ReservationService zainicjowany.
2025-06-17 13:36:29,693 - hotel_reservation_app - INFO - PaymentService zainicjowany.
2025-06-17 13:36:29,693 - hotel_reservation_app - INFO - ReportService zainicjowany.
2025-06-17 13:36:29,693 - hotel_reservation_app - INFO - UserService zainicjowany.
2025-06-17 13:36:35,829 - hotel_reservation_app - INFO - Użytkownik admin pomyślnie uwierzytelniony jako administrator.
2025-06-17 13:37:53,721 - hotel_reservation_app - INFO - Użytkownik admin wchodzi do menu zarządzania gośćmi.
2025-06-17 13:37:54,730 - hotel_reservation_app - INFO - Wyświetlono wszystkich gości.
2025-06-17 13:37:58,725 - hotel_reservation_app - INFO - Użytkownik admin opuszcza menu zarządzania gośćmi.
2025-06-17 13:38:00,309 - hotel_reservation_app - INFO - Użytkownik admin wchodzi do menu zarządzania sprzątaniem.
2025-06-17 13:38:02,364 - hotel_reservation_app - INFO - Wyświetlono wszystkie zadania sprzątania.
2025-06-19 14:43:02,025 - hotel_reservation_app - INFO - RoomService zainicjowany.
2025-06-19 14:43:02,025 - hotel_reservation_app - INFO - GuestService zainicjowany.
2025-06-19 14:43:02,025 - hotel_reservation_app - INFO - HousekeepingService zainicjowany.
2025-06-19 14:43:02,025 - hotel_reservation_app - INFO - DiscountService zainicjowany.
2025-06-19 14:43:02,025 - hotel_reservation_app - INFO - ReservationService zainicjowany.
2025-06-19 14:43:02,025 - hotel_reservation_app - INFO - PaymentService zainicjowany.
2025-06-19 14:43:02,025 - hotel_reservation_app - INFO - ReportService zainicjowany.
2025-06-19 14:43:02,026 - hotel_reservation_app - INFO - UserService zainicjowany.
2025-06-19 14:43:06,062 - hotel_reservation_app - INFO - Użytkownik kamil pomyślnie uwierzytelniony jako recepcjonista.
2025-06-19 14:43:10,815 - hotel_reservation_app - INFO - RoomService zainicjowany.
2025-06-19 14:43:10,815 - hotel_reservation_app - INFO - GuestService zainicjowany.
2025-06-19 14:43:10,815 - hotel_reservation_app - INFO - HousekeepingService zainicjowany.
2025-06-19 14:43:10,815 - hotel_reservation_app - INFO - DiscountService zainicjowany.
2025-06-19 14:43:10,815 - hotel_reservation_app - INFO - ReservationService zainicjowany.
2025-06-19 14:43:10,815 - hotel_reservation_app - INFO - PaymentService zainicjowany.
2025-06-19 14:43:10,815 - hotel_reservation_app - INFO - ReportService zainicjowany.
2025-06-19 14:43:10,816 - hotel_reservation_app - INFO - UserService zainicjowany.
2025-06-19 14:43:14,685 - hotel_reservation_app - INFO - Użytkownik olek pomyślnie uwierzytelniony jako pokojówka.
2025-06-19 14:43:16,314 - hotel_reservation_app - INFO - Użytkownik olek wchodzi do menu zarządzania sprzątaniem.
2025-06-19 14:43:18,304 - hotel_reservation_app - INFO - Użytkownik olek opuszcza menu zarządzania sprzątaniem.
2025-06-19 20:06:16,308 - hotel_reservation_app - INFO - RoomService zainicjowany.
2025-06-19 20:06:16,308 - hotel_reservation_app - INFO - GuestService zainicjowany.
2025-06-19 20:06:16,309 - hotel_reservation_app - INFO - HousekeepingService zainicjowany.
2025-06-19 20:06:16,309 - hotel_reservation_app - INFO - DiscountService zainicjowany.
2025-06-19 20:06:16,309 - hotel_reservation_app - INFO - ReservationService zainicjowany.
2025-06-19 20:06:16,309 - hotel_reservation_app - INFO - PaymentService zainicjowany.
2025-06-19 20:06:16,310 - hotel_reservation_app - INFO - ReportService zainicjowany.
2025-06-19 20:06:16,310 - hotel_reservation_app - INFO - UserService zainicjowany.
2025-06-19 20:06:21,428 - hotel_reservation_app - INFO - Użytkownik admin pomyślnie uwierzytelniony jako administrator.
2025-06-19 20:06:24,711 - hotel_reservation_app - INFO - Użytkownik admin wchodzi do menu zarządzania pokojami.
2025-06-19 20:06:26,030 - hotel_reservation_app - INFO - Wyświetlono wszystkie pokoje.
2025-06-23 12:29:24,480 - hotel_reservation_app - INFO - RoomService zainicjowany.
2025-06-23 12:29:24,481 - hotel_reservation_app - INFO - GuestService zainicjowany.
2025-06-23 12:29:24,481 - hotel_reservation_app - INFO - HousekeepingService zainicjowany.
2025-06-23 12:29:24,481 - hotel_reservation_app - INFO - DiscountService zainicjowany.
2025-06-23 12:29:24,481 - hotel_reservation_app - INFO - ReservationService zainicjowany.
2025-06-23 12:29:24,481 - hotel_reservation_app - INFO - PaymentService zainicjowany.
2025-06-23 12:29:24,481 - hotel_reservation_app - INFO - ReportService zainicjowany.
2025-06-23 12:29:24,483 - hotel_reservation_app - INFO - UserService zainicjowany.
2025-06-23 12:29:29,311 - hotel_reservation_app - INFO - Użytkownik admin pomyślnie uwierzytelniony jako administrator.
2025-06-23 12:38:27,726 - hotel_reservation_app - INFO - RoomService zainicjowany (DB).
2025-06-23 12:38:27,727 - hotel_reservation_app - INFO - GuestService zainicjowany.
2025-06-23 12:38:27,727 - hotel_reservation_app - INFO - HousekeepingService zainicjowany.
2025-06-23 12:38:27,727 - hotel_reservation_app - INFO - DiscountService zainicjowany.
2025-06-23 12:38:27,727 - hotel_reservation_app - INFO - ReservationService zainicjowany.
2025-06-23 12:38:27,728 - hotel_reservation_app - INFO - PaymentService zainicjowany.
2025-06-23 12:38:27,728 - hotel_reservation_app - INFO - ReportService zainicjowany.
2025-06-23 12:38:27,728 - hotel_reservation_app - INFO - UserService zainicjowany.
2025-06-23 12:38:33,221 - hotel_reservation_app - INFO - Użytkownik admin pomyślnie uwierzytelniony jako administrator.
2025-06-23 12:38:34,363 - hotel_reservation_app - INFO - Użytkownik admin wchodzi do menu zarządzania pokojami.
2025-06-23 12:39:32,269 - hotel_reservation_app - INFO - RoomService zainicjowany (DB).
2025-06-23 12:39:32,270 - hotel_reservation_app - INFO - GuestService zainicjowany.
2025-06-23 12:39:32,270 - hotel_reservation_app - INFO - HousekeepingService zainicjowany.
2025-06-23 12:39:32,270 - hotel_reservation_app - INFO - DiscountService zainicjowany.
2025-06-23 12:39:32,270 - hotel_reservation_app - INFO - ReservationService zainicjowany.
2025-06-23 12:39:32,271 - hotel_reservation_app - INFO - PaymentService zainicjowany.
2025-06-23 12:39:32,271 - hotel_reservation_app - INFO - ReportService zainicjowany.
2025-06-23 12:39:32,271 - hotel_reservation_app - INFO - UserService zainicjowany.
2025-06-23 12:39:36,138 - hotel_reservation_app - INFO - Użytkownik admin pomyślnie uwierzytelniony jako administrator.
2025-06-23 12:39:37,165 - hotel_reservation_app - INFO - Użytkownik admin wchodzi do menu zarządzania pokojami.
2025-06-23 12:40:18,841 - hotel_reservation_app - INFO - DatabaseManager initialized.
2025-06-23 12:40:18,841 - hotel_reservation_app - INFO - RoomService zainicjowany (DB).
2025-06-23 12:40:18,841 - hotel_reservation_app - INFO - GuestService zainicjowany.
2025-06-23 12:40:18,842 - hotel_reservation_app - INFO - HousekeepingService zainicjowany.
2025-06-23 12:40:18,842 - hotel_reservation_app - INFO - DiscountService zainicjowany.
2025-06-23 12:40:18,842 - hotel_reservation_app - INFO - ReservationService zainicjowany.
2025-06-23 12:40:18,843 - hotel_reservation_app - INFO - PaymentService zainicjowany.
2025-06-23 12:40:18,843 - hotel_reservation_app - INFO - ReportService zainicjowany.
2025-06-23 12:40:18,843 - hotel_reservation_app - INFO - UserService zainicjowany.
2025-06-23 12:40:22,809 - hotel_reservation_app - INFO - Użytkownik admin pomyślnie uwierzytelniony jako administrator.
2025-06-23 12:40:23,565 - hotel_reservation_app - INFO - Użytkownik admin wchodzi do menu zarządzania pokojami.
2025-06-23 12:40:34,985 - hotel_reservation_app - INFO - Dodano pokój: 201
2025-06-23 12:40:34,985 - hotel_reservation_app - INFO - Dodano nowy pokój: 201
2025-06-23 12:40:36,173 - hotel_reservation_app - INFO - Wyświetlono wszystkie pokoje.
2025-06-23 12:40:36,174 - hotel_reservation_app - INFO - Wyświetlono wszystkie pokoje.
2025-06-23 12:46:45,313 - hotel_reservation_app - INFO - Zaktualizowano pokój: 1 z danymi: {'floor': 2, 'room_type': 'apartament', 'price': 1234.0, 'amenities': ['TV']}
2025-06-23 12:46:45,314 - hotel_reservation_app - INFO - Zaktualizowano pokój: 1
2025-06-23 12:46:46,850 - hotel_reservation_app - INFO - Wyświetlono wszystkie pokoje.
2025-06-23 12:46:46,851 - hotel_reservation_app - INFO - Wyświetlono wszystkie pokoje.
2025-06-23 12:47:09,470 - hotel_reservation_app - INFO - Zmieniono status pokoju 2 na zajęty
2025-06-23 12:47:10,602 - hotel_reservation_app - INFO - Wyświetlono wszystkie pokoje.
2025-06-23 12:47:10,603 - hotel_reservation_app - INFO - Wyświetlono wszystkie pokoje.
2025-06-23 12:47:36,433 - hotel_reservation_app - INFO - Znaleziono 1 dostępnych pokoi.
2025-06-23 12:47:36,434 - hotel_reservation_app - INFO - Wyświetlono dostępne pokoje.
2025-06-23 12:48:09,791 - hotel_reservation_app - INFO - DatabaseManager initialized.
2025-06-23 12:48:09,791 - hotel_reservation_app - INFO - RoomService zainicjowany (DB).
2025-06-23 12:48:09,791 - hotel_reservation_app - INFO - GuestService zainicjowany.
2025-06-23 12:48:09,791 - hotel_reservation_app - INFO - HousekeepingService zainicjowany.
2025-06-23 12:48:09,792 - hotel_reservation_app - INFO - DiscountService zainicjowany.
2025-06-23 12:48:09,792 - hotel_reservation_app - INFO - ReservationService zainicjowany.
2025-06-23 12:48:09,792 - hotel_reservation_app - INFO - PaymentService zainicjowany.
2025-06-23 12:48:09,792 - hotel_reservation_app - INFO - ReportService zainicjowany.
2025-06-23 12:48:09,792 - hotel_reservation_app - INFO - UserService zainicjowany.
2025-06-23 12:48:15,360 - hotel_reservation_app - INFO - Użytkownik admin pomyślnie uwierzytelniony jako administrator.
2025-06-23 12:48:18,061 - hotel_reservation_app - INFO - Użytkownik admin wchodzi do menu zarządzania pokojami.
2025-06-23 12:48:32,462 - hotel_reservation_app - INFO - DatabaseManager initialized.
2025-06-23 12:48:32,463 - hotel_reservation_app - INFO - RoomService zainicjowany (DB).
2025-06-23 12:48:32,463 - hotel_reservation_app - INFO - GuestService zainicjowany.
2025-06-23 12:48:32,463 - hotel_reservation_app - INFO - HousekeepingService zainicjowany.
2025-06-23 12:48:32,463 - hotel_reservation_app - INFO - DiscountService zainicjowany.
2025-06-23 12:48:32,464 - hotel_reservation_app - INFO - ReservationService zainicjowany.
2025-06-23 12:48:32,464 - hotel_reservation_app - INFO - PaymentService zainicjowany.
2025-06-23 12:48:32,464 - hotel_reservation_app - INFO - ReportService zainicjowany.
2025-06-23 12:48:32,464 - hotel_reservation_app - INFO - UserService zainicjowany.
2025-06-23 12:48:37,889 - hotel_reservation_app - INFO - Użytkownik admin pomyślnie uwierzytelniony jako administrator.
2025-06-23 12:48:39,000 - hotel_reservation_app - INFO - Użytkownik admin wchodzi do menu zarządzania pokojami.
2025-06-23 12:50:53,738 - hotel_reservation_app - INFO - DatabaseManager initialized.
2025-06-23 12:50:53,738 - hotel_reservation_app - INFO - RoomService zainicjowany (DB).
2025-06-23 12:50:53,738 - hotel_reservation_app - INFO - GuestService zainicjowany.
2025-06-23 12:50:53,738 - hotel_reservation_app - INFO - HousekeepingService zainicjowany.
2025-06-23 12:50:53,738 - hotel_reservation_app - INFO - DiscountService zainicjowany.
2025-06-23 12:50:53,738 - hotel_reservation_app - INFO - ReservationService zainicjowany.
2025-06-23 12:50:53,739 - hotel_reservation_app - INFO - PaymentService zainicjowany.
2025-06-23 12:50:53,739 - hotel_reservation_app - INFO - ReportService zainicjowany.
2025-06-23 12:50:53,739 - hotel_reservation_app - INFO - UserService zainicjowany.
2025-06-23 12:50:59,013 - hotel_reservation_app - INFO - Użytkownik admin pomyślnie uwierzytelniony jako administrator.
2025-06-23 12:51:00,083 - hotel_reservation_app - INFO - Użytkownik admin wchodzi do menu zarządzania pokojami.
2025-06-23 12:51:00,646 - hotel_reservation_app - INFO - Brak pokoi w systemie do wyświetlenia.
2025-06-23 12:51:00,647 - hotel_reservation_app - INFO - Wyświetlono wszystkie pokoje.
2025-06-23 12:57:35,995 - hotel_reservation_app - INFO - DatabaseManager initialized.
2025-06-23 12:57:35,995 - hotel_reservation_app - INFO - RoomService zainicjowany (DB).
2025-06-23 12:57:35,995 - hotel_reservation_app - INFO - GuestService zainicjowany (DB).
2025-06-23 12:57:35,995 - hotel_reservation_app - INFO - HousekeepingService zainicjowany.
2025-06-23 12:57:35,996 - hotel_reservation_app - INFO - DiscountService zainicjowany.
2025-06-23 12:57:35,996 - hotel_reservation_app - INFO - ReservationService zainicjowany.
2025-06-23 12:57:35,996 - hotel_reservation_app - INFO - PaymentService zainicjowany.
2025-06-23 12:57:35,996 - hotel_reservation_app - INFO - ReportService zainicjowany.
2025-06-23 12:57:35,996 - hotel_reservation_app - INFO - UserService zainicjowany.
2025-06-23 12:57:41,894 - hotel_reservation_app - INFO - Użytkownik admin pomyślnie uwierzytelniony jako administrator.
2025-06-23 12:57:46,174 - hotel_reservation_app - INFO - Użytkownik admin wchodzi do menu zarządzania gośćmi.
2025-06-23 12:58:19,743 - hotel_reservation_app - INFO - DatabaseManager initialized.
2025-06-23 12:58:19,743 - hotel_reservation_app - INFO - RoomService zainicjowany (DB).
2025-06-23 12:58:19,743 - hotel_reservation_app - INFO - GuestService zainicjowany (DB).
2025-06-23 12:58:19,744 - hotel_reservation_app - INFO - HousekeepingService zainicjowany.
2025-06-23 12:58:19,744 - hotel_reservation_app - INFO - DiscountService zainicjowany.
2025-06-23 12:58:19,744 - hotel_reservation_app - INFO - ReservationService zainicjowany.
2025-06-23 12:58:19,744 - hotel_reservation_app - INFO - PaymentService zainicjowany.
2025-06-23 12:58:19,745 - hotel_reservation_app - INFO - ReportService zainicjowany.
2025-06-23 12:58:19,745 - hotel_reservation_app - INFO - UserService zainicjowany.
2025-06-23 12:58:34,918 - hotel_reservation_app - INFO - DatabaseManager initialized.
2025-06-23 12:58:34,918 - hotel_reservation_app - INFO - RoomService zainicjowany (DB).
2025-06-23 12:58:34,918 - hotel_reservation_app - INFO - GuestService zainicjowany (DB).
2025-06-23 12:58:34,919 - hotel_reservation_app - INFO - HousekeepingService zainicjowany.
2025-06-23 12:58:34,919 - hotel_reservation_app - INFO - DiscountService zainicjowany.
2025-06-23 12:58:34,919 - hotel_reservation_app - INFO - ReservationService zainicjowany.
2025-06-23 12:58:34,919 - hotel_reservation_app - INFO - PaymentService zainicjowany.
2025-06-23 12:58:34,919 - hotel_reservation_app - INFO - ReportService zainicjowany.
2025-06-23 12:58:34,919 - hotel_reservation_app - INFO - UserService zainicjowany.
2025-06-23 12:58:41,235 - hotel_reservation_app - INFO - DatabaseManager initialized.
2025-06-23 12:58:41,235 - hotel_reservation_app - INFO - RoomService zainicjowany (DB).
2025-06-23 12:58:41,235 - hotel_reservation_app - INFO - GuestService zainicjowany (DB).
2025-06-23 12:58:41,235 - hotel_reservation_app - INFO - HousekeepingService zainicjowany.
2025-06-23 12:58:41,236 - hotel_reservation_app - INFO - DiscountService zainicjowany.
2025-06-23 12:58:41,236 - hotel_reservation_app - INFO - ReservationService zainicjowany.
2025-06-23 12:58:41,236 - hotel_reservation_app - INFO - PaymentService zainicjowany.
2025-06-23 12:58:41,236 - hotel_reservation_app - INFO - ReportService zainicjowany.
2025-06-23 12:58:41,237 - hotel_reservation_app - INFO - UserService zainicjowany.
2025-06-23 12:58:45,404 - hotel_reservation_app - INFO - Użytkownik admin pomyślnie uwierzytelniony jako administrator.
2025-06-23 12:58:46,426 - hotel_reservation_app - INFO - Użytkownik admin wchodzi do menu zarządzania gośćmi.
2025-06-23 12:58:47,153 - hotel_reservation_app - INFO - Brak gości w systemie do wyświetlenia.
2025-06-23 12:59:24,613 - hotel_reservation_app - WARNING - Nieprawidłowy format e-maila podczas dodawania gościa: kamilstyn@gmail.com
2025-06-23 12:59:25,633 - hotel_reservation_app - INFO - Brak gości w systemie do wyświetlenia.
2025-06-23 12:59:31,228 - hotel_reservation_app - INFO - Brak gości w systemie do wyświetlenia.
2025-06-23 12:59:35,348 - hotel_reservation_app - INFO - Dodano gościa:  -  
2025-06-23 13:00:42,735 - hotel_reservation_app - INFO - DatabaseManager initialized.
2025-06-23 13:00:42,736 - hotel_reservation_app - INFO - RoomService zainicjowany (DB).
2025-06-23 13:00:42,736 - hotel_reservation_app - INFO - GuestService zainicjowany (DB).
2025-06-23 13:00:42,736 - hotel_reservation_app - INFO - HousekeepingService zainicjowany.
2025-06-23 13:00:42,737 - hotel_reservation_app - INFO - DiscountService zainicjowany.
2025-06-23 13:00:42,737 - hotel_reservation_app - INFO - ReservationService zainicjowany.
2025-06-23 13:00:42,737 - hotel_reservation_app - INFO - PaymentService zainicjowany.
2025-06-23 13:00:42,737 - hotel_reservation_app - INFO - ReportService zainicjowany.
2025-06-23 13:00:42,737 - hotel_reservation_app - INFO - UserService zainicjowany.
2025-06-23 13:00:46,544 - hotel_reservation_app - INFO - Użytkownik admin pomyślnie uwierzytelniony jako administrator.
2025-06-23 13:00:47,350 - hotel_reservation_app - INFO - Użytkownik admin wchodzi do menu zarządzania gośćmi.
2025-06-23 13:00:47,900 - hotel_reservation_app - INFO - Pobrano 1 gości z bazy.
2025-06-23 13:00:47,901 - hotel_reservation_app - INFO - Wyświetlono wszystkich gości.
2025-06-23 13:00:52,997 - hotel_reservation_app - INFO - Usunięto gościa: 
2025-06-23 13:00:54,259 - hotel_reservation_app - INFO - Pobrano 0 gości z bazy.
2025-06-23 13:00:54,259 - hotel_reservation_app - INFO - Brak gości w systemie do wyświetlenia.
2025-06-23 13:01:25,556 - hotel_reservation_app - WARNING - Nieprawidłowy format e-maila podczas dodawania gościa: kamilstyn@gmail.com
2025-06-23 13:01:26,523 - hotel_reservation_app - INFO - Pobrano 0 gości z bazy.
2025-06-23 13:01:26,523 - hotel_reservation_app - INFO - Brak gości w systemie do wyświetlenia.
2025-06-23 13:01:32,536 - hotel_reservation_app - INFO - Pobrano 0 gości z bazy.
2025-06-23 13:01:32,537 - hotel_reservation_app - INFO - Brak gości w systemie do wyświetlenia.
2025-06-23 13:16:21,380 - hotel_reservation_app - INFO - Użytkownik admin opuszcza menu zarządzania gośćmi.
2025-06-23 13:16:22,500 - hotel_reservation_app - INFO - Użytkownik admin wchodzi do menu zarządzania pokojami.
2025-06-23 13:16:23,217 - hotel_reservation_app - INFO - Brak pokoi w systemie do wyświetlenia.
2025-06-23 13:16:23,218 - hotel_reservation_app - INFO - Wyświetlono wszystkie pokoje.
2025-06-23 13:17:00,430 - hotel_reservation_app - INFO - Dodano pokój: 101
2025-06-23 13:17:00,430 - hotel_reservation_app - INFO - Dodano nowy pokój: 101
2025-06-23 13:17:01,546 - hotel_reservation_app - INFO - Wyświetlono wszystkie pokoje.
2025-06-23 13:17:01,547 - hotel_reservation_app - INFO - Wyświetlono wszystkie pokoje.
2025-06-23 13:18:21,665 - hotel_reservation_app - INFO - DatabaseManager initialized.
2025-06-23 13:18:21,665 - hotel_reservation_app - INFO - RoomService zainicjowany (DB).
2025-06-23 13:18:21,665 - hotel_reservation_app - INFO - GuestService zainicjowany (DB).
2025-06-23 13:18:21,666 - hotel_reservation_app - INFO - HousekeepingService zainicjowany.
2025-06-23 13:18:21,666 - hotel_reservation_app - INFO - DiscountService zainicjowany.
2025-06-23 13:18:21,666 - hotel_reservation_app - INFO - ReservationService zainicjowany.
2025-06-23 13:18:21,667 - hotel_reservation_app - INFO - PaymentService zainicjowany.
2025-06-23 13:18:21,667 - hotel_reservation_app - INFO - ReportService zainicjowany.
2025-06-23 13:18:21,667 - hotel_reservation_app - INFO - UserService zainicjowany.
2025-06-23 13:18:25,317 - hotel_reservation_app - INFO - Użytkownik admin pomyślnie uwierzytelniony jako administrator.
2025-06-23 13:18:26,054 - hotel_reservation_app - INFO - Użytkownik admin wchodzi do menu zarządzania pokojami.
2025-06-23 13:19:04,199 - hotel_reservation_app - INFO - DatabaseManager initialized.
2025-06-23 13:19:04,199 - hotel_reservation_app - INFO - RoomService zainicjowany (DB).
2025-06-23 13:19:04,199 - hotel_reservation_app - INFO - GuestService zainicjowany (DB).
2025-06-23 13:19:04,199 - hotel_reservation_app - INFO - HousekeepingService zainicjowany.
2025-06-23 13:19:04,200 - hotel_reservation_app - INFO - DiscountService zainicjowany.
2025-06-23 13:19:04,200 - hotel_reservation_app - INFO - ReservationService zainicjowany.
2025-06-23 13:19:04,200 - hotel_reservation_app - INFO - PaymentService zainicjowany.
2025-06-23 13:19:04,200 - hotel_reservation_app - INFO - ReportService zainicjowany.
2025-06-23 13:19:04,200 - hotel_reservation_app - INFO - UserService zainicjowany.
2025-06-23 13:19:08,530 - hotel_reservation_app - INFO - Użytkownik admin pomyślnie uwierzytelniony jako administrator.
2025-06-23 13:19:09,532 - hotel_reservation_app - INFO - Użytkownik admin wchodzi do menu zarządzania pokojami.
2025-06-23 13:19:16,520 - hotel_reservation_app - INFO - Dodano pokój: 102
2025-06-23 13:19:16,520 - hotel_reservation_app - INFO - Dodano nowy pokój: 102
2025-06-23 13:20:20,483 - hotel_reservation_app - INFO - Wyświetlono wszystkie pokoje.
2025-06-23 13:20:20,484 - hotel_reservation_app - INFO - Wyświetlono wszystkie pokoje.
2025-06-23 13:20:25,101 - hotel_reservation_app - INFO - Usunięto pokój: 101
2025-06-23 13:20:25,101 - hotel_reservation_app - INFO - Próba usunięcia pokoju: 101
2025-06-23 13:20:26,467 - hotel_reservation_app - INFO - Wyświetlono wszystkie pokoje.
2025-06-23 13:20:26,467 - hotel_reservation_app - INFO - Wyświetlono wszystkie pokoje.
2025-06-23 13:20:45,168 - hotel_reservation_app - INFO - Dodano pokój: 103
2025-06-23 13:20:45,168 - hotel_reservation_app - INFO - Dodano nowy pokój: 103
2025-06-23 13:20:46,317 - hotel_reservation_app - INFO - Wyświetlono wszystkie pokoje.
2025-06-23 13:20:46,318 - hotel_reservation_app - INFO - Wyświetlono wszystkie pokoje.
2025-06-23 13:21:20,981 - hotel_reservation_app - INFO - DatabaseManager initialized.
2025-06-23 13:21:20,981 - hotel_reservation_app - INFO - RoomService zainicjowany (DB).
2025-06-23 13:21:20,981 - hotel_reservation_app - INFO - GuestService zainicjowany (DB).
2025-06-23 13:21:20,981 - hotel_reservation_app - INFO - HousekeepingService zainicjowany.
2025-06-23 13:21:20,981 - hotel_reservation_app - INFO - DiscountService zainicjowany.
2025-06-23 13:21:20,981 - hotel_reservation_app - INFO - ReservationService zainicjowany.
2025-06-23 13:21:20,982 - hotel_reservation_app - INFO - PaymentService zainicjowany.
2025-06-23 13:21:20,982 - hotel_reservation_app - INFO - ReportService zainicjowany.
2025-06-23 13:21:20,982 - hotel_reservation_app - INFO - UserService zainicjowany.
2025-06-23 13:21:25,270 - hotel_reservation_app - INFO - Użytkownik admin pomyślnie uwierzytelniony jako administrator.
2025-06-23 13:21:26,154 - hotel_reservation_app - INFO - Użytkownik admin wchodzi do menu zarządzania pokojami.
2025-06-23 13:21:43,880 - hotel_reservation_app - INFO - Zaktualizowano pokój: 103 z danymi: {'room_type': 'pojedynczy', 'price': 120.0, 'amenities': ['tv']}
2025-06-23 13:21:43,881 - hotel_reservation_app - INFO - Zaktualizowano pokój: 103
2025-06-23 13:21:45,198 - hotel_reservation_app - INFO - Wyświetlono wszystkie pokoje.
2025-06-23 13:21:45,199 - hotel_reservation_app - INFO - Wyświetlono wszystkie pokoje.
2025-06-23 13:21:56,036 - hotel_reservation_app - INFO - Zmieniono status pokoju 103 na zajęty
2025-06-23 13:21:57,230 - hotel_reservation_app - INFO - Wyświetlono wszystkie pokoje.
2025-06-23 13:21:57,231 - hotel_reservation_app - INFO - Wyświetlono wszystkie pokoje.
2025-06-23 13:22:56,414 - hotel_reservation_app - INFO - Znaleziono 1 dostępnych pokoi.
2025-06-23 13:22:56,415 - hotel_reservation_app - INFO - Wyświetlono dostępne pokoje.
2025-06-23 13:24:22,440 - hotel_reservation_app - INFO - Brak pokoi spełniających kryteria wyszukiwania (typ: podwójny, cena: 200.0-500.0, udogodnienie: None, status: available).
2025-06-23 13:24:22,440 - hotel_reservation_app - INFO - Wykonano wyszukiwanie pokoi.
2025-06-23 13:25:33,697 - hotel_reservation_app - INFO - Wyświetlono wszystkie pokoje.
2025-06-23 13:25:33,697 - hotel_reservation_app - INFO - Posortowano pokoje według price (odwrócone: False).
2025-06-23 13:32:27,070 - hotel_reservation_app - INFO - Wyświetlono wszystkie pokoje.
2025-06-23 13:32:27,070 - hotel_reservation_app - INFO - Posortowano pokoje według room_type (odwrócone: False).
2025-06-23 13:33:05,611 - hotel_reservation_app - INFO - Użytkownik admin wchodzi do menu zarządzania gośćmi.
2025-06-23 13:33:24,099 - hotel_reservation_app - INFO - DatabaseManager initialized.
2025-06-23 13:33:24,099 - hotel_reservation_app - INFO - RoomService zainicjowany (DB).
2025-06-23 13:33:24,099 - hotel_reservation_app - INFO - GuestService zainicjowany (DB).
2025-06-23 13:33:24,099 - hotel_reservation_app - INFO - HousekeepingService zainicjowany.
2025-06-23 13:33:24,099 - hotel_reservation_app - INFO - DiscountService zainicjowany.
2025-06-23 13:33:24,099 - hotel_reservation_app - INFO - ReservationService zainicjowany.
2025-06-23 13:33:24,100 - hotel_reservation_app - INFO - PaymentService zainicjowany.
2025-06-23 13:33:24,100 - hotel_reservation_app - INFO - ReportService zainicjowany.
2025-06-23 13:33:24,100 - hotel_reservation_app - INFO - UserService zainicjowany.
2025-06-23 13:33:28,035 - hotel_reservation_app - INFO - Użytkownik admin pomyślnie uwierzytelniony jako administrator.
2025-06-23 13:33:30,471 - hotel_reservation_app - INFO - Użytkownik admin wchodzi do menu zarządzania gośćmi.
2025-06-23 13:33:55,274 - hotel_reservation_app - WARNING - Nieprawidłowy format e-maila podczas dodawania gościa: kamilstyn@gmail.com
2025-06-23 13:34:01,578 - hotel_reservation_app - INFO - Pobrano 0 gości z bazy.
2025-06-23 13:34:01,579 - hotel_reservation_app - INFO - Brak gości w systemie do wyświetlenia.
2025-06-23 13:34:26,682 - hotel_reservation_app - INFO - DatabaseManager initialized.
2025-06-23 13:34:26,682 - hotel_reservation_app - INFO - RoomService zainicjowany (DB).
2025-06-23 13:34:26,682 - hotel_reservation_app - INFO - GuestService zainicjowany (DB).
2025-06-23 13:34:26,682 - hotel_reservation_app - INFO - HousekeepingService zainicjowany.
2025-06-23 13:34:26,683 - hotel_reservation_app - INFO - DiscountService zainicjowany.
2025-06-23 13:34:26,683 - hotel_reservation_app - INFO - ReservationService zainicjowany.
2025-06-23 13:34:26,683 - hotel_reservation_app - INFO - PaymentService zainicjowany.
2025-06-23 13:34:26,683 - hotel_reservation_app - INFO - ReportService zainicjowany.
2025-06-23 13:34:26,684 - hotel_reservation_app - INFO - UserService zainicjowany.
2025-06-23 13:34:31,230 - hotel_reservation_app - INFO - Użytkownik admin pomyślnie uwierzytelniony jako administrator.
2025-06-23 13:34:32,417 - hotel_reservation_app - INFO - Użytkownik admin wchodzi do menu zarządzania gośćmi.
2025-06-23 13:34:34,035 - hotel_reservation_app - INFO - Pobrano 0 gości z bazy.
2025-06-23 13:34:34,035 - hotel_reservation_app - INFO - Brak gości w systemie do wyświetlenia.
2025-06-23 13:34:58,985 - hotel_reservation_app - WARNING - Nieprawidłowy format e-maila podczas dodawania gościa: kamilstyn@gmail.com
2025-06-23 13:36:24,500 - hotel_reservation_app - INFO - DatabaseManager initialized.
2025-06-23 13:36:24,500 - hotel_reservation_app - INFO - RoomService zainicjowany (DB).
2025-06-23 13:36:24,501 - hotel_reservation_app - INFO - GuestService zainicjowany (DB).
2025-06-23 13:36:24,501 - hotel_reservation_app - INFO - HousekeepingService zainicjowany.
2025-06-23 13:36:24,501 - hotel_reservation_app - INFO - DiscountService zainicjowany.
2025-06-23 13:36:24,501 - hotel_reservation_app - INFO - ReservationService zainicjowany.
2025-06-23 13:36:24,501 - hotel_reservation_app - INFO - PaymentService zainicjowany.
2025-06-23 13:36:24,501 - hotel_reservation_app - INFO - ReportService zainicjowany.
2025-06-23 13:36:24,502 - hotel_reservation_app - INFO - UserService zainicjowany.
2025-06-23 13:36:30,041 - hotel_reservation_app - INFO - Użytkownik admin pomyślnie uwierzytelniony jako administrator.
2025-06-23 13:36:32,444 - hotel_reservation_app - INFO - Użytkownik admin wchodzi do menu zarządzania gośćmi.
2025-06-23 13:36:33,867 - hotel_reservation_app - INFO - Pobrano 0 gości z bazy.
2025-06-23 13:36:33,867 - hotel_reservation_app - INFO - Brak gości w systemie do wyświetlenia.
2025-06-23 13:36:53,266 - hotel_reservation_app - WARNING - Nieprawidłowy format e-maila podczas dodawania gościa: kamilstyn@gmail.com
2025-06-23 13:37:21,678 - hotel_reservation_app - INFO - DatabaseManager initialized.
2025-06-23 13:37:21,678 - hotel_reservation_app - INFO - RoomService zainicjowany (DB).
2025-06-23 13:37:21,678 - hotel_reservation_app - INFO - GuestService zainicjowany (DB).
2025-06-23 13:37:21,678 - hotel_reservation_app - INFO - HousekeepingService zainicjowany.
2025-06-23 13:37:21,679 - hotel_reservation_app - INFO - DiscountService zainicjowany.
2025-06-23 13:37:21,679 - hotel_reservation_app - INFO - ReservationService zainicjowany.
2025-06-23 13:37:21,679 - hotel_reservation_app - INFO - PaymentService zainicjowany.
2025-06-23 13:37:21,679 - hotel_reservation_app - INFO - ReportService zainicjowany.
2025-06-23 13:37:21,679 - hotel_reservation_app - INFO - UserService zainicjowany.
2025-06-23 13:37:25,627 - hotel_reservation_app - INFO - Użytkownik admin pomyślnie uwierzytelniony jako administrator.
2025-06-23 13:37:26,613 - hotel_reservation_app - INFO - Użytkownik admin wchodzi do menu zarządzania gośćmi.
2025-06-23 13:37:27,981 - hotel_reservation_app - INFO - Pobrano 0 gości z bazy.
2025-06-23 13:37:27,981 - hotel_reservation_app - INFO - Brak gości w systemie do wyświetlenia.
2025-06-23 13:37:49,412 - hotel_reservation_app - INFO - Dodano gościa: 1 - Kamil Styn
2025-06-23 13:37:51,536 - hotel_reservation_app - INFO - Pobrano 1 gości z bazy.
2025-06-23 13:37:51,536 - hotel_reservation_app - INFO - Wyświetlono wszystkich gości.
2025-06-23 13:38:41,138 - hotel_reservation_app - INFO - Pobrano 1 gości z bazy.
2025-06-23 13:38:41,138 - hotel_reservation_app - INFO - Wyświetlono wszystkich gości.
2025-06-23 13:39:34,577 - hotel_reservation_app - INFO - Zaktualizowano gościa: 1 z danymi: {'id_document': '2137', 'contact_info': {'email': 'kamilstyn@gmail.com', 'phone': '123456789'}, 'is_loyal_customer': True, 'preferences': ['brak']}
2025-06-23 13:39:35,604 - hotel_reservation_app - INFO - Pobrano 1 gości z bazy.
2025-06-23 13:39:35,604 - hotel_reservation_app - INFO - Wyświetlono wszystkich gości.
2025-06-23 13:41:58,668 - hotel_reservation_app - INFO - Dodano gościa: 2 - Franek Kimono
2025-06-23 13:42:00,026 - hotel_reservation_app - INFO - Pobrano 2 gości z bazy.
2025-06-23 13:42:00,026 - hotel_reservation_app - INFO - Wyświetlono wszystkich gości.
2025-06-23 13:47:21,298 - hotel_reservation_app - INFO - DatabaseManager initialized.
2025-06-23 13:47:21,298 - hotel_reservation_app - INFO - RoomService zainicjowany (DB).
2025-06-23 13:47:21,298 - hotel_reservation_app - INFO - GuestService zainicjowany (DB).
2025-06-23 13:47:21,298 - hotel_reservation_app - INFO - HousekeepingService zainicjowany.
2025-06-23 13:47:21,298 - hotel_reservation_app - INFO - DiscountService zainicjowany.
2025-06-23 13:47:21,299 - hotel_reservation_app - INFO - ReservationService zainicjowany.
2025-06-23 13:47:21,299 - hotel_reservation_app - INFO - PaymentService zainicjowany.
2025-06-23 13:47:21,299 - hotel_reservation_app - INFO - ReportService zainicjowany.
2025-06-23 13:47:21,299 - hotel_reservation_app - INFO - UserService zainicjowany.
2025-06-23 13:47:28,453 - hotel_reservation_app - INFO - Użytkownik admin pomyślnie uwierzytelniony jako administrator.
2025-06-23 13:47:52,932 - hotel_reservation_app - INFO - Użytkownik admin wchodzi do menu zarządzania gośćmi.
2025-06-23 13:48:14,632 - hotel_reservation_app - INFO - Dodano gościa: 3 - Zuzia Nowak
2025-06-23 13:48:18,721 - hotel_reservation_app - INFO - Pobrano 3 gości z bazy.
2025-06-23 13:48:18,721 - hotel_reservation_app - INFO - Wyświetlono wszystkich gości.
2025-06-23 13:48:46,851 - hotel_reservation_app - INFO - Zaktualizowano gościa: 3 z danymi: {'id_document': '1234', 'contact_info': {'phone': '09898098', 'email': 'zuzka@gmail.com'}}
2025-06-23 13:48:48,188 - hotel_reservation_app - INFO - Pobrano 3 gości z bazy.
2025-06-23 13:48:48,189 - hotel_reservation_app - INFO - Wyświetlono wszystkich gości.
2025-06-23 13:50:39,259 - hotel_reservation_app - INFO - Poziom lojalności gościa 3 zaktualizowany z Bronze na Silver.
2025-06-23 13:50:39,265 - hotel_reservation_app - INFO - Dodano zapis pobytu dla gościa: 3
2025-06-23 13:51:20,156 - hotel_reservation_app - INFO - Dodano zapis pobytu dla gościa: 3
2025-06-23 13:52:56,455 - hotel_reservation_app - INFO - Znaleziono 1 gości spełniających kryteria wyszukiwania (ID: 3, Imię: None, Nazwisko: None, VIP: None, Lojalny: None, Poziom: None, Kontakt: None).
2025-06-23 13:53:43,947 - hotel_reservation_app - INFO - Pobrano 3 gości z bazy.
2025-06-23 13:53:43,947 - hotel_reservation_app - INFO - Wyświetlono wszystkich gości.
2025-06-23 13:53:43,947 - hotel_reservation_app - INFO - Posortowano gości według first_name (odwrócone: False).
2025-06-23 13:53:51,792 - hotel_reservation_app - INFO - Pobrano 3 gości z bazy.
2025-06-23 13:53:51,792 - hotel_reservation_app - INFO - Wyświetlono wszystkich gości.
2025-06-23 13:53:51,792 - hotel_reservation_app - INFO - Posortowano gości według last_name (odwrócone: False).
2025-06-23 13:54:23,633 - hotel_reservation_app - INFO - Użytkownik admin opuszcza menu zarządzania gośćmi.
2025-06-23 14:05:10,926 - hotel_reservation_app - INFO - DatabaseManager initialized.
2025-06-23 14:05:10,926 - hotel_reservation_app - INFO - RoomService zainicjowany (DB).
2025-06-23 14:05:10,926 - hotel_reservation_app - INFO - GuestService zainicjowany (DB).
2025-06-23 14:05:10,927 - hotel_reservation_app - INFO - HousekeepingService zainicjowany.
2025-06-23 14:05:10,927 - hotel_reservation_app - INFO - DiscountService zainicjowany.
2025-06-23 14:05:10,927 - hotel_reservation_app - INFO - ReservationService zainicjowany (DB).
2025-06-23 14:05:10,927 - hotel_reservation_app - INFO - PaymentService zainicjowany.
2025-06-23 14:05:10,928 - hotel_reservation_app - INFO - ReportService zainicjowany.
2025-06-23 14:05:10,928 - hotel_reservation_app - INFO - UserService zainicjowany.
2025-06-23 14:05:16,557 - hotel_reservation_app - INFO - Użytkownik admin pomyślnie uwierzytelniony jako administrator.
2025-06-23 14:05:26,926 - hotel_reservation_app - INFO - Użytkownik admin wchodzi do menu zarządzania rezerwacjami.
2025-06-23 14:05:27,862 - hotel_reservation_app - INFO - Brak rezerwacji w systemie do wyświetlenia.
2025-06-23 14:05:47,704 - hotel_reservation_app - INFO - Sprawdzanie dostępności: Pokój 103 nie jest dostępny (status: zajęty).
2025-06-23 14:05:47,704 - hotel_reservation_app - INFO - Pokój 103 niedostępny w wybranym terminie (2025-05-05 do 2025-05-12).
2025-06-23 14:05:56,400 - hotel_reservation_app - INFO - Użytkownik admin opuszcza menu zarządzania rezerwacjami.
2025-06-23 14:05:57,662 - hotel_reservation_app - INFO - Użytkownik admin wchodzi do menu zarządzania pokojami.
2025-06-23 14:05:58,230 - hotel_reservation_app - INFO - Wyświetlono wszystkie pokoje.
2025-06-23 14:05:58,230 - hotel_reservation_app - INFO - Wyświetlono wszystkie pokoje.
2025-06-23 14:06:04,565 - hotel_reservation_app - INFO - Użytkownik admin wchodzi do menu zarządzania rezerwacjami.
2025-06-23 14:06:13,225 - hotel_reservation_app - INFO - Użytkownik admin opuszcza menu zarządzania rezerwacjami.
2025-06-23 14:06:15,050 - hotel_reservation_app - INFO - Użytkownik admin wchodzi do menu zarządzania pokojami.
2025-06-23 14:06:16,287 - hotel_reservation_app - INFO - Wyświetlono wszystkie pokoje.
2025-06-23 14:06:16,288 - hotel_reservation_app - INFO - Wyświetlono wszystkie pokoje.
2025-06-23 14:06:22,535 - hotel_reservation_app - INFO - Zmieniono status pokoju 103 na dostępny
2025-06-23 14:06:25,469 - hotel_reservation_app - INFO - Użytkownik admin wchodzi do menu zarządzania rezerwacjami.
2025-06-23 14:06:33,370 - hotel_reservation_app - INFO - DatabaseManager initialized.
2025-06-23 14:06:33,370 - hotel_reservation_app - INFO - RoomService zainicjowany (DB).
2025-06-23 14:06:33,370 - hotel_reservation_app - INFO - GuestService zainicjowany (DB).
2025-06-23 14:06:33,371 - hotel_reservation_app - INFO - HousekeepingService zainicjowany.
2025-06-23 14:06:33,371 - hotel_reservation_app - INFO - DiscountService zainicjowany.
2025-06-23 14:06:33,371 - hotel_reservation_app - INFO - ReservationService zainicjowany (DB).
2025-06-23 14:06:33,371 - hotel_reservation_app - INFO - PaymentService zainicjowany.
2025-06-23 14:06:33,371 - hotel_reservation_app - INFO - ReportService zainicjowany.
2025-06-23 14:06:33,371 - hotel_reservation_app - INFO - UserService zainicjowany.
2025-06-23 14:06:37,934 - hotel_reservation_app - INFO - Użytkownik admin pomyślnie uwierzytelniony jako administrator.
2025-06-23 14:06:40,158 - hotel_reservation_app - INFO - Użytkownik admin wchodzi do menu zarządzania rezerwacjami.
2025-06-23 14:06:57,238 - hotel_reservation_app - INFO - Pokój 102 jest dostępny w terminie 2025-05-05 do 2025-05-12.
2025-06-23 14:06:57,238 - hotel_reservation_app - INFO - Znaleziono 3 rabatów spełniających kryteria.
2025-06-23 14:06:57,253 - hotel_reservation_app - INFO - Zmieniono status pokoju 102 na zajęty
2025-06-23 14:06:57,254 - hotel_reservation_app - INFO - Poziom lojalności gościa 1 zaktualizowany z Bronze na Silver.
2025-06-23 14:06:57,260 - hotel_reservation_app - INFO - Dodano zapis pobytu dla gościa: 1
2025-06-23 14:06:57,260 - hotel_reservation_app - INFO - Utworzono rezerwację RES0001 dla pokoju 102 i gościa 1. Całkowita cena: 15554.00.
2025-06-23 14:07:11,780 - hotel_reservation_app - INFO - Wyświetlono wszystkie rezerwacje.
2025-06-23 14:08:02,704 - hotel_reservation_app - INFO - DatabaseManager initialized.
2025-06-23 14:08:02,704 - hotel_reservation_app - INFO - RoomService zainicjowany (DB).
2025-06-23 14:08:02,704 - hotel_reservation_app - INFO - GuestService zainicjowany (DB).
2025-06-23 14:08:02,705 - hotel_reservation_app - INFO - HousekeepingService zainicjowany.
2025-06-23 14:08:02,705 - hotel_reservation_app - INFO - DiscountService zainicjowany.
2025-06-23 14:08:02,705 - hotel_reservation_app - INFO - ReservationService zainicjowany (DB).
2025-06-23 14:08:02,705 - hotel_reservation_app - INFO - PaymentService zainicjowany.
2025-06-23 14:08:02,705 - hotel_reservation_app - INFO - ReportService zainicjowany.
2025-06-23 14:08:02,705 - hotel_reservation_app - INFO - UserService zainicjowany.
2025-06-23 14:08:08,462 - hotel_reservation_app - INFO - Użytkownik admin pomyślnie uwierzytelniony jako administrator.
2025-06-23 14:08:11,669 - hotel_reservation_app - INFO - Użytkownik admin wchodzi do menu zarządzania rezerwacjami.
2025-06-23 14:26:02,537 - hotel_reservation_app - INFO - DatabaseManager initialized.
2025-06-23 14:26:02,537 - hotel_reservation_app - INFO - RoomService zainicjowany (DB).
2025-06-23 14:26:02,537 - hotel_reservation_app - INFO - GuestService zainicjowany (DB).
2025-06-23 14:26:02,537 - hotel_reservation_app - INFO - HousekeepingService zainicjowany.
2025-06-23 14:26:02,538 - hotel_reservation_app - INFO - DiscountService zainicjowany.
2025-06-23 14:26:02,538 - hotel_reservation_app - INFO - ReservationService zainicjowany (DB).
2025-06-23 14:26:02,538 - hotel_reservation_app - INFO - PaymentService zainicjowany.
2025-06-23 14:26:02,538 - hotel_reservation_app - INFO - ReportService zainicjowany.
2025-06-23 14:26:02,538 - hotel_reservation_app - INFO - UserService zainicjowany.
2025-06-23 14:26:08,250 - hotel_reservation_app - INFO - Użytkownik admin pomyślnie uwierzytelniony jako administrator.
2025-06-23 14:26:09,802 - hotel_reservation_app - INFO - Użytkownik admin wchodzi do menu zarządzania rezerwacjami.
2025-06-23 14:26:34,875 - hotel_reservation_app - INFO - DatabaseManager initialized.
2025-06-23 14:26:34,875 - hotel_reservation_app - INFO - RoomService zainicjowany (DB).
2025-06-23 14:26:34,876 - hotel_reservation_app - INFO - GuestService zainicjowany (DB).
2025-06-23 14:26:34,876 - hotel_reservation_app - INFO - HousekeepingService zainicjowany.
2025-06-23 14:26:34,876 - hotel_reservation_app - INFO - DiscountService zainicjowany.
2025-06-23 14:26:34,876 - hotel_reservation_app - INFO - ReservationService zainicjowany (DB).
2025-06-23 14:26:34,876 - hotel_reservation_app - INFO - PaymentService zainicjowany.
2025-06-23 14:26:34,876 - hotel_reservation_app - INFO - ReportService zainicjowany.
2025-06-23 14:26:34,877 - hotel_reservation_app - INFO - UserService zainicjowany.
2025-06-23 14:26:39,087 - hotel_reservation_app - INFO - Użytkownik admin pomyślnie uwierzytelniony jako administrator.
2025-06-23 14:27:50,980 - hotel_reservation_app - INFO - DatabaseManager initialized.
2025-06-23 14:27:50,980 - hotel_reservation_app - INFO - RoomService zainicjowany (DB).
2025-06-23 14:27:50,980 - hotel_reservation_app - INFO - GuestService zainicjowany (DB).
2025-06-23 14:27:50,980 - hotel_reservation_app - INFO - HousekeepingService zainicjowany.
2025-06-23 14:27:50,980 - hotel_reservation_app - INFO - DiscountService zainicjowany.
2025-06-23 14:27:50,981 - hotel_reservation_app - INFO - ReservationService zainicjowany (DB).
2025-06-23 14:27:50,981 - hotel_reservation_app - INFO - PaymentService zainicjowany.
2025-06-23 14:27:50,981 - hotel_reservation_app - INFO - ReportService zainicjowany.
2025-06-23 14:27:50,981 - hotel_reservation_app - INFO - UserService zainicjowany.
2025-06-23 14:27:55,196 - hotel_reservation_app - INFO - Użytkownik admin pomyślnie uwierzytelniony jako administrator.
2025-06-23 14:27:57,114 - hotel_reservation_app - INFO - Użytkownik admin wchodzi do menu zarządzania rezerwacjami.
2025-06-23 14:28:04,783 - hotel_reservation_app - INFO - DatabaseManager initialized.
2025-06-23 14:28:04,783 - hotel_reservation_app - INFO - RoomService zainicjowany (DB).
2025-06-23 14:28:04,783 - hotel_reservation_app - INFO - GuestService zainicjowany (DB).
2025-06-23 14:28:04,783 - hotel_reservation_app - INFO - HousekeepingService zainicjowany.
2025-06-23 14:28:04,784 - hotel_reservation_app - INFO - DiscountService zainicjowany.
2025-06-23 14:28:04,784 - hotel_reservation_app - INFO - ReservationService zainicjowany (DB).
2025-06-23 14:28:04,784 - hotel_reservation_app - INFO - PaymentService zainicjowany.
2025-06-23 14:28:04,784 - hotel_reservation_app - INFO - ReportService zainicjowany.
2025-06-23 14:28:04,785 - hotel_reservation_app - INFO - UserService zainicjowany.
2025-06-23 14:28:09,204 - hotel_reservation_app - INFO - Użytkownik admin pomyślnie uwierzytelniony jako administrator.
2025-06-23 14:28:24,494 - hotel_reservation_app - INFO - Użytkownik admin wchodzi do menu zarządzania rezerwacjami.
2025-06-23 14:28:38,661 - hotel_reservation_app - INFO - Sprawdzanie dostępności: Pokój 102 nie jest dostępny (status: zajęty).
2025-06-23 14:28:38,661 - hotel_reservation_app - INFO - Pokój 102 niedostępny w wybranym terminie (2025-05-05 do 2025-05-12).
2025-06-23 14:29:04,584 - hotel_reservation_app - INFO - Sprawdzanie dostępności: Pokój 102 nie jest dostępny (status: zajęty).
2025-06-23 14:29:04,585 - hotel_reservation_app - INFO - Pokój 102 niedostępny w wybranym terminie (2023-04-04 do 2023-04-08).
2025-06-23 14:29:11,959 - hotel_reservation_app - INFO - Użytkownik admin opuszcza menu zarządzania rezerwacjami.
2025-06-23 14:29:12,879 - hotel_reservation_app - INFO - Użytkownik admin wchodzi do menu zarządzania pokojami.
2025-06-23 14:29:13,953 - hotel_reservation_app - INFO - Wyświetlono wszystkie pokoje.
2025-06-23 14:29:13,954 - hotel_reservation_app - INFO - Wyświetlono wszystkie pokoje.
2025-06-23 14:30:12,921 - hotel_reservation_app - INFO - DatabaseManager initialized.
2025-06-23 14:30:12,921 - hotel_reservation_app - INFO - RoomService zainicjowany (DB).
2025-06-23 14:30:12,922 - hotel_reservation_app - INFO - GuestService zainicjowany (DB).
2025-06-23 14:30:12,922 - hotel_reservation_app - INFO - HousekeepingService zainicjowany.
2025-06-23 14:30:12,922 - hotel_reservation_app - INFO - DiscountService zainicjowany.
2025-06-23 14:30:12,922 - hotel_reservation_app - INFO - ReservationService zainicjowany (DB).
2025-06-23 14:30:12,922 - hotel_reservation_app - INFO - PaymentService zainicjowany.
2025-06-23 14:30:12,922 - hotel_reservation_app - INFO - ReportService zainicjowany.
2025-06-23 14:30:12,923 - hotel_reservation_app - INFO - UserService zainicjowany.
2025-06-23 14:30:17,250 - hotel_reservation_app - INFO - Użytkownik admin pomyślnie uwierzytelniony jako administrator.
2025-06-23 14:30:18,196 - hotel_reservation_app - INFO - Użytkownik admin wchodzi do menu zarządzania pokojami.
2025-06-23 14:30:18,977 - hotel_reservation_app - INFO - Wyświetlono wszystkie pokoje.
2025-06-23 14:30:18,978 - hotel_reservation_app - INFO - Wyświetlono wszystkie pokoje.
2025-06-23 14:30:24,619 - hotel_reservation_app - INFO - Zmieniono status pokoju 102 na dostępny
2025-06-23 14:30:25,868 - hotel_reservation_app - INFO - Wyświetlono wszystkie pokoje.
2025-06-23 14:30:25,870 - hotel_reservation_app - INFO - Wyświetlono wszystkie pokoje.
2025-06-23 14:30:32,190 - hotel_reservation_app - INFO - Użytkownik admin wchodzi do menu zarządzania gośćmi.
2025-06-23 14:30:33,374 - hotel_reservation_app - INFO - Pobrano 3 gości z bazy.
2025-06-23 14:30:33,374 - hotel_reservation_app - INFO - Wyświetlono wszystkich gości.
2025-06-23 14:30:36,084 - hotel_reservation_app - INFO - Użytkownik admin opuszcza menu zarządzania gośćmi.
2025-06-23 14:30:37,955 - hotel_reservation_app - INFO - Użytkownik admin wchodzi do menu zarządzania rezerwacjami.
2025-06-23 14:33:03,227 - hotel_reservation_app - INFO - DatabaseManager initialized.
2025-06-23 14:33:03,227 - hotel_reservation_app - INFO - RoomService zainicjowany (DB).
2025-06-23 14:33:03,227 - hotel_reservation_app - INFO - GuestService zainicjowany (DB).
2025-06-23 14:33:03,227 - hotel_reservation_app - INFO - HousekeepingService zainicjowany.
2025-06-23 14:33:03,227 - hotel_reservation_app - INFO - DiscountService zainicjowany.
2025-06-23 14:33:03,227 - hotel_reservation_app - INFO - ReservationService zainicjowany (DB).
2025-06-23 14:33:03,228 - hotel_reservation_app - INFO - PaymentService zainicjowany.
2025-06-23 14:33:03,228 - hotel_reservation_app - INFO - ReportService zainicjowany.
2025-06-23 14:33:03,228 - hotel_reservation_app - INFO - UserService zainicjowany.
2025-06-23 14:33:07,021 - hotel_reservation_app - INFO - Użytkownik admin pomyślnie uwierzytelniony jako administrator.
2025-06-23 14:33:08,636 - hotel_reservation_app - INFO - Użytkownik admin wchodzi do menu zarządzania rezerwacjami.
2025-06-23 14:33:09,939 - hotel_reservation_app - INFO - Wyświetlono wszystkie rezerwacje.
2025-06-23 14:34:36,657 - hotel_reservation_app - INFO - DatabaseManager initialized.
2025-06-23 14:34:36,657 - hotel_reservation_app - INFO - RoomService zainicjowany (DB).
2025-06-23 14:34:36,657 - hotel_reservation_app - INFO - GuestService zainicjowany (DB).
2025-06-23 14:34:36,658 - hotel_reservation_app - INFO - HousekeepingService zainicjowany.
2025-06-23 14:34:36,658 - hotel_reservation_app - INFO - DiscountService zainicjowany.
2025-06-23 14:34:36,658 - hotel_reservation_app - INFO - ReservationService zainicjowany (DB).
2025-06-23 14:34:36,658 - hotel_reservation_app - INFO - PaymentService zainicjowany.
2025-06-23 14:34:36,658 - hotel_reservation_app - INFO - ReportService zainicjowany.
2025-06-23 14:34:36,658 - hotel_reservation_app - INFO - UserService zainicjowany.
2025-06-23 14:34:41,476 - hotel_reservation_app - INFO - Użytkownik admin pomyślnie uwierzytelniony jako administrator.
2025-06-23 14:34:43,306 - hotel_reservation_app - INFO - Użytkownik admin wchodzi do menu zarządzania rezerwacjami.
2025-06-23 14:34:44,820 - hotel_reservation_app - INFO - Wyświetlono wszystkie rezerwacje.
2025-06-23 14:35:17,980 - hotel_reservation_app - INFO - Zaktualizowano rezerwację: RES0001 z danymi: {'check_in_date': '2025-05-06', 'check_out_date': '2025-05-13'}
2025-06-23 14:35:20,056 - hotel_reservation_app - INFO - Wyświetlono wszystkie rezerwacje.
2025-06-23 14:45:40,881 - hotel_reservation_app - INFO - Zmieniono status pokoju 102 na zajęty
2025-06-23 14:45:40,882 - hotel_reservation_app - INFO - Zaktualizowano status pokoju 102 na 'zajęty' podczas zameldowania rezerwacji RES0001.
2025-06-23 14:45:40,882 - hotel_reservation_app - INFO - Zameldowano gościa dla Rezerwacji RES0001 do Pokoju 102.
2025-06-23 14:45:43,914 - hotel_reservation_app - INFO - Wyświetlono wszystkie rezerwacje.
2025-06-23 14:46:15,856 - hotel_reservation_app - INFO - Pokój 103 jest dostępny w terminie 2022-03-04 do 2022-03-12.
2025-06-23 14:46:15,856 - hotel_reservation_app - INFO - Znaleziono 2 rabatów spełniających kryteria.
2025-06-23 14:46:15,868 - hotel_reservation_app - INFO - Zmieniono status pokoju 103 na zajęty
2025-06-23 14:46:15,870 - hotel_reservation_app - INFO - Poziom lojalności gościa 2 zaktualizowany z Bronze na Silver.
2025-06-23 14:46:15,875 - hotel_reservation_app - INFO - Dodano zapis pobytu dla gościa: 2
2025-06-23 14:46:15,876 - hotel_reservation_app - INFO - Utworzono rezerwację RES0002 dla pokoju 103 i gościa 2. Całkowita cena: 960.00.
2025-06-23 14:46:17,062 - hotel_reservation_app - INFO - Wyświetlono wszystkie rezerwacje.
2025-06-23 14:46:30,340 - hotel_reservation_app - INFO - Użytkownik admin opuszcza menu zarządzania rezerwacjami.
2025-06-23 14:46:31,632 - hotel_reservation_app - INFO - Użytkownik admin wchodzi do menu zarządzania pokojami.
2025-06-23 14:46:32,191 - hotel_reservation_app - INFO - Wyświetlono wszystkie pokoje.
2025-06-23 14:46:32,192 - hotel_reservation_app - INFO - Wyświetlono wszystkie pokoje.
2025-06-23 14:46:40,942 - hotel_reservation_app - INFO - Użytkownik admin wchodzi do menu zarządzania rezerwacjami.
2025-06-23 14:46:41,903 - hotel_reservation_app - INFO - Wyświetlono wszystkie rezerwacje.
2025-06-23 14:49:48,930 - hotel_reservation_app - INFO - DatabaseManager initialized.
2025-06-23 14:49:48,930 - hotel_reservation_app - INFO - RoomService zainicjowany (DB).
2025-06-23 14:49:48,930 - hotel_reservation_app - INFO - GuestService zainicjowany (DB).
2025-06-23 14:49:48,930 - hotel_reservation_app - INFO - HousekeepingService zainicjowany.
2025-06-23 14:49:48,930 - hotel_reservation_app - INFO - DiscountService zainicjowany.
2025-06-23 14:49:48,931 - hotel_reservation_app - INFO - ReservationService zainicjowany (DB).
2025-06-23 14:49:48,931 - hotel_reservation_app - INFO - PaymentService zainicjowany.
2025-06-23 14:49:48,931 - hotel_reservation_app - INFO - ReportService zainicjowany.
2025-06-23 14:49:48,931 - hotel_reservation_app - INFO - UserService zainicjowany.
2025-06-23 14:49:52,972 - hotel_reservation_app - INFO - Użytkownik admin pomyślnie uwierzytelniony jako administrator.
2025-06-23 14:49:53,943 - hotel_reservation_app - INFO - Użytkownik admin wchodzi do menu zarządzania rezerwacjami.
2025-06-23 14:49:54,589 - hotel_reservation_app - INFO - Wyświetlono wszystkie rezerwacje.
2025-06-23 14:50:22,672 - hotel_reservation_app - INFO - Sprawdzanie dostępności: Pokój 103 nie jest dostępny (status: zajęty).
2025-06-23 14:50:22,672 - hotel_reservation_app - INFO - Pokój 103 niedostępny w wybranym terminie (2023-05-05 do 2023-05-14).
2025-06-23 14:50:40,957 - hotel_reservation_app - WARNING - Próba utworzenia rezerwacji dla nieistniejącego gościa: 
2025-06-23 14:50:43,641 - hotel_reservation_app - INFO - Użytkownik admin opuszcza menu zarządzania rezerwacjami.
2025-06-23 14:50:44,633 - hotel_reservation_app - INFO - Użytkownik admin wchodzi do menu zarządzania pokojami.
2025-06-23 14:50:45,453 - hotel_reservation_app - INFO - Wyświetlono wszystkie pokoje.
2025-06-23 14:50:45,455 - hotel_reservation_app - INFO - Wyświetlono wszystkie pokoje.
2025-06-23 14:51:19,973 - hotel_reservation_app - INFO - Dodano pokój: 104
2025-06-23 14:51:19,974 - hotel_reservation_app - INFO - Dodano nowy pokój: 104
2025-06-23 14:51:23,203 - hotel_reservation_app - INFO - Wyświetlono wszystkie pokoje.
2025-06-23 14:51:23,204 - hotel_reservation_app - INFO - Wyświetlono wszystkie pokoje.
2025-06-23 14:51:27,151 - hotel_reservation_app - INFO - Użytkownik admin wchodzi do menu zarządzania rezerwacjami.
2025-06-23 14:51:28,213 - hotel_reservation_app - INFO - Wyświetlono wszystkie rezerwacje.
2025-06-23 14:51:36,002 - hotel_reservation_app - ERROR - Błąd formatu daty podczas tworzenia rezerwacji: ,  - time data '' does not match format '%Y-%m-%d'
2025-06-23 14:52:02,721 - hotel_reservation_app - INFO - Pokój 104 jest dostępny w terminie 2022-02-02 do 2022-02-05.
2025-06-23 14:52:02,722 - hotel_reservation_app - INFO - Znaleziono 2 rabatów spełniających kryteria.
2025-06-23 14:52:02,736 - hotel_reservation_app - INFO - Zmieniono status pokoju 104 na zajęty
2025-06-23 14:52:02,737 - hotel_reservation_app - INFO - Dodano zapis pobytu dla gościa: 3
2025-06-23 14:52:02,737 - hotel_reservation_app - INFO - Utworzono rezerwację RES0003 dla pokoju 104 i gościa 3. Całkowita cena: 15000.00.
2025-06-23 14:52:04,227 - hotel_reservation_app - INFO - Wyświetlono wszystkie rezerwacje.
2025-06-23 14:53:26,510 - hotel_reservation_app - INFO - Zmieniono status pokoju 102 na sprzątanie
2025-06-23 14:53:26,512 - hotel_reservation_app - INFO - Utworzono zadanie sprzątania: HKT0007 dla pokoju 102, przypisane do Nieprzypisane, termin: 2025-05-12.
2025-06-23 14:53:26,513 - hotel_reservation_app - INFO - Utworzono zadanie sprzątania dla pokoju 102 po wymeldowaniu rezerwacji RES0001.
2025-06-23 14:53:26,519 - hotel_reservation_app - INFO - Zmieniono status pokoju 102 na dostępny
2025-06-23 14:53:26,520 - hotel_reservation_app - INFO - Wymeldowano gościa dla Rezerwacji RES0001 z Pokoju 102.
2025-06-23 14:53:31,861 - hotel_reservation_app - INFO - Wyświetlono wszystkie rezerwacje.
2025-06-23 14:53:35,719 - hotel_reservation_app - INFO - Użytkownik admin opuszcza menu zarządzania rezerwacjami.
2025-06-23 14:53:36,974 - hotel_reservation_app - INFO - Użytkownik admin wchodzi do menu zarządzania pokojami.
2025-06-23 14:53:38,010 - hotel_reservation_app - INFO - Wyświetlono wszystkie pokoje.
2025-06-23 14:53:38,011 - hotel_reservation_app - INFO - Wyświetlono wszystkie pokoje.
2025-06-23 14:53:55,131 - hotel_reservation_app - INFO - Użytkownik admin wchodzi do menu zarządzania rezerwacjami.
2025-06-23 14:53:55,646 - hotel_reservation_app - INFO - Wyświetlono wszystkie rezerwacje.
2025-06-23 14:54:18,377 - hotel_reservation_app - INFO - Sprawdzanie dostępności: Pokój 104 nie jest dostępny (status: zajęty).
2025-06-23 14:55:16,340 - hotel_reservation_app - INFO - Użytkownik admin opuszcza menu zarządzania rezerwacjami.
2025-06-23 14:55:17,898 - hotel_reservation_app - INFO - Użytkownik admin wchodzi do menu zarządzania pokojami.
2025-06-23 14:55:18,741 - hotel_reservation_app - INFO - Wyświetlono wszystkie pokoje.
2025-06-23 14:55:18,742 - hotel_reservation_app - INFO - Wyświetlono wszystkie pokoje.
2025-06-23 14:55:29,576 - hotel_reservation_app - INFO - Zmieniono status pokoju 104 na dostępny
2025-06-23 14:55:35,103 - hotel_reservation_app - INFO - Użytkownik admin wchodzi do menu zarządzania rezerwacjami.
2025-06-23 14:55:52,825 - hotel_reservation_app - INFO - Pokój 104 jest dostępny w terminie 2021-01-01 do 2021-02-02.
2025-06-23 14:56:03,332 - hotel_reservation_app - INFO - Znaleziono 1 rezerwacji spełniających kryteria wyszukiwania (ID: None, Gość: 1, Pokój: None, Status: None, Status płatności: None, Zakres dat: None).
2025-06-23 14:58:32,801 - hotel_reservation_app - INFO - Wyświetlono wszystkie rezerwacje.
2025-06-23 14:58:32,802 - hotel_reservation_app - INFO - Posortowano rezerwacje według guest_id (odwrócone: False).
2025-06-23 15:00:39,554 - hotel_reservation_app - INFO - Użytkownik admin opuszcza menu zarządzania rezerwacjami.
2025-06-23 15:05:08,417 - hotel_reservation_app - INFO - DatabaseManager initialized.
2025-06-23 15:05:08,417 - hotel_reservation_app - INFO - RoomService zainicjowany (DB).
2025-06-23 15:05:08,417 - hotel_reservation_app - INFO - GuestService zainicjowany (DB).
2025-06-23 15:05:08,418 - hotel_reservation_app - INFO - HousekeepingService zainicjowany.
2025-06-23 15:05:08,418 - hotel_reservation_app - INFO - DiscountService zainicjowany.
2025-06-23 15:05:08,418 - hotel_reservation_app - INFO - ReservationService zainicjowany (DB).
2025-06-23 15:05:08,418 - hotel_reservation_app - INFO - PaymentService zainicjowany (DB).
2025-06-23 15:05:08,418 - hotel_reservation_app - INFO - ReportService zainicjowany.
2025-06-23 15:05:08,419 - hotel_reservation_app - INFO - UserService zainicjowany.
2025-06-23 15:05:12,517 - hotel_reservation_app - INFO - Użytkownik admin pomyślnie uwierzytelniony jako administrator.
2025-06-23 15:05:14,073 - hotel_reservation_app - INFO - Użytkownik admin wchodzi do menu zarządzania płatnościami.
2025-06-23 15:05:25,994 - hotel_reservation_app - INFO - Zarejestrowano płatność PAY0001 dla rezerwacji RES0001. Kwota: 5000.00.
2025-06-23 15:05:26,003 - hotel_reservation_app - INFO - Zaktualizowano rezerwację: RES0001 z danymi: {'payment_status': 'partially_paid'}
2025-06-23 15:05:26,003 - hotel_reservation_app - INFO - Rezerwacja RES0001 oznaczona jako częściowo opłacona (bez faktury).
2025-06-23 15:05:28,010 - hotel_reservation_app - INFO - Wyświetlono wszystkie płatności.
2025-06-23 15:05:31,696 - hotel_reservation_app - INFO - Użytkownik admin opuszcza menu zarządzania płatnościami.
2025-06-23 15:05:32,947 - hotel_reservation_app - INFO - Użytkownik admin wchodzi do menu zarządzania rezerwacjami.
2025-06-23 15:05:33,857 - hotel_reservation_app - INFO - Wyświetlono wszystkie rezerwacje.
2025-06-23 15:06:42,829 - hotel_reservation_app - INFO - Użytkownik admin opuszcza menu zarządzania rezerwacjami.
2025-06-23 15:06:44,576 - hotel_reservation_app - INFO - Użytkownik admin wchodzi do menu zarządzania płatnościami.
2025-06-23 15:06:53,092 - hotel_reservation_app - INFO - Wygenerowano fakturę INV0001 dla rezerwacji RES0001. Suma: 15554.00.
2025-06-23 15:07:24,723 - hotel_reservation_app - INFO - Wyświetlono wszystkie płatności.
2025-06-23 15:07:27,434 - hotel_reservation_app - INFO - Wyświetlono wszystkie faktury.
2025-06-23 15:07:52,316 - hotel_reservation_app - INFO - Zarejestrowano płatność PAY0002 dla rezerwacji RES0001. Kwota: 20000.00.
2025-06-23 15:08:55,805 - hotel_reservation_app - INFO - DatabaseManager initialized.
2025-06-23 15:08:55,805 - hotel_reservation_app - INFO - RoomService zainicjowany (DB).
2025-06-23 15:08:55,805 - hotel_reservation_app - INFO - GuestService zainicjowany (DB).
2025-06-23 15:08:55,806 - hotel_reservation_app - INFO - HousekeepingService zainicjowany.
2025-06-23 15:08:55,806 - hotel_reservation_app - INFO - DiscountService zainicjowany.
2025-06-23 15:08:55,806 - hotel_reservation_app - INFO - ReservationService zainicjowany (DB).
2025-06-23 15:08:55,806 - hotel_reservation_app - INFO - PaymentService zainicjowany (DB).
2025-06-23 15:08:55,806 - hotel_reservation_app - INFO - ReportService zainicjowany.
2025-06-23 15:08:55,806 - hotel_reservation_app - INFO - UserService zainicjowany.
2025-06-23 15:08:59,702 - hotel_reservation_app - INFO - Użytkownik admin pomyślnie uwierzytelniony jako administrator.
2025-06-23 15:09:01,176 - hotel_reservation_app - INFO - Użytkownik admin wchodzi do menu zarządzania płatnościami.
2025-06-23 15:09:04,135 - hotel_reservation_app - INFO - Wyświetlono wszystkie płatności.
2025-06-23 15:09:06,481 - hotel_reservation_app - INFO - Wyświetlono wszystkie faktury.
2025-06-23 15:09:19,893 - hotel_reservation_app - INFO - Zarejestrowano płatność PAY0003 dla rezerwacji RES0001. Kwota: 20000.00.
2025-06-23 15:09:19,910 - hotel_reservation_app - INFO - Zaktualizowano rezerwację: RES0001 z danymi: {'payment_status': 'paid'}
2025-06-23 15:09:19,912 - hotel_reservation_app - INFO - Zaktualizowano fakturę INV0001 i status płatności rezerwacji RES0001.
2025-06-23 15:09:22,890 - hotel_reservation_app - INFO - Wyświetlono wszystkie płatności.
2025-06-23 15:09:25,255 - hotel_reservation_app - INFO - Wyświetlono wszystkie faktury.
2025-06-23 15:16:24,960 - hotel_reservation_app - INFO - Brak nieuregulowanych faktur.
2025-06-23 15:16:34,480 - hotel_reservation_app - INFO - Wygenerowano fakturę INV0002 dla rezerwacji RES0002. Suma: 960.00.
2025-06-23 15:16:40,798 - hotel_reservation_app - INFO - Znaleziono 1 nieuregulowanych faktur.
2025-06-23 15:17:13,360 - hotel_reservation_app - INFO - Zapisano fakturę INV0001 do pliku PDF: invoice_INV0001.pdf
2025-06-23 15:22:11,451 - hotel_reservation_app - INFO - Zapisano fakturę INV0001 do pliku TXT: invoice_INV0001.txt
2025-06-23 15:22:54,076 - hotel_reservation_app - INFO - Użytkownik admin opuszcza menu zarządzania płatnościami.
2025-06-23 15:25:30,270 - hotel_reservation_app - INFO - Użytkownik admin wchodzi do menu zarządzania płatnościami.
2025-06-23 15:26:34,906 - hotel_reservation_app - INFO - Użytkownik admin opuszcza menu zarządzania płatnościami.
2025-06-23 15:34:17,094 - hotel_reservation_app - INFO - DatabaseManager initialized.
2025-06-23 15:34:17,094 - hotel_reservation_app - INFO - RoomService zainicjowany (DB).
2025-06-23 15:34:17,094 - hotel_reservation_app - INFO - GuestService zainicjowany (DB).
2025-06-23 15:34:17,094 - hotel_reservation_app - INFO - HousekeepingService zainicjowany.
2025-06-23 15:34:17,094 - hotel_reservation_app - INFO - DiscountService zainicjowany.
2025-06-23 15:34:17,095 - hotel_reservation_app - INFO - ReservationService zainicjowany (DB).
2025-06-23 15:34:17,095 - hotel_reservation_app - INFO - PaymentService zainicjowany (DB).
2025-06-23 15:34:17,095 - hotel_reservation_app - INFO - ReportService zainicjowany.
2025-06-23 15:34:17,095 - hotel_reservation_app - INFO - UserService zainicjowany.
2025-06-23 15:34:21,514 - hotel_reservation_app - INFO - Użytkownik admin pomyślnie uwierzytelniony jako administrator.
2025-06-23 15:34:23,602 - hotel_reservation_app - INFO - Użytkownik admin wchodzi do menu zarządzania płatnościami.
2025-06-23 15:34:26,451 - hotel_reservation_app - INFO - Wyświetlono wszystkie płatności.
2025-06-23 15:34:28,072 - hotel_reservation_app - INFO - Wyświetlono wszystkie faktury.
2025-06-23 15:34:35,850 - hotel_reservation_app - INFO - Znaleziono 1 nieuregulowanych faktur.
2025-06-23 15:35:22,340 - hotel_reservation_app - INFO - Użytkownik admin opuszcza menu zarządzania płatnościami.
2025-06-23 15:39:43,549 - hotel_reservation_app - INFO - DatabaseManager initialized.
2025-06-23 15:39:43,549 - hotel_reservation_app - INFO - RoomService zainicjowany (DB).
2025-06-23 15:39:43,549 - hotel_reservation_app - INFO - GuestService zainicjowany (DB).
2025-06-23 15:39:43,549 - hotel_reservation_app - INFO - HousekeepingService zainicjowany (DB).
2025-06-23 15:39:43,549 - hotel_reservation_app - INFO - DiscountService zainicjowany.
2025-06-23 15:39:43,549 - hotel_reservation_app - INFO - ReservationService zainicjowany (DB).
2025-06-23 15:39:43,549 - hotel_reservation_app - INFO - PaymentService zainicjowany (DB).
2025-06-23 15:39:43,550 - hotel_reservation_app - INFO - ReportService zainicjowany.
2025-06-23 15:39:43,550 - hotel_reservation_app - INFO - UserService zainicjowany.
2025-06-23 15:39:49,650 - hotel_reservation_app - INFO - Użytkownik admin pomyślnie uwierzytelniony jako administrator.
2025-06-23 15:39:57,139 - hotel_reservation_app - INFO - Użytkownik admin wchodzi do menu zarządzania sprzątaniem.
2025-06-23 15:40:58,445 - hotel_reservation_app - INFO - DatabaseManager initialized.
2025-06-23 15:40:58,445 - hotel_reservation_app - INFO - RoomService zainicjowany (DB).
2025-06-23 15:40:58,445 - hotel_reservation_app - INFO - GuestService zainicjowany (DB).
2025-06-23 15:40:58,445 - hotel_reservation_app - INFO - HousekeepingService zainicjowany (DB).
2025-06-23 15:40:58,445 - hotel_reservation_app - INFO - DiscountService zainicjowany.
2025-06-23 15:40:58,445 - hotel_reservation_app - INFO - ReservationService zainicjowany (DB).
2025-06-23 15:40:58,445 - hotel_reservation_app - INFO - PaymentService zainicjowany (DB).
2025-06-23 15:40:58,447 - hotel_reservation_app - INFO - ReportService zainicjowany.
2025-06-23 15:40:58,447 - hotel_reservation_app - INFO - UserService zainicjowany.
2025-06-23 15:41:02,888 - hotel_reservation_app - INFO - Użytkownik admin pomyślnie uwierzytelniony jako administrator.
2025-06-23 15:41:08,136 - hotel_reservation_app - INFO - Użytkownik admin wchodzi do menu zarządzania sprzątaniem.
2025-06-23 15:41:09,744 - hotel_reservation_app - INFO - Brak zadań sprzątania w systemie do wyświetlenia.
2025-06-23 15:41:36,643 - hotel_reservation_app - INFO - Utworzono zadanie sprzątania: HKT0001 dla pokoju 102, przypisane do Klaudia, termin: 2025-06-23.
2025-06-23 15:41:39,044 - hotel_reservation_app - INFO - Wyświetlono wszystkie zadania sprzątania.
2025-06-23 15:42:10,978 - hotel_reservation_app - INFO - Zaktualizowano status zadania sprzątania HKT0001 na completed.
2025-06-23 15:42:13,189 - hotel_reservation_app - INFO - Wyświetlono wszystkie zadania sprzątania.
2025-06-23 15:45:57,507 - hotel_reservation_app - INFO - Przypisano zadanie sprzątania HKT0001 do Igor.
2025-06-23 15:46:01,217 - hotel_reservation_app - INFO - Wyświetlono wszystkie zadania sprzątania.
2025-06-23 15:46:15,593 - hotel_reservation_app - INFO - Brak zaplanowanych zadań sprzątania na 2025-06-23.
2025-06-23 15:46:37,328 - hotel_reservation_app - INFO - Utworzono zadanie sprzątania: HKT0002 dla pokoju 102, przypisane do Iza, termin: 2025-05-05.
2025-06-23 15:46:47,678 - hotel_reservation_app - INFO - Wygenerowano harmonogram sprzątania na 2025-05-05. Znaleziono 1 zadań.
2025-06-23 15:49:58,966 - hotel_reservation_app - INFO - Użytkownik admin opuszcza menu zarządzania sprzątaniem.
2025-06-23 15:50:00,490 - hotel_reservation_app - INFO - Użytkownik admin wchodzi do menu zarządzania pokojami.
2025-06-23 15:50:01,944 - hotel_reservation_app - INFO - Wyświetlono wszystkie pokoje.
2025-06-23 15:50:01,945 - hotel_reservation_app - INFO - Wyświetlono wszystkie pokoje.
2025-06-23 15:50:14,748 - hotel_reservation_app - INFO - Zmieniono status pokoju 104 na sprzątanie
2025-06-23 15:50:19,603 - hotel_reservation_app - INFO - Użytkownik admin wchodzi do menu zarządzania sprzątaniem.
2025-06-23 15:50:41,775 - hotel_reservation_app - INFO - Utworzono zadanie sprzątania: HKT0003 dla pokoju 104, przypisane do Zosia, termin: 2025-04-04.
2025-06-23 15:50:58,119 - hotel_reservation_app - INFO - Zaktualizowano status zadania sprzątania HKT0003 na completed.
2025-06-23 15:50:59,609 - hotel_reservation_app - INFO - Użytkownik admin opuszcza menu zarządzania sprzątaniem.
2025-06-23 15:51:00,638 - hotel_reservation_app - INFO - Użytkownik admin wchodzi do menu zarządzania pokojami.
2025-06-23 15:51:01,688 - hotel_reservation_app - INFO - Wyświetlono wszystkie pokoje.
2025-06-23 15:51:01,689 - hotel_reservation_app - INFO - Wyświetlono wszystkie pokoje.
2025-06-23 15:51:29,460 - hotel_reservation_app - INFO - Użytkownik admin wchodzi do menu zarządzania sprzątaniem.
2025-06-23 15:51:31,667 - hotel_reservation_app - INFO - Wyświetlono wszystkie zadania sprzątania.
2025-06-23 16:01:18,199 - hotel_reservation_app - INFO - Wygenerowano harmonogram sprzątania na 2025-05-05. Znaleziono 1 zadań.
2025-06-23 16:01:53,194 - hotel_reservation_app - INFO - Użytkownik admin opuszcza menu zarządzania sprzątaniem.
2025-06-23 16:05:43,806 - hotel_reservation_app - INFO - DatabaseManager initialized.
2025-06-23 16:05:43,806 - hotel_reservation_app - INFO - RoomService zainicjowany (DB).
2025-06-23 16:05:43,806 - hotel_reservation_app - INFO - GuestService zainicjowany (DB).
2025-06-23 16:05:43,807 - hotel_reservation_app - INFO - HousekeepingService zainicjowany (DB).
2025-06-23 16:05:43,807 - hotel_reservation_app - INFO - DiscountService zainicjowany (DB).
2025-06-23 16:05:43,807 - hotel_reservation_app - INFO - ReservationService zainicjowany (DB).
2025-06-23 16:05:43,807 - hotel_reservation_app - INFO - PaymentService zainicjowany (DB).
2025-06-23 16:05:43,807 - hotel_reservation_app - INFO - ReportService zainicjowany.
2025-06-23 16:05:43,807 - hotel_reservation_app - INFO - UserService zainicjowany.
2025-06-23 16:05:50,026 - hotel_reservation_app - INFO - Użytkownik admin pomyślnie uwierzytelniony jako administrator.
2025-06-23 16:06:21,105 - hotel_reservation_app - INFO - DatabaseManager initialized.
2025-06-23 16:06:21,105 - hotel_reservation_app - INFO - RoomService zainicjowany (DB).
2025-06-23 16:06:21,105 - hotel_reservation_app - INFO - GuestService zainicjowany (DB).
2025-06-23 16:06:21,105 - hotel_reservation_app - INFO - HousekeepingService zainicjowany (DB).
2025-06-23 16:06:21,106 - hotel_reservation_app - INFO - DiscountService zainicjowany (DB).
2025-06-23 16:06:21,106 - hotel_reservation_app - INFO - ReservationService zainicjowany (DB).
2025-06-23 16:06:21,106 - hotel_reservation_app - INFO - PaymentService zainicjowany (DB).
2025-06-23 16:06:21,106 - hotel_reservation_app - INFO - ReportService zainicjowany.
2025-06-23 16:06:21,106 - hotel_reservation_app - INFO - UserService zainicjowany.
2025-06-23 16:06:27,313 - hotel_reservation_app - INFO - Użytkownik admin pomyślnie uwierzytelniony jako administrator.
2025-06-23 16:06:31,105 - hotel_reservation_app - INFO - Brak rabatów w systemie do wyświetlenia.
2025-06-23 16:07:03,601 - hotel_reservation_app - INFO - Dodano rabat: DISC0001 (-500).
2025-06-23 16:07:04,800 - hotel_reservation_app - INFO - Wyświetlono wszystkie rabaty.
2025-06-23 16:10:09,558 - hotel_reservation_app - INFO - Zaktualizowano rabat: DISC0001 (-500) z danymi: {'valid_from': '2025-05-05', 'valid_to': '2026-05-05'}
2025-06-23 16:10:10,606 - hotel_reservation_app - INFO - Wyświetlono wszystkie rabaty.
2025-06-23 16:12:31,202 - hotel_reservation_app - INFO - Dodano rabat: DISC0002 (10%).
2025-06-23 16:12:32,230 - hotel_reservation_app - INFO - Wyświetlono wszystkie rabaty.
2025-06-23 16:13:21,114 - hotel_reservation_app - INFO - Brak rabatów spełniających kryteria (data: 2022-02-03, typ pokoju: None, gość: None, dni pobytu: 0, poziom lojalności: None).
2025-06-23 16:13:39,968 - hotel_reservation_app - INFO - Brak rabatów spełniających kryteria (data: None, typ pokoju: None, gość: None, dni pobytu: 0, poziom lojalności: None).
2025-06-23 16:13:43,940 - hotel_reservation_app - INFO - Wyświetlono wszystkie rabaty.
2025-06-23 16:14:02,987 - hotel_reservation_app - INFO - Brak rabatów spełniających kryteria (data: 2022-02-03, typ pokoju: None, gość: None, dni pobytu: 0, poziom lojalności: None).
2025-06-23 16:14:49,446 - hotel_reservation_app - INFO - Brak rabatów spełniających kryteria (data: 2022-02-04, typ pokoju: None, gość: None, dni pobytu: 2, poziom lojalności: None).
2025-06-23 16:15:56,197 - hotel_reservation_app - INFO - Brak rabatów spełniających kryteria (data: 2021-01-01, typ pokoju: None, gość: None, dni pobytu: 0, poziom lojalności: None).
2025-06-23 16:16:59,740 - hotel_reservation_app - INFO - DatabaseManager initialized.
2025-06-23 16:16:59,740 - hotel_reservation_app - INFO - RoomService zainicjowany (DB).
2025-06-23 16:16:59,740 - hotel_reservation_app - INFO - GuestService zainicjowany (DB).
2025-06-23 16:16:59,740 - hotel_reservation_app - INFO - HousekeepingService zainicjowany (DB).
2025-06-23 16:16:59,740 - hotel_reservation_app - INFO - DiscountService zainicjowany (DB).
2025-06-23 16:16:59,740 - hotel_reservation_app - INFO - ReservationService zainicjowany (DB).
2025-06-23 16:16:59,740 - hotel_reservation_app - INFO - PaymentService zainicjowany (DB).
2025-06-23 16:16:59,740 - hotel_reservation_app - INFO - ReportService zainicjowany.
2025-06-23 16:16:59,740 - hotel_reservation_app - INFO - UserService zainicjowany.
2025-06-23 16:17:05,809 - hotel_reservation_app - INFO - Użytkownik admin pomyślnie uwierzytelniony jako administrator.
2025-06-23 16:17:16,438 - hotel_reservation_app - INFO - Brak rabatów spełniających kryteria (data: 2021-01-01, typ pokoju: None, gość: None, dni pobytu: 0, poziom lojalności: None).
2025-06-23 16:18:26,202 - hotel_reservation_app - INFO - DatabaseManager initialized.
2025-06-23 16:18:26,202 - hotel_reservation_app - INFO - RoomService zainicjowany (DB).
2025-06-23 16:18:26,202 - hotel_reservation_app - INFO - GuestService zainicjowany (DB).
2025-06-23 16:18:26,202 - hotel_reservation_app - INFO - HousekeepingService zainicjowany (DB).
2025-06-23 16:18:26,203 - hotel_reservation_app - INFO - DiscountService zainicjowany (DB).
2025-06-23 16:18:26,203 - hotel_reservation_app - INFO - ReservationService zainicjowany (DB).
2025-06-23 16:18:26,203 - hotel_reservation_app - INFO - PaymentService zainicjowany (DB).
2025-06-23 16:18:26,203 - hotel_reservation_app - INFO - ReportService zainicjowany.
2025-06-23 16:18:26,203 - hotel_reservation_app - INFO - UserService zainicjowany.
2025-06-23 16:18:30,619 - hotel_reservation_app - INFO - Użytkownik admin pomyślnie uwierzytelniony jako administrator.
2025-06-23 16:18:35,087 - hotel_reservation_app - INFO - Wyświetlono wszystkie rabaty.
2025-06-23 16:19:01,419 - hotel_reservation_app - INFO - Zaktualizowano rabat: DISC0002 (10%) z danymi: {'applicable_room_types': ['podwójny'], 'applicable_guest_ids': ['1'], 'is_active': True, 'applicable_loyalty_tiers': ['Gold']}
2025-06-23 16:19:03,070 - hotel_reservation_app - INFO - Wyświetlono wszystkie rabaty.
2025-06-23 16:21:26,663 - hotel_reservation_app - INFO - Użytkownik admin wchodzi do menu zarządzania pokojami.
2025-06-23 16:21:27,583 - hotel_reservation_app - INFO - Wyświetlono wszystkie pokoje.
2025-06-23 16:21:27,583 - hotel_reservation_app - INFO - Wyświetlono wszystkie pokoje.
2025-06-23 16:21:33,741 - hotel_reservation_app - INFO - Użytkownik admin wchodzi do menu zarządzania rezerwacjami.
2025-06-23 16:21:34,558 - hotel_reservation_app - INFO - Wyświetlono wszystkie rezerwacje.
2025-06-23 16:22:21,030 - hotel_reservation_app - INFO - Zaktualizowano rezerwację: RES0001 z danymi: {'status': 'checked_out', 'applied_discount_id': 'DISC0001'}
2025-06-23 16:22:22,440 - hotel_reservation_app - INFO - Wyświetlono wszystkie rezerwacje.
2025-06-23 16:22:29,240 - hotel_reservation_app - INFO - Użytkownik admin opuszcza menu zarządzania rezerwacjami.
2025-06-23 16:22:31,288 - hotel_reservation_app - INFO - Użytkownik admin wchodzi do menu zarządzania płatnościami.
2025-06-23 16:22:36,454 - hotel_reservation_app - INFO - Znaleziono 1 nieuregulowanych faktur.
2025-06-23 16:22:40,142 - hotel_reservation_app - INFO - Użytkownik admin opuszcza menu zarządzania płatnościami.
2025-06-23 16:22:46,371 - hotel_reservation_app - INFO - Użytkownik admin wchodzi do menu zarządzania rezerwacjami.
2025-06-23 16:22:47,937 - hotel_reservation_app - INFO - Wyświetlono wszystkie rezerwacje.
2025-06-23 16:23:32,065 - hotel_reservation_app - INFO - Zaktualizowano rezerwację: RES0002 z danymi: {'applied_discount_id': 'DESC0001'}
2025-06-23 16:23:33,426 - hotel_reservation_app - INFO - Wyświetlono wszystkie rezerwacje.
2025-06-23 16:23:35,572 - hotel_reservation_app - INFO - Użytkownik admin opuszcza menu zarządzania rezerwacjami.
2025-06-23 16:23:39,565 - hotel_reservation_app - INFO - Użytkownik admin wchodzi do menu zarządzania płatnościami.
2025-06-23 16:23:50,524 - hotel_reservation_app - INFO - Faktura dla rezerwacji RES0002 już istnieje (INV0002).
2025-06-23 16:23:55,476 - hotel_reservation_app - INFO - Wyświetlono wszystkie faktury.
2025-06-23 16:24:18,849 - hotel_reservation_app - INFO - Użytkownik admin opuszcza menu zarządzania płatnościami.
2025-06-23 16:24:24,596 - hotel_reservation_app - INFO - Użytkownik admin wchodzi do menu zarządzania pokojami.
2025-06-23 16:24:25,395 - hotel_reservation_app - INFO - Wyświetlono wszystkie pokoje.
2025-06-23 16:24:25,396 - hotel_reservation_app - INFO - Wyświetlono wszystkie pokoje.
2025-06-23 16:24:44,215 - hotel_reservation_app - INFO - Dodano pokój: 105
2025-06-23 16:24:44,215 - hotel_reservation_app - INFO - Dodano nowy pokój: 105
2025-06-23 16:24:45,381 - hotel_reservation_app - INFO - Wyświetlono wszystkie pokoje.
2025-06-23 16:24:45,382 - hotel_reservation_app - INFO - Wyświetlono wszystkie pokoje.
2025-06-23 16:24:48,541 - hotel_reservation_app - INFO - Użytkownik admin wchodzi do menu zarządzania gośćmi.
2025-06-23 16:24:50,507 - hotel_reservation_app - INFO - Użytkownik admin opuszcza menu zarządzania gośćmi.
2025-06-23 16:24:51,699 - hotel_reservation_app - INFO - Użytkownik admin wchodzi do menu zarządzania rezerwacjami.
2025-06-23 16:25:27,008 - hotel_reservation_app - INFO - Pokój 105 jest dostępny w terminie 2025-04-04 do 2025-04-14.
2025-06-23 16:25:27,009 - hotel_reservation_app - WARNING - Podany kod rabatowy DESC0001 jest nieprawidłowy lub nie ma zastosowania dla rezerwacji RES0004.
2025-06-23 16:25:27,027 - hotel_reservation_app - INFO - Zmieniono status pokoju 105 na zajęty
2025-06-23 16:25:27,028 - hotel_reservation_app - INFO - Dodano zapis pobytu dla gościa: 3
2025-06-23 16:25:27,028 - hotel_reservation_app - INFO - Utworzono rezerwację RES0004 dla pokoju 105 i gościa 3. Całkowita cena: 25000.00.
2025-06-23 16:25:29,416 - hotel_reservation_app - INFO - Wyświetlono wszystkie rezerwacje.
2025-06-23 16:26:30,619 - hotel_reservation_app - INFO - Sprawdzanie dostępności: Pokój 105 nie jest dostępny (status: zajęty).
2025-06-23 16:26:30,620 - hotel_reservation_app - INFO - Pokój 105 niedostępny w wybranym terminie (2023-03-03 do 2023-03-13).
2025-06-23 16:26:32,452 - hotel_reservation_app - INFO - Wyświetlono wszystkie rezerwacje.
2025-06-23 16:29:06,605 - hotel_reservation_app - INFO - DatabaseManager initialized.
2025-06-23 16:29:06,606 - hotel_reservation_app - INFO - RoomService zainicjowany (DB).
2025-06-23 16:29:06,606 - hotel_reservation_app - INFO - GuestService zainicjowany (DB).
2025-06-23 16:29:06,606 - hotel_reservation_app - INFO - HousekeepingService zainicjowany (DB).
2025-06-23 16:29:06,606 - hotel_reservation_app - INFO - DiscountService zainicjowany (DB).
2025-06-23 16:29:06,606 - hotel_reservation_app - INFO - ReservationService zainicjowany (DB).
2025-06-23 16:29:06,606 - hotel_reservation_app - INFO - PaymentService zainicjowany (DB).
2025-06-23 16:29:06,606 - hotel_reservation_app - INFO - ReportService zainicjowany.
2025-06-23 16:29:06,606 - hotel_reservation_app - INFO - UserService zainicjowany.
2025-06-23 16:29:09,915 - hotel_reservation_app - WARNING - Nieudana próba uwierzytelnienia dla użytkownika: admin
2025-06-23 16:29:14,715 - hotel_reservation_app - INFO - Użytkownik admin pomyślnie uwierzytelniony jako administrator.
2025-06-23 16:29:17,764 - hotel_reservation_app - INFO - Użytkownik admin wchodzi do menu zarządzania rezerwacjami.
2025-06-23 16:29:18,681 - hotel_reservation_app - INFO - Wyświetlono wszystkie rezerwacje.
2025-06-23 16:29:50,763 - hotel_reservation_app - INFO - Sprawdzanie dostępności: Pokój 105 nie jest dostępny (status: zajęty).
2025-06-23 16:29:50,763 - hotel_reservation_app - INFO - Pokój 105 niedostępny w wybranym terminie (2021-01-01 do 2021-01-11).
2025-06-23 16:29:51,903 - hotel_reservation_app - INFO - Wyświetlono wszystkie rezerwacje.
2025-06-23 16:30:01,931 - hotel_reservation_app - INFO - Użytkownik admin opuszcza menu zarządzania rezerwacjami.
2025-06-23 16:30:04,977 - hotel_reservation_app - INFO - Wyświetlono wszystkie rabaty.
2025-06-23 16:30:29,324 - hotel_reservation_app - INFO - Dodano rabat: DISC0003 (1500).
2025-06-23 16:30:50,789 - hotel_reservation_app - INFO - Wyświetlono wszystkie rabaty.
2025-06-23 16:30:54,420 - hotel_reservation_app - INFO - Użytkownik admin wchodzi do menu zarządzania rezerwacjami.
2025-06-23 16:31:15,321 - hotel_reservation_app - INFO - Sprawdzanie dostępności: Pokój 105 nie jest dostępny (status: zajęty).
2025-06-23 16:31:15,322 - hotel_reservation_app - INFO - Pokój 105 niedostępny w wybranym terminie (2020-01-01 do 2020-01-10).
2025-06-23 16:31:16,393 - hotel_reservation_app - INFO - Wyświetlono wszystkie rezerwacje.
2025-06-23 16:31:51,914 - hotel_reservation_app - INFO - Użytkownik admin opuszcza menu zarządzania rezerwacjami.
2025-06-23 16:31:52,971 - hotel_reservation_app - INFO - Użytkownik admin wchodzi do menu zarządzania pokojami.
2025-06-23 16:31:54,211 - hotel_reservation_app - INFO - Wyświetlono wszystkie pokoje.
2025-06-23 16:31:54,211 - hotel_reservation_app - INFO - Wyświetlono wszystkie pokoje.
2025-06-23 16:32:05,104 - hotel_reservation_app - INFO - Użytkownik admin wchodzi do menu zarządzania rezerwacjami.
2025-06-23 16:32:25,718 - hotel_reservation_app - INFO - Pokój 102 jest dostępny w terminie 2020-01-01 do 2020-01-10.
2025-06-23 16:32:25,718 - hotel_reservation_app - INFO - Zastosowano rabat 1500 dla rezerwacji RES0005. Zniżka: 1500.00 PLN.
2025-06-23 16:32:25,733 - hotel_reservation_app - INFO - Zmieniono status pokoju 102 na zajęty
2025-06-23 16:32:25,734 - hotel_reservation_app - INFO - Dodano zapis pobytu dla gościa: 1
2025-06-23 16:32:25,735 - hotel_reservation_app - INFO - Utworzono rezerwację RES0005 dla pokoju 102 i gościa 1. Całkowita cena: 18498.00.
2025-06-23 16:32:27,338 - hotel_reservation_app - INFO - Wyświetlono wszystkie rezerwacje.
2025-06-23 16:34:23,275 - hotel_reservation_app - INFO - DatabaseManager initialized.
2025-06-23 16:34:23,275 - hotel_reservation_app - INFO - RoomService zainicjowany (DB).
2025-06-23 16:34:23,275 - hotel_reservation_app - INFO - GuestService zainicjowany (DB).
2025-06-23 16:34:23,275 - hotel_reservation_app - INFO - HousekeepingService zainicjowany (DB).
2025-06-23 16:34:23,275 - hotel_reservation_app - INFO - DiscountService zainicjowany (DB).
2025-06-23 16:34:23,275 - hotel_reservation_app - INFO - ReservationService zainicjowany (DB).
2025-06-23 16:34:23,275 - hotel_reservation_app - INFO - PaymentService zainicjowany (DB).
2025-06-23 16:34:23,275 - hotel_reservation_app - INFO - ReportService zainicjowany.
2025-06-23 16:34:23,276 - hotel_reservation_app - INFO - UserService zainicjowany.
2025-06-23 16:34:26,491 - hotel_reservation_app - WARNING - Nieudana próba uwierzytelnienia dla użytkownika: admin
2025-06-23 16:34:31,057 - hotel_reservation_app - INFO - Użytkownik admin pomyślnie uwierzytelniony jako administrator.
2025-06-23 16:34:33,283 - hotel_reservation_app - INFO - Użytkownik admin wchodzi do menu zarządzania rezerwacjami.
2025-06-23 16:34:34,153 - hotel_reservation_app - INFO - Wyświetlono wszystkie rezerwacje.
2025-06-23 16:34:39,968 - hotel_reservation_app - INFO - Użytkownik admin opuszcza menu zarządzania rezerwacjami.
2025-06-23 16:34:40,969 - hotel_reservation_app - INFO - Użytkownik admin wchodzi do menu zarządzania pokojami.
2025-06-23 16:34:41,795 - hotel_reservation_app - INFO - Wyświetlono wszystkie pokoje.
2025-06-23 16:34:41,796 - hotel_reservation_app - INFO - Wyświetlono wszystkie pokoje.
2025-06-23 16:34:49,932 - hotel_reservation_app - INFO - Zmieniono status pokoju 102 na dostępny
2025-06-23 16:34:51,579 - hotel_reservation_app - INFO - Wyświetlono wszystkie pokoje.
2025-06-23 16:34:51,580 - hotel_reservation_app - INFO - Wyświetlono wszystkie pokoje.
2025-06-23 16:34:57,994 - hotel_reservation_app - INFO - Użytkownik admin wchodzi do menu zarządzania rezerwacjami.
2025-06-23 16:35:19,891 - hotel_reservation_app - INFO - Pokój 102 jest dostępny w terminie 2022-09-09 do 2022-09-15.
2025-06-23 16:35:19,893 - hotel_reservation_app - INFO - Zastosowano rabat 1500 dla rezerwacji RES0006. Zniżka: 1500.00 PLN.
2025-06-23 16:35:19,907 - hotel_reservation_app - INFO - Zmieniono status pokoju 102 na zajęty
2025-06-23 16:35:19,909 - hotel_reservation_app - INFO - Dodano zapis pobytu dla gościa: 2
2025-06-23 16:35:19,909 - hotel_reservation_app - INFO - Utworzono rezerwację RES0006 dla pokoju 102 i gościa 2. Całkowita cena: 11832.00.
2025-06-23 16:35:20,956 - hotel_reservation_app - INFO - Wyświetlono wszystkie rezerwacje.
2025-06-23 16:35:48,903 - hotel_reservation_app - INFO - Użytkownik admin opuszcza menu zarządzania rezerwacjami.
2025-06-23 16:37:29,902 - hotel_reservation_app - ERROR - Błąd formatu daty w generate_occupancy_report:  - time data '' does not match format '%Y-%m-%d'
2025-06-23 16:41:51,110 - hotel_reservation_app - INFO - DatabaseManager initialized.
2025-06-23 16:41:51,111 - hotel_reservation_app - INFO - RoomService zainicjowany (DB).
2025-06-23 16:41:51,111 - hotel_reservation_app - INFO - GuestService zainicjowany (DB).
2025-06-23 16:41:51,111 - hotel_reservation_app - INFO - HousekeepingService zainicjowany (DB).
2025-06-23 16:41:51,111 - hotel_reservation_app - INFO - DiscountService zainicjowany (DB).
2025-06-23 16:41:51,111 - hotel_reservation_app - INFO - ReservationService zainicjowany (DB).
2025-06-23 16:41:51,111 - hotel_reservation_app - INFO - PaymentService zainicjowany (DB).
2025-06-23 16:41:51,111 - hotel_reservation_app - INFO - ReportService zainicjowany.
2025-06-23 16:41:51,111 - hotel_reservation_app - INFO - UserService zainicjowany (DB).
2025-06-23 16:41:51,126 - hotel_reservation_app - INFO - Dodano użytkownika: admin z rolą administrator.
2025-06-23 16:41:51,126 - hotel_reservation_app - INFO - Domyślny użytkownik administratora został utworzony.
2025-06-23 16:42:00,253 - hotel_reservation_app - WARNING - Nieudana próba uwierzytelnienia dla użytkownika: admin\
2025-06-23 16:42:03,575 - hotel_reservation_app - INFO - Użytkownik admin pomyślnie uwierzytelniony jako administrator.
2025-06-23 16:43:06,050 - hotel_reservation_app - INFO - DatabaseManager initialized.
2025-06-23 16:43:06,050 - hotel_reservation_app - INFO - RoomService zainicjowany (DB).
2025-06-23 16:43:06,050 - hotel_reservation_app - INFO - GuestService zainicjowany (DB).
2025-06-23 16:43:06,050 - hotel_reservation_app - INFO - HousekeepingService zainicjowany (DB).
2025-06-23 16:43:06,050 - hotel_reservation_app - INFO - DiscountService zainicjowany (DB).
2025-06-23 16:43:06,050 - hotel_reservation_app - INFO - ReservationService zainicjowany (DB).
2025-06-23 16:43:06,051 - hotel_reservation_app - INFO - PaymentService zainicjowany (DB).
2025-06-23 16:43:06,051 - hotel_reservation_app - INFO - ReportService zainicjowany.
2025-06-23 16:43:06,051 - hotel_reservation_app - INFO - UserService zainicjowany (DB).
2025-06-23 16:43:13,196 - hotel_reservation_app - INFO - Użytkownik admin pomyślnie uwierzytelniony jako administrator.
2025-06-23 16:43:46,764 - hotel_reservation_app - INFO - DatabaseManager initialized.
2025-06-23 16:43:46,764 - hotel_reservation_app - INFO - RoomService zainicjowany (DB).
2025-06-23 16:43:46,764 - hotel_reservation_app - INFO - GuestService zainicjowany (DB).
2025-06-23 16:43:46,764 - hotel_reservation_app - INFO - HousekeepingService zainicjowany (DB).
2025-06-23 16:43:46,764 - hotel_reservation_app - INFO - DiscountService zainicjowany (DB).
2025-06-23 16:43:46,764 - hotel_reservation_app - INFO - ReservationService zainicjowany (DB).
2025-06-23 16:43:46,764 - hotel_reservation_app - INFO - PaymentService zainicjowany (DB).
2025-06-23 16:43:46,764 - hotel_reservation_app - INFO - ReportService zainicjowany.
2025-06-23 16:43:46,766 - hotel_reservation_app - INFO - UserService zainicjowany (DB).
2025-06-23 16:43:52,361 - hotel_reservation_app - INFO - Użytkownik admin pomyślnie uwierzytelniony jako administrator.
2025-06-23 16:43:56,426 - hotel_reservation_app - INFO - Wyświetlono wszystkich użytkowników.
2025-06-23 16:44:42,767 - hotel_reservation_app - INFO - Dodano użytkownika: kamil z rolą recepcjonista.
2025-06-23 16:44:44,423 - hotel_reservation_app - INFO - Wyświetlono wszystkich użytkowników.
2025-06-23 16:45:14,444 - hotel_reservation_app - INFO - Dodano użytkownika: kasia z rolą pokojówka.
2025-06-23 16:45:15,427 - hotel_reservation_app - INFO - Wyświetlono wszystkich użytkowników.
2025-06-23 16:45:28,379 - hotel_reservation_app - INFO - Zaktualizowano hasło użytkownika: kamil
2025-06-23 16:46:01,583 - hotel_reservation_app - INFO - DatabaseManager initialized.
2025-06-23 16:46:01,583 - hotel_reservation_app - INFO - RoomService zainicjowany (DB).
2025-06-23 16:46:01,583 - hotel_reservation_app - INFO - GuestService zainicjowany (DB).
2025-06-23 16:46:01,584 - hotel_reservation_app - INFO - HousekeepingService zainicjowany (DB).
2025-06-23 16:46:01,584 - hotel_reservation_app - INFO - DiscountService zainicjowany (DB).
2025-06-23 16:46:01,584 - hotel_reservation_app - INFO - ReservationService zainicjowany (DB).
2025-06-23 16:46:01,584 - hotel_reservation_app - INFO - PaymentService zainicjowany (DB).
2025-06-23 16:46:01,584 - hotel_reservation_app - INFO - ReportService zainicjowany.
2025-06-23 16:46:01,584 - hotel_reservation_app - INFO - UserService zainicjowany (DB).
2025-06-23 16:46:06,919 - hotel_reservation_app - WARNING - Nieudana próba uwierzytelnienia dla użytkownika: admin
2025-06-23 16:46:11,469 - hotel_reservation_app - INFO - Użytkownik admin pomyślnie uwierzytelniony jako administrator.
2025-06-23 16:46:14,129 - hotel_reservation_app - INFO - Wyświetlono wszystkich użytkowników.
2025-06-23 16:46:22,629 - hotel_reservation_app - INFO - Zaktualizowano hasło użytkownika: kasia
2025-06-23 16:46:22,636 - hotel_reservation_app - INFO - Zaktualizowano użytkownika: kasia z danymi: {'password': 'kasia1'}
2025-06-23 16:46:27,511 - hotel_reservation_app - WARNING - Próba usunięcia nieistniejącego użytkownika: 
2025-06-23 16:46:35,759 - hotel_reservation_app - INFO - DatabaseManager initialized.
2025-06-23 16:46:35,760 - hotel_reservation_app - INFO - RoomService zainicjowany (DB).
2025-06-23 16:46:35,760 - hotel_reservation_app - INFO - GuestService zainicjowany (DB).
2025-06-23 16:46:35,760 - hotel_reservation_app - INFO - HousekeepingService zainicjowany (DB).
2025-06-23 16:46:35,760 - hotel_reservation_app - INFO - DiscountService zainicjowany (DB).
2025-06-23 16:46:35,760 - hotel_reservation_app - INFO - ReservationService zainicjowany (DB).
2025-06-23 16:46:35,760 - hotel_reservation_app - INFO - PaymentService zainicjowany (DB).
2025-06-23 16:46:35,760 - hotel_reservation_app - INFO - ReportService zainicjowany.
2025-06-23 16:46:35,760 - hotel_reservation_app - INFO - UserService zainicjowany (DB).
2025-06-23 16:46:38,567 - hotel_reservation_app - INFO - Użytkownik kamil pomyślnie uwierzytelniony jako recepcjonista.
2025-06-23 16:46:42,661 - hotel_reservation_app - INFO - Użytkownik kamil wchodzi do menu zarządzania pokojami.
2025-06-23 16:46:43,694 - hotel_reservation_app - INFO - Wyświetlono wszystkie pokoje.
2025-06-23 16:46:43,696 - hotel_reservation_app - INFO - Wyświetlono wszystkie pokoje.
2025-06-23 16:46:46,437 - hotel_reservation_app - INFO - Użytkownik kamil wchodzi do menu zarządzania gośćmi.
2025-06-23 16:46:47,607 - hotel_reservation_app - INFO - Użytkownik kamil opuszcza menu zarządzania gośćmi.
2025-06-23 16:46:56,214 - hotel_reservation_app - INFO - DatabaseManager initialized.
2025-06-23 16:46:56,214 - hotel_reservation_app - INFO - RoomService zainicjowany (DB).
2025-06-23 16:46:56,215 - hotel_reservation_app - INFO - GuestService zainicjowany (DB).
2025-06-23 16:46:56,215 - hotel_reservation_app - INFO - HousekeepingService zainicjowany (DB).
2025-06-23 16:46:56,215 - hotel_reservation_app - INFO - DiscountService zainicjowany (DB).
2025-06-23 16:46:56,215 - hotel_reservation_app - INFO - ReservationService zainicjowany (DB).
2025-06-23 16:46:56,215 - hotel_reservation_app - INFO - PaymentService zainicjowany (DB).
2025-06-23 16:46:56,215 - hotel_reservation_app - INFO - ReportService zainicjowany.
2025-06-23 16:46:56,215 - hotel_reservation_app - INFO - UserService zainicjowany (DB).
2025-06-23 16:46:58,876 - hotel_reservation_app - INFO - Użytkownik kasia pomyślnie uwierzytelniony jako pokojówka.
2025-06-23 16:47:00,394 - hotel_reservation_app - INFO - Użytkownik kasia wchodzi do menu zarządzania sprzątaniem.
2025-06-23 16:47:08,453 - hotel_reservation_app - INFO - Użytkownik kasia opuszcza menu zarządzania sprzątaniem.
2025-06-23 16:58:59,498 - hotel_reservation_app - INFO - DatabaseManager initialized.
2025-06-23 16:58:59,498 - hotel_reservation_app - INFO - RoomService zainicjowany (DB).
2025-06-23 16:58:59,498 - hotel_reservation_app - INFO - GuestService zainicjowany (DB).
2025-06-23 16:58:59,498 - hotel_reservation_app - INFO - HousekeepingService zainicjowany (DB).
2025-06-23 16:58:59,498 - hotel_reservation_app - INFO - DiscountService zainicjowany (DB).
2025-06-23 16:58:59,498 - hotel_reservation_app - INFO - ReservationService zainicjowany (DB).
2025-06-23 16:58:59,499 - hotel_reservation_app - INFO - PaymentService zainicjowany (DB).
2025-06-23 16:58:59,499 - hotel_reservation_app - INFO - ReportService zainicjowany.
2025-06-23 16:58:59,499 - hotel_reservation_app - INFO - UserService zainicjowany (DB).
2025-06-23 16:59:03,097 - hotel_reservation_app - INFO - Użytkownik kamil pomyślnie uwierzytelniony jako recepcjonista.
2025-06-23 16:59:05,221 - hotel_reservation_app - INFO - Użytkownik kamil wchodzi do menu zarządzania gośćmi.
2025-06-23 16:59:06,923 - hotel_reservation_app - INFO - Pobrano 3 gości z bazy.
2025-06-23 16:59:06,924 - hotel_reservation_app - INFO - Wyświetlono wszystkich gości.
2025-06-23 16:59:35,756 - hotel_reservation_app - INFO - Dodano gościa: 4 - Waldek Kowalski
2025-06-23 16:59:37,600 - hotel_reservation_app - INFO - Pobrano 4 gości z bazy.
2025-06-23 16:59:37,600 - hotel_reservation_app - INFO - Wyświetlono wszystkich gości.
2025-06-23 17:00:56,636 - hotel_reservation_app - INFO - Użytkownik kamil opuszcza menu zarządzania gośćmi.
2025-06-23 17:01:03,360 - hotel_reservation_app - INFO - DatabaseManager initialized.
2025-06-23 17:01:03,360 - hotel_reservation_app - INFO - RoomService zainicjowany (DB).
2025-06-23 17:01:03,360 - hotel_reservation_app - INFO - GuestService zainicjowany (DB).
2025-06-23 17:01:03,360 - hotel_reservation_app - INFO - HousekeepingService zainicjowany (DB).
2025-06-23 17:01:03,360 - hotel_reservation_app - INFO - DiscountService zainicjowany (DB).
2025-06-23 17:01:03,360 - hotel_reservation_app - INFO - ReservationService zainicjowany (DB).
2025-06-23 17:01:03,360 - hotel_reservation_app - INFO - PaymentService zainicjowany (DB).
2025-06-23 17:01:03,360 - hotel_reservation_app - INFO - ReportService zainicjowany.
2025-06-23 17:01:03,360 - hotel_reservation_app - INFO - UserService zainicjowany (DB).
2025-06-23 17:01:08,653 - hotel_reservation_app - INFO - Użytkownik admin pomyślnie uwierzytelniony jako administrator.
2025-06-23 17:02:36,034 - hotel_reservation_app - INFO - DatabaseManager initialized.
2025-06-23 17:02:36,034 - hotel_reservation_app - INFO - RoomService zainicjowany (DB).
2025-06-23 17:02:36,035 - hotel_reservation_app - INFO - GuestService zainicjowany (DB).
2025-06-23 17:02:36,035 - hotel_reservation_app - INFO - HousekeepingService zainicjowany (DB).
2025-06-23 17:02:36,035 - hotel_reservation_app - INFO - DiscountService zainicjowany (DB).
2025-06-23 17:02:36,035 - hotel_reservation_app - INFO - ReservationService zainicjowany (DB).
2025-06-23 17:02:36,035 - hotel_reservation_app - INFO - PaymentService zainicjowany (DB).
2025-06-23 17:02:36,036 - hotel_reservation_app - INFO - ReportService zainicjowany (DB).
2025-06-23 17:02:36,036 - hotel_reservation_app - INFO - UserService zainicjowany (DB).
2025-06-23 17:02:39,752 - hotel_reservation_app - INFO - Użytkownik admin pomyślnie uwierzytelniony jako administrator.
2025-06-23 17:02:49,302 - hotel_reservation_app - INFO - Generowanie raportu obłożenia dla daty: 2025-05-05
2025-06-23 17:02:49,304 - hotel_reservation_app - INFO - Wyświetlono wszystkie pokoje.
2025-06-23 17:02:49,305 - hotel_reservation_app - INFO - Wyświetlono wszystkie rezerwacje.
2025-06-23 17:02:49,305 - hotel_reservation_app - INFO - Wygenerowano raport obłożenia dla 2025-05-05: 0/4 pokoi zajętych (0.00%).
2025-06-23 17:03:13,957 - hotel_reservation_app - INFO - Użytkownik admin wchodzi do menu zarządzania rezerwacjami.
2025-06-23 17:03:16,027 - hotel_reservation_app - INFO - Wyświetlono wszystkie rezerwacje.
2025-06-23 17:03:23,068 - hotel_reservation_app - INFO - Użytkownik admin opuszcza menu zarządzania rezerwacjami.
2025-06-23 17:03:30,641 - hotel_reservation_app - INFO - Generowanie raportu obłożenia dla daty: 2022-09-09
2025-06-23 17:03:30,641 - hotel_reservation_app - INFO - Wyświetlono wszystkie pokoje.
2025-06-23 17:03:30,642 - hotel_reservation_app - INFO - Wyświetlono wszystkie rezerwacje.
2025-06-23 17:03:30,642 - hotel_reservation_app - INFO - Wygenerowano raport obłożenia dla 2022-09-09: 1/4 pokoi zajętych (25.00%).
2025-06-23 17:04:00,486 - hotel_reservation_app - INFO - Generowanie raportu przychodów od 2025-01-01 do 2025-09-09.
2025-06-23 17:04:00,488 - hotel_reservation_app - INFO - Wyświetlono wszystkie płatności.
2025-06-23 17:04:00,488 - hotel_reservation_app - INFO - Wygenerowano raport przychodów od 2025-01-01 do 2025-09-09. Całkowity przychód: 45000.00 PLN.
2025-06-23 17:05:05,115 - hotel_reservation_app - INFO - Wyświetlono wszystkie rezerwacje.
2025-06-23 17:05:05,115 - hotel_reservation_app - INFO - Wygenerowano raport anulowanych rezerwacji dla okresu -. Znaleziono 0 anulowanych rezerwacji.
2025-06-23 17:05:23,919 - hotel_reservation_app - INFO - Generowanie raportu przyjazdów i wyjazdów dla daty: 2020-01-01
2025-06-23 17:05:23,920 - hotel_reservation_app - INFO - Wyświetlono wszystkie rezerwacje.
2025-06-23 17:05:23,920 - hotel_reservation_app - INFO - Wygenerowano raport przyjazdów i wyjazdów dla 2020-01-01: 1 przyjazdów, 0 wyjazdów.
2025-06-23 17:05:59,540 - hotel_reservation_app - INFO - DatabaseManager initialized.
2025-06-23 17:05:59,541 - hotel_reservation_app - INFO - RoomService zainicjowany (DB).
2025-06-23 17:05:59,541 - hotel_reservation_app - INFO - GuestService zainicjowany (DB).
2025-06-23 17:05:59,541 - hotel_reservation_app - INFO - HousekeepingService zainicjowany (DB).
2025-06-23 17:05:59,541 - hotel_reservation_app - INFO - DiscountService zainicjowany (DB).
2025-06-23 17:05:59,541 - hotel_reservation_app - INFO - ReservationService zainicjowany (DB).
2025-06-23 17:05:59,541 - hotel_reservation_app - INFO - PaymentService zainicjowany (DB).
2025-06-23 17:05:59,541 - hotel_reservation_app - INFO - ReportService zainicjowany (DB).
2025-06-23 17:05:59,541 - hotel_reservation_app - INFO - UserService zainicjowany (DB).
2025-06-23 17:06:04,806 - hotel_reservation_app - INFO - Użytkownik admin pomyślnie uwierzytelniony jako administrator.
2025-06-23 17:06:14,564 - hotel_reservation_app - INFO - Generowanie raportu przyjazdów i wyjazdów dla daty: 2020-01-01
2025-06-23 17:06:14,566 - hotel_reservation_app - INFO - Wyświetlono wszystkie rezerwacje.
2025-06-23 17:06:14,566 - hotel_reservation_app - INFO - Wygenerowano raport przyjazdów i wyjazdów dla 2020-01-01: 1 przyjazdów, 0 wyjazdów.
2025-06-23 17:06:34,965 - hotel_reservation_app - INFO - Generowanie raportu przyjazdów i wyjazdów dla daty: 2020-01-10
2025-06-23 17:06:34,966 - hotel_reservation_app - INFO - Wyświetlono wszystkie rezerwacje.
2025-06-23 17:06:34,967 - hotel_reservation_app - INFO - Wygenerowano raport przyjazdów i wyjazdów dla 2020-01-10: 0 przyjazdów, 1 wyjazdów.
2025-06-23 17:07:00,358 - hotel_reservation_app - INFO - Generowanie raportu statystyk gości.
2025-06-23 17:07:00,359 - hotel_reservation_app - INFO - Pobrano 4 gości z bazy.
2025-06-23 17:07:00,359 - hotel_reservation_app - INFO - Wyświetlono wszystkich gości.
2025-06-23 17:07:00,359 - hotel_reservation_app - INFO - Pomyślnie wygenerowano raport statystyk gości.
2025-06-23 17:08:25,077 - hotel_reservation_app - INFO - Generowanie raportu zadań sprzątania.
2025-06-23 17:08:25,078 - hotel_reservation_app - INFO - Wyświetlono wszystkie zadania sprzątania.
2025-06-23 17:08:25,078 - hotel_reservation_app - INFO - Pomyślnie wygenerowano raport zadań sprzątania.
2025-06-23 17:10:05,591 - hotel_reservation_app - INFO - DatabaseManager initialized.
2025-06-23 17:10:05,591 - hotel_reservation_app - INFO - RoomService zainicjowany (DB).
2025-06-23 17:10:05,591 - hotel_reservation_app - INFO - GuestService zainicjowany (DB).
2025-06-23 17:10:05,591 - hotel_reservation_app - INFO - HousekeepingService zainicjowany (DB).
2025-06-23 17:10:05,592 - hotel_reservation_app - INFO - DiscountService zainicjowany (DB).
2025-06-23 17:10:05,592 - hotel_reservation_app - INFO - ReservationService zainicjowany (DB).
2025-06-23 17:10:05,592 - hotel_reservation_app - INFO - PaymentService zainicjowany (DB).
2025-06-23 17:10:05,592 - hotel_reservation_app - INFO - ReportService zainicjowany (DB).
2025-06-23 17:10:05,592 - hotel_reservation_app - INFO - UserService zainicjowany (DB).
2025-06-23 17:10:11,223 - hotel_reservation_app - INFO - Użytkownik admin pomyślnie uwierzytelniony jako administrator.
2025-06-23 17:10:15,669 - hotel_reservation_app - INFO - Wyświetlono wszystkie pokoje.
2025-06-23 17:10:15,669 - hotel_reservation_app - INFO - Generowanie wizualizacji obłożenia pokoi według typu.
2025-06-23 17:10:39,754 - hotel_reservation_app - INFO - Wizualizacja obłożenia pokoi według typu została wygenerowana i wyświetlona.
2025-06-23 17:16:03,238 - hotel_reservation_app - INFO - DatabaseManager initialized.
2025-06-23 17:16:03,239 - hotel_reservation_app - INFO - RoomService zainicjowany (DB).
2025-06-23 17:16:03,239 - hotel_reservation_app - INFO - GuestService zainicjowany (DB).
2025-06-23 17:16:03,239 - hotel_reservation_app - INFO - HousekeepingService zainicjowany (DB).
2025-06-23 17:16:03,239 - hotel_reservation_app - INFO - DiscountService zainicjowany (DB).
2025-06-23 17:16:03,239 - hotel_reservation_app - INFO - ReservationService zainicjowany (DB).
2025-06-23 17:16:03,239 - hotel_reservation_app - INFO - PaymentService zainicjowany (DB).
2025-06-23 17:16:03,239 - hotel_reservation_app - INFO - ReportService zainicjowany (DB).
2025-06-23 17:16:03,240 - hotel_reservation_app - INFO - UserService zainicjowany (DB).
2025-06-23 17:16:08,270 - hotel_reservation_app - INFO - Użytkownik admin pomyślnie uwierzytelniony jako administrator.
2025-06-23 17:16:39,372 - hotel_reservation_app - INFO - Generowanie raportu obłożenia dla daty: 2025-05-05
2025-06-23 17:16:39,373 - hotel_reservation_app - INFO - Wyświetlono wszystkie pokoje.
2025-06-23 17:16:39,375 - hotel_reservation_app - INFO - Wyświetlono wszystkie rezerwacje.
2025-06-23 17:16:39,375 - hotel_reservation_app - INFO - Wygenerowano raport obłożenia dla 2025-05-05: 0/4 pokoi zajętych (0.00%).
2025-06-23 17:16:41,537 - hotel_reservation_app - INFO - Raport został pomyślnie wyeksportowany do pliku raport_oblozenia_2025-05-05.txt
2025-06-23 17:17:10,776 - hotel_reservation_app - INFO - Generowanie raportu obłożenia dla daty: 2025-05-06
2025-06-23 17:17:10,776 - hotel_reservation_app - INFO - Wyświetlono wszystkie pokoje.
2025-06-23 17:17:10,777 - hotel_reservation_app - INFO - Wyświetlono wszystkie rezerwacje.
2025-06-23 17:17:10,777 - hotel_reservation_app - INFO - Wygenerowano raport obłożenia dla 2025-05-06: 0/4 pokoi zajętych (0.00%).
2025-06-23 17:17:20,035 - hotel_reservation_app - INFO - Generowanie raportu obłożenia dla daty: 2025-06-06
2025-06-23 17:17:20,036 - hotel_reservation_app - INFO - Wyświetlono wszystkie pokoje.
2025-06-23 17:17:20,036 - hotel_reservation_app - INFO - Wyświetlono wszystkie rezerwacje.
2025-06-23 17:17:20,036 - hotel_reservation_app - INFO - Wygenerowano raport obłożenia dla 2025-06-06: 0/4 pokoi zajętych (0.00%).
2025-06-23 17:17:21,703 - hotel_reservation_app - INFO - Raport został pomyślnie wyeksportowany do pliku raport_oblozenia_2025-06-06.txt
2025-06-23 17:18:11,500 - hotel_reservation_app - INFO - Generowanie raportu przychodów od 2025-01-01 do 2025-09-09.
2025-06-23 17:18:11,502 - hotel_reservation_app - INFO - Wyświetlono wszystkie płatności.
2025-06-23 17:18:11,502 - hotel_reservation_app - INFO - Wygenerowano raport przychodów od 2025-01-01 do 2025-09-09. Całkowity przychód: 45000.00 PLN.
2025-06-23 17:18:13,484 - hotel_reservation_app - INFO - Raport został pomyślnie wyeksportowany do pliku raport_przychodow_2025-01-01_do_2025-09-09.txt
2025-06-23 17:18:39,597 - hotel_reservation_app - INFO - Wyświetlono wszystkie rezerwacje.
2025-06-23 17:18:39,597 - hotel_reservation_app - INFO - Wygenerowano raport anulowanych rezerwacji dla okresu 2025-01-01-2025-09-09. Znaleziono 0 anulowanych rezerwacji.
2025-06-23 17:18:40,863 - hotel_reservation_app - INFO - Raport został pomyślnie wyeksportowany do pliku raport_anulowanych_rezerwacji.txt
2025-06-23 17:19:21,083 - hotel_reservation_app - INFO - Generowanie raportu przyjazdów i wyjazdów dla daty: 2025-05-05
2025-06-23 17:19:21,083 - hotel_reservation_app - INFO - Wyświetlono wszystkie rezerwacje.
2025-06-23 17:19:21,084 - hotel_reservation_app - INFO - Wygenerowano raport przyjazdów i wyjazdów dla 2025-05-05: 0 przyjazdów, 0 wyjazdów.
2025-06-23 17:20:18,026 - hotel_reservation_app - INFO - DatabaseManager initialized.
2025-06-23 17:20:18,026 - hotel_reservation_app - INFO - RoomService zainicjowany (DB).
2025-06-23 17:20:18,026 - hotel_reservation_app - INFO - GuestService zainicjowany (DB).
2025-06-23 17:20:18,026 - hotel_reservation_app - INFO - HousekeepingService zainicjowany (DB).
2025-06-23 17:20:18,026 - hotel_reservation_app - INFO - DiscountService zainicjowany (DB).
2025-06-23 17:20:18,027 - hotel_reservation_app - INFO - ReservationService zainicjowany (DB).
2025-06-23 17:20:18,027 - hotel_reservation_app - INFO - PaymentService zainicjowany (DB).
2025-06-23 17:20:18,027 - hotel_reservation_app - INFO - ReportService zainicjowany (DB).
2025-06-23 17:20:18,027 - hotel_reservation_app - INFO - UserService zainicjowany (DB).
2025-06-23 17:20:22,982 - hotel_reservation_app - INFO - Użytkownik admin pomyślnie uwierzytelniony jako administrator.
2025-06-23 17:20:32,806 - hotel_reservation_app - INFO - Generowanie raportu przyjazdów i wyjazdów dla daty: 2025-05-05
2025-06-23 17:20:32,808 - hotel_reservation_app - INFO - Wyświetlono wszystkie rezerwacje.
2025-06-23 17:20:32,808 - hotel_reservation_app - INFO - Wygenerowano raport przyjazdów i wyjazdów dla 2025-05-05: 0 przyjazdów, 0 wyjazdów.
2025-06-23 17:20:40,155 - hotel_reservation_app - INFO - Generowanie raportu statystyk gości.
2025-06-23 17:20:40,158 - hotel_reservation_app - INFO - Pobrano 4 gości z bazy.
2025-06-23 17:20:40,158 - hotel_reservation_app - INFO - Wyświetlono wszystkich gości.
2025-06-23 17:20:40,158 - hotel_reservation_app - INFO - Pomyślnie wygenerowano raport statystyk gości.
2025-06-23 17:20:49,995 - hotel_reservation_app - INFO - Generowanie raportu przyjazdów i wyjazdów dla daty: 2025-05-05
2025-06-23 17:20:49,995 - hotel_reservation_app - INFO - Wyświetlono wszystkie rezerwacje.
2025-06-23 17:20:49,996 - hotel_reservation_app - INFO - Wygenerowano raport przyjazdów i wyjazdów dla 2025-05-05: 0 przyjazdów, 0 wyjazdów.
2025-06-23 17:20:51,592 - hotel_reservation_app - INFO - Raport został pomyślnie wyeksportowany do pliku raport_przyjazdow_wyjazdow_2025-05-05.txt
2025-06-23 17:21:07,204 - hotel_reservation_app - INFO - Generowanie raportu statystyk gości.
2025-06-23 17:21:07,205 - hotel_reservation_app - INFO - Pobrano 4 gości z bazy.
2025-06-23 17:21:07,205 - hotel_reservation_app - INFO - Wyświetlono wszystkich gości.
2025-06-23 17:21:07,205 - hotel_reservation_app - INFO - Pomyślnie wygenerowano raport statystyk gości.
2025-06-23 17:21:10,786 - hotel_reservation_app - INFO - Raport został pomyślnie wyeksportowany do pliku raport_statystyk_gosci.txt
2025-06-23 18:49:17,034 - hotel_reservation_app - INFO - DatabaseManager initialized.
2025-06-23 18:49:17,034 - hotel_reservation_app - INFO - RoomService zainicjowany (DB).
2025-06-23 18:49:17,034 - hotel_reservation_app - INFO - GuestService zainicjowany (DB).
2025-06-23 18:49:17,034 - hotel_reservation_app - INFO - HousekeepingService zainicjowany (DB).
2025-06-23 18:49:17,035 - hotel_reservation_app - INFO - DiscountService zainicjowany (DB).
2025-06-23 18:49:17,035 - hotel_reservation_app - INFO - ReservationService zainicjowany (DB).
2025-06-23 18:49:17,035 - hotel_reservation_app - INFO - PaymentService zainicjowany (DB).
2025-06-23 18:49:17,035 - hotel_reservation_app - INFO - ReportService zainicjowany (DB).
2025-06-23 18:49:17,035 - hotel_reservation_app - INFO - UserService zainicjowany (DB).
2025-06-23 18:49:20,891 - hotel_reservation_app - INFO - Użytkownik admin pomyślnie uwierzytelniony jako administrator.
2025-06-23 18:49:27,418 - hotel_reservation_app - INFO - Użytkownik admin wchodzi do menu zarządzania pokojami.
2025-06-23 18:49:33,469 - hotel_reservation_app - ERROR - Błąd podczas dodawania pokoju (ValueError): invalid literal for int() with base 10: ''
2025-06-23 18:49:34,689 - hotel_reservation_app - INFO - Wyświetlono wszystkie pokoje.
2025-06-23 18:49:34,691 - hotel_reservation_app - INFO - Wyświetlono wszystkie pokoje.
2025-06-23 18:49:45,775 - hotel_reservation_app - INFO - Dodano pokój: 106
2025-06-23 18:49:45,775 - hotel_reservation_app - INFO - Dodano nowy pokój: 106
2025-06-23 18:49:47,628 - hotel_reservation_app - INFO - Wyświetlono wszystkie pokoje.
2025-06-23 18:49:47,629 - hotel_reservation_app - INFO - Wyświetlono wszystkie pokoje.
2025-06-23 19:14:23,323 - hotel_reservation_app - INFO - Wyświetlono wszystkie pokoje.
2025-06-23 19:14:23,324 - hotel_reservation_app - INFO - Wyświetlono wszystkie pokoje.
2025-06-23 19:14:24,589 - hotel_reservation_app - INFO - Wyświetlono wszystkie pokoje.
2025-06-23 19:14:24,590 - hotel_reservation_app - INFO - Wyświetlono wszystkie pokoje.
2025-06-23 19:14:29,520 - hotel_reservation_app - INFO - Wyświetlono wszystkie pokoje.
2025-06-23 19:14:29,521 - hotel_reservation_app - INFO - Wyświetlono wszystkie pokoje.
2025-06-23 19:14:42,544 - hotel_reservation_app - INFO - Użytkownik admin wchodzi do menu zarządzania gośćmi.
2025-06-23 19:14:47,784 - hotel_reservation_app - INFO - Dodano gościa:  -  
2025-06-23 19:14:55,659 - hotel_reservation_app - INFO - Pobrano 5 gości z bazy.
2025-06-23 19:14:55,660 - hotel_reservation_app - INFO - Wyświetlono wszystkich gości.
2025-06-23 19:15:04,742 - hotel_reservation_app - INFO - Usunięto gościa: 
2025-06-23 19:15:07,717 - hotel_reservation_app - INFO - Pobrano 4 gości z bazy.
2025-06-23 19:15:07,717 - hotel_reservation_app - INFO - Wyświetlono wszystkich gości.
2025-06-23 19:16:04,397 - hotel_reservation_app - INFO - Użytkownik admin opuszcza menu zarządzania gośćmi.
2025-06-23 19:16:16,587 - hotel_reservation_app - INFO - Wyświetlono wszystkie rabaty.
2025-06-23 19:16:30,217 - hotel_reservation_app - INFO - Dodano rabat: DISC0004 (2000).
2025-06-23 19:16:32,566 - hotel_reservation_app - INFO - Wyświetlono wszystkie rabaty.
2025-06-23 22:23:16,192 - hotel_reservation_app - INFO - DatabaseManager initialized.
2025-06-23 22:23:16,192 - hotel_reservation_app - INFO - RoomService zainicjowany (DB).
2025-06-23 22:23:16,192 - hotel_reservation_app - INFO - GuestService zainicjowany (DB).
2025-06-23 22:23:16,192 - hotel_reservation_app - INFO - HousekeepingService zainicjowany (DB).
2025-06-23 22:23:16,192 - hotel_reservation_app - INFO - DiscountService zainicjowany (DB).
2025-06-23 22:23:16,192 - hotel_reservation_app - INFO - ReservationService zainicjowany (DB).
2025-06-23 22:23:16,192 - hotel_reservation_app - INFO - PaymentService zainicjowany (DB).
2025-06-23 22:23:16,192 - hotel_reservation_app - INFO - ReportService zainicjowany (DB).
2025-06-23 22:23:16,193 - hotel_reservation_app - INFO - UserService zainicjowany (DB).
2025-06-23 22:23:24,334 - hotel_reservation_app - INFO - Użytkownik admin pomyślnie uwierzytelniony jako administrator.
2025-06-23 22:23:31,877 - hotel_reservation_app - INFO - Użytkownik admin wchodzi do menu zarządzania pokojami.
2025-06-24 13:16:19,847 - hotel_reservation_app - INFO - baza została zainicjalizowana
2025-06-24 13:16:19,847 - hotel_reservation_app - INFO - RoomService zainicjowany (DB).
2025-06-24 13:16:19,847 - hotel_reservation_app - INFO - GuestService zainicjowany (DB).
2025-06-24 13:16:19,848 - hotel_reservation_app - INFO - HousekeepingService zainicjowany (DB).
2025-06-24 13:16:19,848 - hotel_reservation_app - INFO - DiscountService zainicjowany (DB).
2025-06-24 13:16:19,848 - hotel_reservation_app - INFO - ReservationService zainicjowany (DB).
2025-06-24 13:16:19,848 - hotel_reservation_app - INFO - PaymentService zainicjowany (DB).
2025-06-24 13:16:19,848 - hotel_reservation_app - INFO - ReportService zainicjowany (DB).
2025-06-24 13:16:19,848 - hotel_reservation_app - INFO - UserService zainicjowany (DB).
2025-06-24 13:16:26,758 - hotel_reservation_app - INFO - Użytkownik admin pomyślnie uwierzytelniony jako administrator.
2025-06-24 13:16:27,491 - hotel_reservation_app - INFO - Użytkownik admin wchodzi do menu zarządzania pokojami.
2025-06-24 13:16:28,079 - hotel_reservation_app - INFO - Wyświetlono wszystkie pokoje.
2025-06-24 13:16:28,080 - hotel_reservation_app - INFO - Wyświetlono wszystkie pokoje.
2025-06-24 13:16:31,985 - hotel_reservation_app - WARNING - Próba dodania istniejącego pokoju: 106
2025-06-24 13:20:26,031 - hotel_reservation_app - INFO - Usunięto pokój: 106
2025-06-24 13:20:26,031 - hotel_reservation_app - INFO - Próba usunięcia pokoju: 106
2025-06-24 13:20:27,418 - hotel_reservation_app - INFO - Wyświetlono wszystkie pokoje.
2025-06-24 13:20:27,419 - hotel_reservation_app - INFO - Wyświetlono wszystkie pokoje.
2025-06-24 13:31:47,874 - hotel_reservation_app - INFO - Brak dostępnych pokoi do znalezienia.
2025-06-24 13:31:47,874 - hotel_reservation_app - INFO - Wyświetlono dostępne pokoje.
2025-06-24 13:32:08,786 - hotel_reservation_app - INFO - Dodano pokój: 106
2025-06-24 13:32:08,786 - hotel_reservation_app - INFO - Dodano nowy pokój: 106
2025-06-24 13:32:10,228 - hotel_reservation_app - INFO - Wyświetlono wszystkie pokoje.
2025-06-24 13:32:10,229 - hotel_reservation_app - INFO - Wyświetlono wszystkie pokoje.
2025-06-24 13:32:12,518 - hotel_reservation_app - INFO - Znaleziono 1 dostępnych pokoi.
2025-06-24 13:32:12,519 - hotel_reservation_app - INFO - Wyświetlono dostępne pokoje.
2025-06-24 14:00:23,908 - hotel_reservation_app - INFO - baza została zainicjalizowana
2025-06-24 14:00:23,909 - hotel_reservation_app - INFO - RoomService zainicjowany (DB).
2025-06-24 14:00:23,909 - hotel_reservation_app - INFO - GuestService zainicjowany (DB).
2025-06-24 14:00:23,909 - hotel_reservation_app - INFO - HousekeepingService zainicjowany (DB).
2025-06-24 14:00:23,909 - hotel_reservation_app - INFO - DiscountService zainicjowany (DB).
2025-06-24 14:00:23,909 - hotel_reservation_app - INFO - ReservationService zainicjowany (DB).
2025-06-24 14:00:23,909 - hotel_reservation_app - INFO - PaymentService zainicjowany (DB).
2025-06-24 14:00:23,909 - hotel_reservation_app - INFO - ReportService zainicjowany (DB).
2025-06-24 14:00:23,910 - hotel_reservation_app - INFO - UserService zainicjowany (DB).
2025-06-24 14:00:29,017 - hotel_reservation_app - INFO - Użytkownik admin pomyślnie uwierzytelniony jako administrator.
2025-06-24 14:00:31,673 - hotel_reservation_app - INFO - Użytkownik admin wchodzi do menu zarządzania rezerwacjami.
2025-06-24 14:00:32,618 - hotel_reservation_app - INFO - Wyświetlono wszystkie rezerwacje.
2025-06-24 14:03:19,460 - hotel_reservation_app - INFO - Wyświetlono wszystkie rezerwacje.
2025-06-24 14:03:43,452 - hotel_reservation_app - INFO - Pokój 106 jest dostępny w terminie 2025-09-30 do 2025-10-12.
2025-06-24 14:03:43,453 - hotel_reservation_app - INFO - Znaleziono 3 rabatów spełniających kryteria.
2025-06-24 14:03:43,469 - hotel_reservation_app - INFO - Zmieniono status pokoju 106 na zajęty
2025-06-24 14:03:43,470 - hotel_reservation_app - INFO - Dodano zapis pobytu dla gościa: 3
2025-06-24 14:03:43,470 - hotel_reservation_app - INFO - Utworzono rezerwację RES0007 dla pokoju 106 i gościa 3. Całkowita cena: 14808.00.
2025-06-24 14:03:45,381 - hotel_reservation_app - INFO - Wyświetlono wszystkie rezerwacje.
2025-06-24 15:21:23,034 - hotel_reservation_app - INFO - baza została zainicjalizowana
2025-06-24 15:21:23,034 - hotel_reservation_app - INFO - RoomService zainicjowany (DB).
2025-06-24 15:21:23,034 - hotel_reservation_app - INFO - GuestService zainicjowany (DB).
2025-06-24 15:21:23,034 - hotel_reservation_app - INFO - HousekeepingService zainicjowany (DB).
2025-06-24 15:21:23,034 - hotel_reservation_app - INFO - DiscountService zainicjowany (DB).
2025-06-24 15:21:23,034 - hotel_reservation_app - INFO - ReservationService zainicjowany (DB).
2025-06-24 15:21:23,035 - hotel_reservation_app - INFO - PaymentService zainicjowany (DB).
2025-06-24 15:21:23,035 - hotel_reservation_app - INFO - ReportService zainicjowany (DB).
2025-06-24 15:21:23,035 - hotel_reservation_app - INFO - UserService zainicjowany (DB).
2025-06-24 15:21:28,255 - hotel_reservation_app - INFO - Użytkownik admin pomyślnie uwierzytelniony jako administrator.
2025-06-24 15:21:58,293 - hotel_reservation_app - INFO - Dodano użytkownika: karol z rolą pokojówka.
2025-06-24 15:21:59,854 - hotel_reservation_app - INFO - Wyświetlono wszystkich użytkowników.
2025-06-24 15:22:24,879 - hotel_reservation_app - INFO - Zaktualizowano hasło użytkownika: karol
2025-06-24 15:22:24,879 - hotel_reservation_app - INFO - Zmieniono rolę użytkownika karol na recepcjonista.
2025-06-24 15:22:24,891 - hotel_reservation_app - INFO - Zaktualizowano użytkownika: karol z danymi: {'password': 'karol1', 'role': 'recepcjonista'}
2025-06-24 15:22:28,041 - hotel_reservation_app - INFO - Wyświetlono wszystkich użytkowników.
2025-06-24 15:22:59,345 - hotel_reservation_app - INFO - Usunięto użytkownika: karol
2025-06-24 15:23:01,168 - hotel_reservation_app - INFO - Wyświetlono wszystkich użytkowników.
2025-06-25 19:16:15,740 - hotel_reservation_app - INFO - baza została zainicjalizowana
2025-06-25 19:16:15,740 - hotel_reservation_app - INFO - RoomService zainicjowany (DB).
2025-06-25 19:16:15,740 - hotel_reservation_app - INFO - GuestService zainicjowany (DB).
2025-06-25 19:16:15,740 - hotel_reservation_app - INFO - HousekeepingService zainicjowany (DB).
2025-06-25 19:16:15,740 - hotel_reservation_app - INFO - DiscountService zainicjowany (DB).
2025-06-25 19:16:15,740 - hotel_reservation_app - INFO - ReservationService zainicjowany (DB).
2025-06-25 19:16:15,740 - hotel_reservation_app - INFO - PaymentService zainicjowany (DB).
2025-06-25 19:16:15,740 - hotel_reservation_app - INFO - ReportService zainicjowany (DB).
2025-06-25 19:16:15,740 - hotel_reservation_app - INFO - UserService zainicjowany (DB).
2025-06-25 19:16:20,452 - hotel_reservation_app - INFO - Użytkownik admin pomyślnie uwierzytelniony jako administrator.
2025-06-25 19:16:22,922 - hotel_reservation_app - INFO - Użytkownik admin wchodzi do menu zarządzania pokojami.
2025-06-25 19:16:23,937 - hotel_reservation_app - INFO - Wyświetlono wszystkie pokoje.
2025-06-25 19:16:23,939 - hotel_reservation_app - INFO - Wyświetlono wszystkie pokoje.
2025-06-25 19:19:19,707 - hotel_reservation_app - INFO - Zmieniono status pokoju 102 na dostępny
2025-06-25 19:19:20,841 - hotel_reservation_app - INFO - Wyświetlono wszystkie pokoje.
2025-06-25 19:19:20,842 - hotel_reservation_app - INFO - Wyświetlono wszystkie pokoje.
2025-06-25 19:38:10,756 - hotel_reservation_app - INFO - Użytkownik admin wchodzi do menu zarządzania pokojami.
2025-06-26 21:04:20,639 - hotel_reservation_app - INFO - baza została zainicjalizowana
2025-06-26 21:04:20,640 - hotel_reservation_app - INFO - RoomService zainicjowany (DB).
2025-06-26 21:04:20,640 - hotel_reservation_app - INFO - GuestService zainicjowany (DB).
2025-06-26 21:04:20,640 - hotel_reservation_app - INFO - HousekeepingService zainicjowany (DB).
2025-06-26 21:04:20,640 - hotel_reservation_app - INFO - DiscountService zainicjowany (DB).
2025-06-26 21:04:20,640 - hotel_reservation_app - INFO - ReservationService zainicjowany (DB).
2025-06-26 21:04:20,640 - hotel_reservation_app - INFO - PaymentService zainicjowany (DB).
2025-06-26 21:04:20,640 - hotel_reservation_app - INFO - ReportService zainicjowany (DB).
2025-06-26 21:04:20,640 - hotel_reservation_app - INFO - UserService zainicjowany (DB).
2025-06-26 21:05:48,420 - hotel_reservation_app - INFO - Użytkownik admin pomyślnie uwierzytelniony jako administrator.
2025-06-26 21:05:49,896 - hotel_reservation_app - INFO - Użytkownik admin wchodzi do menu zarządzania pokojami.
2025-06-26 21:05:50,495 - hotel_reservation_app - INFO - Wyświetlono wszystkie pokoje.
2025-06-26 21:05:50,496 - hotel_reservation_app - INFO - Wyświetlono wszystkie pokoje.
2025-06-27 15:39:20,234 - hotel_reservation_app - INFO - baza została zainicjalizowana
2025-06-27 15:39:20,234 - hotel_reservation_app - INFO - RoomService zainicjowany (DB).
2025-06-27 15:39:20,234 - hotel_reservation_app - INFO - GuestService zainicjowany (DB).
2025-06-27 15:39:20,234 - hotel_reservation_app - INFO - HousekeepingService zainicjowany (DB).
2025-06-27 15:39:20,234 - hotel_reservation_app - INFO - DiscountService zainicjowany (DB).
2025-06-27 15:39:20,234 - hotel_reservation_app - INFO - ReservationService zainicjowany (DB).
2025-06-27 15:39:20,234 - hotel_reservation_app - INFO - PaymentService zainicjowany (DB).
2025-06-27 15:39:20,234 - hotel_reservation_app - INFO - ReportService zainicjowany (DB).
2025-06-27 15:39:20,235 - hotel_reservation_app - INFO - UserService zainicjowany (DB).
2025-06-27 15:39:26,073 - hotel_reservation_app - INFO - Użytkownik admin pomyślnie uwierzytelniony jako administrator.
2025-06-27 15:42:02,983 - hotel_reservation_app - INFO - Wyświetlono wszystkich użytkowników.
