2025-06-05 20:53:57,132 - hotel_reservation_app - INFO - RoomService zainicjowany.
2025-06-05 20:53:57,132 - hotel_reservation_app - INFO - GuestService zainicjowany.
2025-06-05 20:53:57,132 - hotel_reservation_app - INFO - HousekeepingService zainicjowany.
2025-06-05 20:53:57,132 - hotel_reservation_app - INFO - DiscountService zainicjowany.
2025-06-05 20:53:57,132 - hotel_reservation_app - INFO - ReservationService zainicjowany.
2025-06-05 20:55:00,010 - hotel_reservation_app - INFO - RoomService zainicjowany.
2025-06-05 20:55:00,010 - hotel_reservation_app - INFO - GuestService zainicjowany.
2025-06-05 20:55:00,010 - hotel_reservation_app - INFO - HousekeepingService zainicjowany.
2025-06-05 20:55:00,010 - hotel_reservation_app - INFO - DiscountService zainicjowany.
2025-06-05 20:55:00,012 - hotel_reservation_app - INFO - ReservationService zainicjowany.
2025-06-05 20:55:37,853 - hotel_reservation_app - INFO - RoomService zainicjowany.
2025-06-05 20:55:37,853 - hotel_reservation_app - INFO - GuestService zainicjowany.
2025-06-05 20:55:37,853 - hotel_reservation_app - INFO - HousekeepingService zainicjowany.
2025-06-05 20:55:37,853 - hotel_reservation_app - INFO - DiscountService zainicjowany.
2025-06-05 20:55:37,853 - hotel_reservation_app - INFO - ReservationService zainicjowany.
2025-06-05 20:55:37,853 - hotel_reservation_app - INFO - PaymentService zainicjowany.
2025-06-05 20:55:37,853 - hotel_reservation_app - INFO - ReportService zainicjowany.
2025-06-05 20:55:37,854 - hotel_reservation_app - INFO - UserService zainicjowany.
2025-06-05 20:55:47,470 - hotel_reservation_app - WARNING - Nieudana próba uwierzytelnienia dla użytkownika: Kamil
2025-06-05 20:57:10,998 - hotel_reservation_app - INFO - Użytkownik admin pomyślnie uwierzytelniony jako administrator.
2025-06-05 20:57:10,998 - hotel_reservation_app - INFO - Wyświetlono główne menu dla roli: administrator
2025-06-05 20:57:11,000 - hotel_reservation_app - INFO - Wyświetlono główne menu dla roli: administrator
2025-06-05 20:57:16,567 - hotel_reservation_app - INFO - Wyświetlono główne menu dla roli: administrator
2025-06-05 20:57:19,461 - hotel_reservation_app - INFO - Użytkownik admin wchodzi do menu zarządzania pokojami.
2025-06-05 20:57:29,226 - hotel_reservation_app - INFO - Wyświetlono główne menu dla roli: administrator
2025-06-05 20:57:50,898 - hotel_reservation_app - INFO - Brak gości spełniających kryteria wyszukiwania (ID: None, Imię: None, Nazwisko: None, VIP: None, Lojalny: None, Poziom: None).
2025-06-05 20:57:50,898 - hotel_reservation_app - INFO - Wyświetlono pustą tabelę dla: Znalezieni Goście.
2025-06-05 20:58:24,611 - hotel_reservation_app - INFO - Dodano gościa: 1 - Kamil Styn
2025-06-05 20:58:34,675 - hotel_reservation_app - INFO - Znaleziono 1 gości spełniających kryteria wyszukiwania (ID: 1, Imię: None, Nazwisko: None, VIP: None, Lojalny: None, Poziom: None).
2025-06-05 20:58:34,675 - hotel_reservation_app - INFO - Wyświetlono tabelę: Znalezieni Goście
2025-06-05 20:58:49,658 - hotel_reservation_app - WARNING - Nieprawidłowe kryterium sortowania gości: 
2025-06-05 20:58:49,660 - hotel_reservation_app - INFO - Wyświetlono tabelę: Posortowani Goście
2025-06-05 20:58:53,260 - hotel_reservation_app - INFO - Wyświetlono główne menu dla roli: administrator
2025-06-05 20:59:45,789 - hotel_reservation_app - INFO - Użytkownik admin wchodzi do menu zarządzania pokojami.
2025-06-05 20:59:47,498 - hotel_reservation_app - INFO - Wyświetlono tabelę: Wszystkie Pokoje
2025-06-05 21:02:43,971 - hotel_reservation_app - INFO - RoomService zainicjowany.
2025-06-05 21:02:43,971 - hotel_reservation_app - INFO - GuestService zainicjowany.
2025-06-05 21:02:43,971 - hotel_reservation_app - INFO - HousekeepingService zainicjowany.
2025-06-05 21:02:43,971 - hotel_reservation_app - INFO - DiscountService zainicjowany.
2025-06-05 21:02:43,971 - hotel_reservation_app - INFO - ReservationService zainicjowany.
2025-06-05 21:02:43,971 - hotel_reservation_app - INFO - PaymentService zainicjowany.
2025-06-05 21:02:43,972 - hotel_reservation_app - INFO - ReportService zainicjowany.
2025-06-05 21:02:43,972 - hotel_reservation_app - INFO - UserService zainicjowany.
2025-06-05 21:02:54,916 - hotel_reservation_app - WARNING - Nieudana próba uwierzytelnienia dla użytkownika: admin
2025-06-05 21:03:05,705 - hotel_reservation_app - INFO - Użytkownik admin pomyślnie uwierzytelniony jako administrator.
2025-06-05 21:03:05,705 - hotel_reservation_app - INFO - Wyświetlono główne menu dla roli: administrator
2025-06-05 21:03:07,858 - hotel_reservation_app - INFO - Użytkownik admin wchodzi do menu zarządzania pokojami.
2025-06-05 21:03:12,986 - hotel_reservation_app - INFO - Wyświetlono tabelę: Wszystkie Pokoje
2025-06-05 21:03:12,987 - hotel_reservation_app - INFO - Wyświetlono wszystkie pokoje.
2025-06-05 22:10:42,449 - hotel_reservation_app - INFO - RoomService zainicjowany.
2025-06-05 22:10:42,452 - hotel_reservation_app - INFO - GuestService zainicjowany.
2025-06-05 22:10:42,452 - hotel_reservation_app - INFO - HousekeepingService zainicjowany.
2025-06-05 22:10:42,452 - hotel_reservation_app - INFO - DiscountService zainicjowany.
2025-06-05 22:10:42,452 - hotel_reservation_app - INFO - ReservationService zainicjowany.
2025-06-05 22:10:42,453 - hotel_reservation_app - INFO - PaymentService zainicjowany.
2025-06-05 22:10:42,453 - hotel_reservation_app - INFO - ReportService zainicjowany.
2025-06-05 22:10:42,456 - hotel_reservation_app - INFO - UserService zainicjowany.
2025-06-05 22:10:43,368 - hotel_reservation_app - INFO - RoomService zainicjowany.
2025-06-05 22:10:43,369 - hotel_reservation_app - INFO - GuestService zainicjowany.
2025-06-05 22:10:43,369 - hotel_reservation_app - INFO - HousekeepingService zainicjowany.
2025-06-05 22:10:43,369 - hotel_reservation_app - INFO - DiscountService zainicjowany.
2025-06-05 22:10:43,369 - hotel_reservation_app - INFO - ReservationService zainicjowany.
2025-06-05 22:10:43,369 - hotel_reservation_app - INFO - PaymentService zainicjowany.
2025-06-05 22:10:43,369 - hotel_reservation_app - INFO - ReportService zainicjowany.
2025-06-05 22:10:43,369 - hotel_reservation_app - INFO - UserService zainicjowany.
2025-06-05 22:10:49,667 - hotel_reservation_app - INFO - RoomService zainicjowany.
2025-06-05 22:10:49,667 - hotel_reservation_app - INFO - GuestService zainicjowany.
2025-06-05 22:10:49,667 - hotel_reservation_app - INFO - HousekeepingService zainicjowany.
2025-06-05 22:10:49,667 - hotel_reservation_app - INFO - DiscountService zainicjowany.
2025-06-05 22:10:49,667 - hotel_reservation_app - INFO - ReservationService zainicjowany.
2025-06-05 22:10:49,667 - hotel_reservation_app - INFO - PaymentService zainicjowany.
2025-06-05 22:10:49,668 - hotel_reservation_app - INFO - ReportService zainicjowany.
2025-06-05 22:10:49,668 - hotel_reservation_app - INFO - UserService zainicjowany.
2025-06-05 22:11:01,530 - hotel_reservation_app - INFO - Użytkownik admin pomyślnie uwierzytelniony jako administrator.
2025-06-05 22:11:01,531 - hotel_reservation_app - INFO - Wyświetlono główne menu dla roli: administrator
2025-06-05 22:11:05,332 - hotel_reservation_app - INFO - Użytkownik admin wchodzi do menu zarządzania pokojami.
2025-06-05 22:12:05,817 - hotel_reservation_app - INFO - Dodano pokój: 2
2025-06-05 22:12:05,818 - hotel_reservation_app - INFO - Dodano nowy pokój: 2
2025-06-05 22:12:10,161 - hotel_reservation_app - INFO - Wyświetlono tabelę: Wszystkie Pokoje
2025-06-05 22:12:10,161 - hotel_reservation_app - INFO - Wyświetlono wszystkie pokoje.
2025-06-05 22:13:24,022 - hotel_reservation_app - INFO - Zaktualizowano pokój: 1 z danymi: {'floor': 2, 'room_type': 'apartament', 'price': 555.0, 'amenities': ['taras']}
2025-06-05 22:13:24,024 - hotel_reservation_app - INFO - Zaktualizowano pokój: 1
2025-06-05 22:13:29,965 - hotel_reservation_app - WARNING - Próba usunięcia nieistniejącego pokoju: 
2025-06-05 22:13:29,965 - hotel_reservation_app - INFO - Próba usunięcia pokoju: 
2025-06-05 22:13:32,372 - hotel_reservation_app - INFO - Wyświetlono tabelę: Wszystkie Pokoje
2025-06-05 22:13:32,372 - hotel_reservation_app - INFO - Wyświetlono wszystkie pokoje.
2025-06-05 22:13:36,521 - hotel_reservation_app - INFO - Usunięto pokój: 1
2025-06-05 22:13:36,521 - hotel_reservation_app - INFO - Próba usunięcia pokoju: 1
2025-06-05 22:13:39,971 - hotel_reservation_app - INFO - Wyświetlono tabelę: Wszystkie Pokoje
2025-06-05 22:13:39,972 - hotel_reservation_app - INFO - Wyświetlono wszystkie pokoje.
2025-06-05 22:13:52,724 - hotel_reservation_app - WARNING - Próba zmiany statusu nieistniejącego pokoju: 1
2025-06-05 22:13:52,724 - hotel_reservation_app - INFO - Próba zmiany statusu pokoju 1 na zajęty
2025-06-05 22:13:54,909 - hotel_reservation_app - INFO - Wyświetlono tabelę: Wszystkie Pokoje
2025-06-05 22:13:54,910 - hotel_reservation_app - INFO - Wyświetlono wszystkie pokoje.
2025-06-05 22:14:12,633 - hotel_reservation_app - WARNING - Nieprawidłowy status zajęty dla pokoju 2
2025-06-05 22:14:12,633 - hotel_reservation_app - INFO - Próba zmiany statusu pokoju 2 na zajęty
2025-06-05 22:14:15,103 - hotel_reservation_app - INFO - Wyświetlono tabelę: Wszystkie Pokoje
2025-06-05 22:14:15,103 - hotel_reservation_app - INFO - Wyświetlono wszystkie pokoje.
2025-06-05 22:14:23,512 - hotel_reservation_app - WARNING - Nieprawidłowy status sprzątanie dla pokoju 2
2025-06-05 22:14:23,512 - hotel_reservation_app - INFO - Próba zmiany statusu pokoju 2 na sprzątanie
2025-06-05 22:14:29,049 - hotel_reservation_app - INFO - Wyświetlono tabelę: Wszystkie Pokoje
2025-06-05 22:14:29,050 - hotel_reservation_app - INFO - Wyświetlono wszystkie pokoje.
2025-06-05 22:57:58,353 - hotel_reservation_app - INFO - RoomService zainicjowany.
2025-06-05 22:57:58,353 - hotel_reservation_app - INFO - GuestService zainicjowany.
2025-06-05 22:57:58,354 - hotel_reservation_app - INFO - HousekeepingService zainicjowany.
2025-06-05 22:57:58,354 - hotel_reservation_app - INFO - DiscountService zainicjowany.
2025-06-05 22:57:58,354 - hotel_reservation_app - INFO - ReservationService zainicjowany.
2025-06-05 22:57:58,354 - hotel_reservation_app - INFO - PaymentService zainicjowany.
2025-06-05 22:57:58,355 - hotel_reservation_app - INFO - ReportService zainicjowany.
2025-06-05 22:57:58,355 - hotel_reservation_app - INFO - UserService zainicjowany.
2025-06-05 22:58:04,495 - hotel_reservation_app - INFO - Użytkownik admin pomyślnie uwierzytelniony jako administrator.
2025-06-05 22:58:04,495 - hotel_reservation_app - INFO - Wyświetlono główne menu dla roli: administrator
2025-06-05 22:58:05,924 - hotel_reservation_app - INFO - Użytkownik admin wchodzi do menu zarządzania pokojami.
2025-06-05 22:58:11,442 - hotel_reservation_app - INFO - Zmieniono status pokoju 2 na occupied
2025-06-05 22:58:11,442 - hotel_reservation_app - INFO - Próba zmiany statusu pokoju 2 na occupied
2025-06-05 22:58:13,731 - hotel_reservation_app - INFO - Wyświetlono tabelę: Wszystkie Pokoje
2025-06-05 22:58:13,732 - hotel_reservation_app - INFO - Wyświetlono wszystkie pokoje.
2025-06-05 23:09:22,287 - hotel_reservation_app - INFO - Znaleziono 1 pokoi spełniających kryteria wyszukiwania (typ: podwójny, cena: 150.0-500.0, udogodnienie: None, status: occupied).
2025-06-05 23:09:22,287 - hotel_reservation_app - INFO - Wyświetlono tabelę: Znalezione Pokoje
2025-06-05 23:09:22,288 - hotel_reservation_app - INFO - Wykonano wyszukiwanie pokoi.
2025-06-05 23:10:02,534 - hotel_reservation_app - INFO - Posortowano pokoje według status (odwrócone: True).
2025-06-05 23:10:02,534 - hotel_reservation_app - INFO - Wyświetlono tabelę: Posortowane Pokoje
2025-06-05 23:10:09,948 - hotel_reservation_app - INFO - Wyświetlono główne menu dla roli: administrator
2025-06-05 23:10:31,948 - hotel_reservation_app - INFO - RoomService zainicjowany.
2025-06-05 23:10:31,948 - hotel_reservation_app - INFO - GuestService zainicjowany.
2025-06-05 23:10:31,948 - hotel_reservation_app - INFO - HousekeepingService zainicjowany.
2025-06-05 23:10:31,948 - hotel_reservation_app - INFO - DiscountService zainicjowany.
2025-06-05 23:10:31,948 - hotel_reservation_app - INFO - ReservationService zainicjowany.
2025-06-05 23:10:31,948 - hotel_reservation_app - INFO - PaymentService zainicjowany.
2025-06-05 23:10:31,948 - hotel_reservation_app - INFO - ReportService zainicjowany.
2025-06-05 23:10:31,948 - hotel_reservation_app - INFO - UserService zainicjowany.
2025-06-05 23:10:47,759 - hotel_reservation_app - INFO - Użytkownik admin pomyślnie uwierzytelniony jako administrator.
2025-06-05 23:10:47,759 - hotel_reservation_app - INFO - Wyświetlono główne menu dla roli: administrator
2025-06-05 23:13:39,832 - hotel_reservation_app - ERROR - Błąd podczas dodawania gościa: 'GuestService' object has no attribute 'register_guest'
2025-06-05 23:13:55,234 - hotel_reservation_app - INFO - Wyświetlono tabelę: Wszyscy Goście
2025-06-05 23:13:55,234 - hotel_reservation_app - INFO - Wyświetlono wszystkich gości.
2025-06-05 23:14:34,884 - hotel_reservation_app - ERROR - Błąd podczas dodawania gościa: 'GuestService' object has no attribute 'register_guest'
2025-06-05 23:20:05,599 - hotel_reservation_app - ERROR - Błąd podczas dodawania gościa: 'GuestService' object has no attribute 'register_guest'
2025-06-05 23:20:58,139 - hotel_reservation_app - INFO - RoomService zainicjowany.
2025-06-05 23:20:58,140 - hotel_reservation_app - INFO - GuestService zainicjowany.
2025-06-05 23:20:58,140 - hotel_reservation_app - INFO - HousekeepingService zainicjowany.
2025-06-05 23:20:58,140 - hotel_reservation_app - INFO - DiscountService zainicjowany.
2025-06-05 23:20:58,140 - hotel_reservation_app - INFO - ReservationService zainicjowany.
2025-06-05 23:20:58,140 - hotel_reservation_app - INFO - PaymentService zainicjowany.
2025-06-05 23:20:58,140 - hotel_reservation_app - INFO - ReportService zainicjowany.
2025-06-05 23:20:58,140 - hotel_reservation_app - INFO - UserService zainicjowany.
2025-06-05 23:21:03,966 - hotel_reservation_app - INFO - Użytkownik admin pomyślnie uwierzytelniony jako administrator.
2025-06-05 23:21:03,966 - hotel_reservation_app - INFO - Wyświetlono główne menu dla roli: administrator
2025-06-05 23:21:26,075 - hotel_reservation_app - WARNING - Nieprawidłowy format e-maila podczas dodawania gościa: kamilskdsds
2025-06-05 23:21:26,075 - hotel_reservation_app - INFO - Zarejestrowano nowego gościa: Kamil Styn  (ID: G0002)
2025-06-05 23:21:35,065 - hotel_reservation_app - INFO - Wyświetlono tabelę: Wszyscy Goście
2025-06-05 23:21:35,066 - hotel_reservation_app - INFO - Wyświetlono wszystkich gości.
2025-06-05 23:21:40,713 - hotel_reservation_app - INFO - Usunięto gościa: 1
2025-06-05 23:21:43,854 - hotel_reservation_app - INFO - Wyświetlono pustą tabelę dla: Wszyscy Goście.
2025-06-05 23:21:43,854 - hotel_reservation_app - INFO - Wyświetlono wszystkich gości.
2025-06-05 23:22:02,001 - hotel_reservation_app - INFO - Dodano gościa: G0001 - Kamil Styn
2025-06-05 23:22:02,001 - hotel_reservation_app - INFO - Zarejestrowano nowego gościa: Kamil Styn (ID: G0001)
2025-06-05 23:22:03,641 - hotel_reservation_app - INFO - Wyświetlono tabelę: Wszyscy Goście
2025-06-05 23:22:03,641 - hotel_reservation_app - INFO - Wyświetlono wszystkich gości.
2025-06-05 23:25:31,159 - hotel_reservation_app - INFO - RoomService zainicjowany.
2025-06-05 23:25:31,159 - hotel_reservation_app - INFO - GuestService zainicjowany.
2025-06-05 23:25:31,159 - hotel_reservation_app - INFO - HousekeepingService zainicjowany.
2025-06-05 23:25:31,160 - hotel_reservation_app - INFO - DiscountService zainicjowany.
2025-06-05 23:25:31,160 - hotel_reservation_app - INFO - ReservationService zainicjowany.
2025-06-05 23:25:31,160 - hotel_reservation_app - INFO - PaymentService zainicjowany.
2025-06-05 23:25:31,160 - hotel_reservation_app - INFO - ReportService zainicjowany.
2025-06-05 23:25:31,160 - hotel_reservation_app - INFO - UserService zainicjowany.
2025-06-05 23:25:36,201 - hotel_reservation_app - INFO - Użytkownik admin pomyślnie uwierzytelniony jako administrator.
2025-06-05 23:25:36,201 - hotel_reservation_app - INFO - Wyświetlono główne menu dla roli: administrator
2025-06-05 23:25:39,162 - hotel_reservation_app - INFO - Wyświetlono tabelę: Wszyscy Goście
2025-06-05 23:25:39,162 - hotel_reservation_app - INFO - Wyświetlono wszystkich gości.
2025-06-05 23:26:08,194 - hotel_reservation_app - INFO - Dodano gościa: G0002 - Luiza Gromowska
2025-06-05 23:26:08,196 - hotel_reservation_app - INFO - Zarejestrowano nowego gościa: Luiza Gromowska (ID: G0002)
2025-06-05 23:26:13,038 - hotel_reservation_app - INFO - Wyświetlono tabelę: Wszyscy Goście
2025-06-05 23:26:13,039 - hotel_reservation_app - INFO - Wyświetlono wszystkich gości.
2025-06-05 23:26:57,540 - hotel_reservation_app - INFO - Brak gości spełniających kryteria wyszukiwania (ID: None, Imię: G0002, Nazwisko: None, VIP: None, Lojalny: None, Poziom: Platinum, Kontakt: None).
2025-06-05 23:26:57,541 - hotel_reservation_app - INFO - Wyświetlono pustą tabelę dla: Znalezieni Goście.
2025-06-05 23:26:57,541 - hotel_reservation_app - INFO - Wykonano wyszukiwanie gości.
2025-06-05 23:27:07,095 - hotel_reservation_app - INFO - Wyświetlono tabelę: Wszyscy Goście
2025-06-05 23:27:07,095 - hotel_reservation_app - INFO - Wyświetlono wszystkich gości.
2025-06-05 23:27:52,535 - hotel_reservation_app - INFO - RoomService zainicjowany.
2025-06-05 23:27:52,535 - hotel_reservation_app - INFO - GuestService zainicjowany.
2025-06-05 23:27:52,535 - hotel_reservation_app - INFO - HousekeepingService zainicjowany.
2025-06-05 23:27:52,535 - hotel_reservation_app - INFO - DiscountService zainicjowany.
2025-06-05 23:27:52,535 - hotel_reservation_app - INFO - ReservationService zainicjowany.
2025-06-05 23:27:52,535 - hotel_reservation_app - INFO - PaymentService zainicjowany.
2025-06-05 23:27:52,535 - hotel_reservation_app - INFO - ReportService zainicjowany.
2025-06-05 23:27:52,536 - hotel_reservation_app - INFO - UserService zainicjowany.
2025-06-05 23:27:58,226 - hotel_reservation_app - INFO - Użytkownik admin pomyślnie uwierzytelniony jako administrator.
2025-06-05 23:27:58,226 - hotel_reservation_app - INFO - Wyświetlono główne menu dla roli: administrator
2025-06-05 23:28:01,876 - hotel_reservation_app - INFO - Wyświetlono tabelę: Wszyscy Goście
2025-06-05 23:28:01,877 - hotel_reservation_app - INFO - Wyświetlono wszystkich gości.
2025-06-05 23:29:54,267 - hotel_reservation_app - INFO - RoomService zainicjowany.
2025-06-05 23:29:54,267 - hotel_reservation_app - INFO - GuestService zainicjowany.
2025-06-05 23:29:54,268 - hotel_reservation_app - INFO - HousekeepingService zainicjowany.
2025-06-05 23:29:54,268 - hotel_reservation_app - INFO - DiscountService zainicjowany.
2025-06-05 23:29:54,268 - hotel_reservation_app - INFO - ReservationService zainicjowany.
2025-06-05 23:29:54,268 - hotel_reservation_app - INFO - PaymentService zainicjowany.
2025-06-05 23:29:54,268 - hotel_reservation_app - INFO - ReportService zainicjowany.
2025-06-05 23:29:54,268 - hotel_reservation_app - INFO - UserService zainicjowany.
2025-06-05 23:29:59,886 - hotel_reservation_app - INFO - Użytkownik admin pomyślnie uwierzytelniony jako administrator.
2025-06-05 23:29:59,886 - hotel_reservation_app - INFO - Wyświetlono główne menu dla roli: administrator
2025-06-05 23:30:04,132 - hotel_reservation_app - INFO - Wyświetlono tabelę: Wszyscy Goście
2025-06-05 23:30:04,133 - hotel_reservation_app - INFO - Wyświetlono wszystkich gości.
2025-06-05 23:30:20,668 - hotel_reservation_app - INFO - Usunięto gościa: G0001
2025-06-05 23:30:24,141 - hotel_reservation_app - INFO - Wyświetlono tabelę: Wszyscy Goście
2025-06-05 23:30:24,141 - hotel_reservation_app - INFO - Wyświetlono wszystkich gości.
2025-06-05 23:30:33,629 - hotel_reservation_app - INFO - Usunięto gościa: G0002
2025-06-05 23:31:00,664 - hotel_reservation_app - INFO - Dodano gościa: 1 - Kamil Styn
2025-06-05 23:31:00,664 - hotel_reservation_app - INFO - Zarejestrowano nowego gościa: Kamil Styn (ID: 1)
2025-06-05 23:31:03,401 - hotel_reservation_app - INFO - Wyświetlono tabelę: Wszyscy Goście
2025-06-05 23:31:03,402 - hotel_reservation_app - INFO - Wyświetlono wszystkich gości.
2025-06-05 23:32:09,918 - hotel_reservation_app - INFO - Znaleziono 1 gości spełniających kryteria wyszukiwania (ID: None, Imię: Kamil, Nazwisko: None, VIP: None, Lojalny: None, Poziom: Bronze, Kontakt: None).
2025-06-05 23:32:09,918 - hotel_reservation_app - INFO - Wyświetlono tabelę: Znalezieni Goście
2025-06-05 23:32:09,919 - hotel_reservation_app - INFO - Wykonano wyszukiwanie gości.
2025-06-05 23:33:56,231 - hotel_reservation_app - INFO - RoomService zainicjowany.
2025-06-05 23:33:56,231 - hotel_reservation_app - INFO - GuestService zainicjowany.
2025-06-05 23:33:56,231 - hotel_reservation_app - INFO - HousekeepingService zainicjowany.
2025-06-05 23:33:56,231 - hotel_reservation_app - INFO - DiscountService zainicjowany.
2025-06-05 23:33:56,231 - hotel_reservation_app - INFO - ReservationService zainicjowany.
2025-06-05 23:33:56,232 - hotel_reservation_app - INFO - PaymentService zainicjowany.
2025-06-05 23:33:56,232 - hotel_reservation_app - INFO - ReportService zainicjowany.
2025-06-05 23:33:56,232 - hotel_reservation_app - INFO - UserService zainicjowany.
2025-06-05 23:34:01,752 - hotel_reservation_app - INFO - Użytkownik admin pomyślnie uwierzytelniony jako administrator.
2025-06-05 23:34:01,752 - hotel_reservation_app - INFO - Wyświetlono główne menu dla roli: administrator
2025-06-05 23:34:05,046 - hotel_reservation_app - INFO - Wyświetlono tabelę: Wszyscy Goście
2025-06-05 23:34:05,047 - hotel_reservation_app - INFO - Wyświetlono wszystkich gości.
2025-06-05 23:35:29,989 - hotel_reservation_app - INFO - RoomService zainicjowany.
2025-06-05 23:35:29,990 - hotel_reservation_app - INFO - GuestService zainicjowany.
2025-06-05 23:35:29,990 - hotel_reservation_app - INFO - HousekeepingService zainicjowany.
2025-06-05 23:35:29,990 - hotel_reservation_app - INFO - DiscountService zainicjowany.
2025-06-05 23:35:29,990 - hotel_reservation_app - INFO - ReservationService zainicjowany.
2025-06-05 23:35:29,990 - hotel_reservation_app - INFO - PaymentService zainicjowany.
2025-06-05 23:35:29,990 - hotel_reservation_app - INFO - ReportService zainicjowany.
2025-06-05 23:35:29,991 - hotel_reservation_app - INFO - UserService zainicjowany.
2025-06-05 23:35:38,008 - hotel_reservation_app - INFO - RoomService zainicjowany.
2025-06-05 23:35:38,008 - hotel_reservation_app - INFO - GuestService zainicjowany.
2025-06-05 23:35:38,008 - hotel_reservation_app - INFO - HousekeepingService zainicjowany.
2025-06-05 23:35:38,008 - hotel_reservation_app - INFO - DiscountService zainicjowany.
2025-06-05 23:35:38,009 - hotel_reservation_app - INFO - ReservationService zainicjowany.
2025-06-05 23:35:38,009 - hotel_reservation_app - INFO - PaymentService zainicjowany.
2025-06-05 23:35:38,009 - hotel_reservation_app - INFO - ReportService zainicjowany.
2025-06-05 23:35:38,009 - hotel_reservation_app - INFO - UserService zainicjowany.
2025-06-05 23:35:42,518 - hotel_reservation_app - INFO - Użytkownik admin pomyślnie uwierzytelniony jako administrator.
2025-06-05 23:35:42,518 - hotel_reservation_app - INFO - Wyświetlono główne menu dla roli: administrator
2025-06-05 23:35:48,715 - hotel_reservation_app - INFO - Wyświetlono tabelę: Wszyscy Goście
2025-06-05 23:35:48,715 - hotel_reservation_app - INFO - Wyświetlono wszystkich gości.
2025-06-05 23:36:02,364 - hotel_reservation_app - INFO - Znaleziono 1 gości spełniających kryteria wyszukiwania (ID: None, Imię: None, Nazwisko: None, VIP: None, Lojalny: None, Poziom: None, Kontakt: None).
2025-06-05 23:36:02,364 - hotel_reservation_app - INFO - Wyświetlono tabelę: Znalezieni Goście
2025-06-05 23:36:02,365 - hotel_reservation_app - INFO - Wykonano wyszukiwanie gości.
2025-06-05 23:36:49,204 - hotel_reservation_app - INFO - Wyświetlono tabelę: Wszyscy Goście
2025-06-05 23:36:49,205 - hotel_reservation_app - INFO - Wyświetlono wszystkich gości.
2025-06-05 23:37:11,100 - hotel_reservation_app - INFO - Dodano gościa: 2 - Luzia Gromowska
2025-06-05 23:37:11,100 - hotel_reservation_app - INFO - Zarejestrowano nowego gościa: Luzia Gromowska (ID: 2)
2025-06-05 23:37:16,503 - hotel_reservation_app - INFO - Wyświetlono tabelę: Wszyscy Goście
2025-06-05 23:37:16,504 - hotel_reservation_app - INFO - Wyświetlono wszystkich gości.
2025-06-05 23:37:25,868 - hotel_reservation_app - INFO - Usunięto gościa: 2
2025-06-05 23:37:28,522 - hotel_reservation_app - INFO - Wyświetlono tabelę: Wszyscy Goście
2025-06-05 23:37:28,522 - hotel_reservation_app - INFO - Wyświetlono wszystkich gości.
2025-06-05 23:37:59,694 - hotel_reservation_app - INFO - Wyświetlono główne menu dla roli: administrator
2025-06-05 23:38:05,637 - hotel_reservation_app - INFO - Użytkownik admin wchodzi do menu zarządzania pokojami.
2025-06-05 23:38:25,561 - hotel_reservation_app - INFO - Dodano pokój: 1
2025-06-05 23:38:25,561 - hotel_reservation_app - INFO - Dodano nowy pokój: 1
2025-06-05 23:38:31,446 - hotel_reservation_app - INFO - Wyświetlono tabelę: Wszystkie Pokoje
2025-06-05 23:38:31,447 - hotel_reservation_app - INFO - Wyświetlono wszystkie pokoje.
2025-06-05 23:38:47,200 - hotel_reservation_app - INFO - Usunięto pokój: 1
2025-06-05 23:38:47,200 - hotel_reservation_app - INFO - Próba usunięcia pokoju: 1
2025-06-05 23:38:49,715 - hotel_reservation_app - INFO - Wyświetlono tabelę: Wszystkie Pokoje
2025-06-05 23:38:49,715 - hotel_reservation_app - INFO - Wyświetlono wszystkie pokoje.
2025-06-05 23:39:04,853 - hotel_reservation_app - INFO - Brak dostępnych pokoi do znalezienia.
2025-06-05 23:39:04,854 - hotel_reservation_app - INFO - Wyświetlono pustą tabelę dla: Dostępne Pokoje.
2025-06-05 23:39:04,854 - hotel_reservation_app - INFO - Wyświetlono dostępne pokoje.
2025-06-05 23:39:18,926 - hotel_reservation_app - INFO - Dodano pokój: 1
2025-06-05 23:39:18,926 - hotel_reservation_app - INFO - Dodano nowy pokój: 1
2025-06-05 23:39:22,491 - hotel_reservation_app - INFO - Znaleziono 1 dostępnych pokoi.
2025-06-05 23:39:22,492 - hotel_reservation_app - INFO - Wyświetlono tabelę: Dostępne Pokoje
2025-06-05 23:39:22,492 - hotel_reservation_app - INFO - Wyświetlono dostępne pokoje.
2025-06-05 23:40:00,323 - hotel_reservation_app - INFO - Znaleziono 2 pokoi spełniających kryteria wyszukiwania (typ: podwójny, cena: None-None, udogodnienie: None, status: None).
2025-06-05 23:40:00,323 - hotel_reservation_app - INFO - Wyświetlono tabelę: Znalezione Pokoje
2025-06-05 23:40:00,324 - hotel_reservation_app - INFO - Wykonano wyszukiwanie pokoi.
2025-06-05 23:40:11,968 - hotel_reservation_app - INFO - Wyświetlono główne menu dla roli: administrator
2025-06-05 23:42:41,378 - hotel_reservation_app - INFO - Utworzono zadanie sprzątania: HKT0001 dla pokoju 1, przypisane do Ktos, termin: 2025-06-06.
2025-06-05 23:42:45,696 - hotel_reservation_app - INFO - Wyświetlono tabelę: Wszystkie Zadania Sprzątania
2025-06-05 23:47:15,045 - hotel_reservation_app - INFO - RoomService zainicjowany.
2025-06-05 23:47:15,045 - hotel_reservation_app - INFO - GuestService zainicjowany.
2025-06-05 23:47:15,045 - hotel_reservation_app - INFO - HousekeepingService zainicjowany.
2025-06-05 23:47:15,045 - hotel_reservation_app - INFO - DiscountService zainicjowany.
2025-06-05 23:47:15,045 - hotel_reservation_app - INFO - ReservationService zainicjowany.
2025-06-05 23:47:15,045 - hotel_reservation_app - INFO - PaymentService zainicjowany.
2025-06-05 23:47:15,045 - hotel_reservation_app - INFO - ReportService zainicjowany.
2025-06-05 23:47:15,045 - hotel_reservation_app - INFO - UserService zainicjowany.
2025-06-05 23:47:20,142 - hotel_reservation_app - INFO - Użytkownik admin pomyślnie uwierzytelniony jako administrator.
2025-06-05 23:47:20,143 - hotel_reservation_app - INFO - Wyświetlono główne menu dla roli: administrator
2025-06-05 23:47:31,498 - hotel_reservation_app - INFO - Wyświetlono tabelę: Wszystkie Zadania Sprzątania
2025-06-05 23:47:59,823 - hotel_reservation_app - INFO - Utworzono zadanie sprzątania: 2 dla pokoju 2, przypisane do Kamil, termin: 2025-06-06.
2025-06-05 23:48:03,517 - hotel_reservation_app - INFO - Wyświetlono tabelę: Wszystkie Zadania Sprzątania
2025-06-05 23:50:08,837 - hotel_reservation_app - WARNING - Nieprawidłowy status ukończone dla zadania sprzątania 2
2025-06-05 23:51:10,142 - hotel_reservation_app - INFO - RoomService zainicjowany.
2025-06-05 23:51:10,142 - hotel_reservation_app - INFO - GuestService zainicjowany.
2025-06-05 23:51:10,142 - hotel_reservation_app - INFO - HousekeepingService zainicjowany.
2025-06-05 23:51:10,142 - hotel_reservation_app - INFO - DiscountService zainicjowany.
2025-06-05 23:51:10,143 - hotel_reservation_app - INFO - ReservationService zainicjowany.
2025-06-05 23:51:10,143 - hotel_reservation_app - INFO - PaymentService zainicjowany.
2025-06-05 23:51:10,143 - hotel_reservation_app - INFO - ReportService zainicjowany.
2025-06-05 23:51:10,144 - hotel_reservation_app - INFO - UserService zainicjowany.
2025-06-05 23:51:15,014 - hotel_reservation_app - INFO - Użytkownik admin pomyślnie uwierzytelniony jako administrator.
2025-06-05 23:51:15,014 - hotel_reservation_app - INFO - Wyświetlono główne menu dla roli: administrator
2025-06-05 23:51:29,014 - hotel_reservation_app - INFO - Zaktualizowano status zadania sprzątania 2 na completed.
2025-06-05 23:53:50,316 - hotel_reservation_app - INFO - RoomService zainicjowany.
2025-06-05 23:53:50,316 - hotel_reservation_app - INFO - GuestService zainicjowany.
2025-06-05 23:53:50,322 - hotel_reservation_app - INFO - HousekeepingService zainicjowany.
2025-06-05 23:53:50,322 - hotel_reservation_app - INFO - DiscountService zainicjowany.
2025-06-05 23:53:50,322 - hotel_reservation_app - INFO - ReservationService zainicjowany.
2025-06-05 23:53:50,322 - hotel_reservation_app - INFO - PaymentService zainicjowany.
2025-06-05 23:53:50,322 - hotel_reservation_app - INFO - ReportService zainicjowany.
2025-06-05 23:53:50,323 - hotel_reservation_app - INFO - UserService zainicjowany.
2025-06-05 23:53:59,440 - hotel_reservation_app - INFO - Użytkownik admin pomyślnie uwierzytelniony jako administrator.
2025-06-05 23:53:59,440 - hotel_reservation_app - INFO - Wyświetlono główne menu dla roli: administrator
2025-06-05 23:54:21,329 - hotel_reservation_app - INFO - Przypisano zadanie sprzątania 2 do Kamilas.
2025-06-05 23:55:40,139 - hotel_reservation_app - INFO - Wygenerowano harmonogram sprzątania na 2025-06-06. Znaleziono 1 zadań.
2025-06-05 23:55:40,139 - hotel_reservation_app - INFO - Wyświetlono tabelę: Dzienny Harmonogram Sprzątania dla 2025-06-06
2025-06-05 23:55:51,117 - hotel_reservation_app - INFO - Brak zaplanowanych zadań sprzątania na 2025-06-04.
2025-06-05 23:55:51,119 - hotel_reservation_app - INFO - Wyświetlono pustą tabelę dla: Dzienny Harmonogram Sprzątania dla 2025-06-04.
2025-06-06 00:01:09,389 - hotel_reservation_app - INFO - Wyświetlono główne menu dla roli: administrator
2025-06-06 00:04:08,466 - hotel_reservation_app - WARNING - Próba zarejestrowania płatności dla nieistniejącej rezerwacji: 1
2025-06-06 00:04:23,417 - hotel_reservation_app - INFO - Wyświetlono główne menu dla roli: administrator
2025-06-06 00:04:37,727 - hotel_reservation_app - INFO - Znaleziono 1 dostępnych pokoi.
2025-06-06 00:04:37,727 - hotel_reservation_app - INFO - Wyświetlono tabelę: Dostępne Pokoje
2025-06-06 00:05:11,542 - hotel_reservation_app - INFO - Pokój 1 jest dostępny w terminie 2024-05-05 do 2024-05-10.
2025-06-06 00:05:11,542 - hotel_reservation_app - INFO - Brak rabatów spełniających kryteria (data: 2025-06-06, typ pokoju: podwójny, gość: 1, dni pobytu: 5, poziom lojalności: Bronze).
2025-06-06 00:05:11,543 - hotel_reservation_app - INFO - Zmieniono status pokoju 1 na occupied
2025-06-06 00:05:11,544 - hotel_reservation_app - INFO - Poziom lojalności gościa 1 zaktualizowany z Bronze na Silver.
2025-06-06 00:05:11,545 - hotel_reservation_app - INFO - Dodano zapis pobytu dla gościa: 1
2025-06-06 00:05:11,545 - hotel_reservation_app - INFO - Utworzono rezerwację RES0001 dla pokoju 1 i gościa 1. Całkowita cena: 1170.00.
2025-06-06 00:05:26,111 - hotel_reservation_app - INFO - Wyświetlono główne menu dla roli: administrator
2025-06-06 08:17:09,281 - hotel_reservation_app - INFO - RoomService zainicjowany.
2025-06-06 08:17:09,281 - hotel_reservation_app - INFO - GuestService zainicjowany.
2025-06-06 08:17:09,281 - hotel_reservation_app - INFO - HousekeepingService zainicjowany.
2025-06-06 08:17:09,282 - hotel_reservation_app - INFO - DiscountService zainicjowany.
2025-06-06 08:17:09,282 - hotel_reservation_app - INFO - ReservationService zainicjowany.
2025-06-06 08:17:09,282 - hotel_reservation_app - INFO - PaymentService zainicjowany.
2025-06-06 08:17:09,282 - hotel_reservation_app - INFO - ReportService zainicjowany.
2025-06-06 08:17:09,282 - hotel_reservation_app - INFO - UserService zainicjowany.
2025-06-06 08:17:15,680 - hotel_reservation_app - INFO - Użytkownik admin pomyślnie uwierzytelniony jako administrator.
2025-06-06 08:17:15,680 - hotel_reservation_app - INFO - Wyświetlono główne menu dla roli: administrator
2025-06-06 08:18:55,254 - hotel_reservation_app - INFO - RoomService zainicjowany.
2025-06-06 08:18:55,254 - hotel_reservation_app - INFO - GuestService zainicjowany.
2025-06-06 08:18:55,254 - hotel_reservation_app - INFO - HousekeepingService zainicjowany.
2025-06-06 08:18:55,254 - hotel_reservation_app - INFO - DiscountService zainicjowany.
2025-06-06 08:18:55,254 - hotel_reservation_app - INFO - ReservationService zainicjowany.
2025-06-06 08:18:55,254 - hotel_reservation_app - INFO - PaymentService zainicjowany.
2025-06-06 08:18:55,254 - hotel_reservation_app - INFO - ReportService zainicjowany.
2025-06-06 08:18:55,254 - hotel_reservation_app - INFO - UserService zainicjowany.
2025-06-06 08:19:00,328 - hotel_reservation_app - INFO - Użytkownik admin pomyślnie uwierzytelniony jako administrator.
2025-06-06 08:19:00,328 - hotel_reservation_app - INFO - Wyświetlono główne menu dla roli: administrator
2025-06-06 08:19:04,854 - hotel_reservation_app - INFO - Wyświetlono pustą tabelę dla: Wszystkie Płatności.
2025-06-06 08:19:11,916 - hotel_reservation_app - INFO - Wyświetlono główne menu dla roli: administrator
2025-06-06 08:19:19,553 - hotel_reservation_app - INFO - Wyświetlono tabelę: Wszystkie Rezerwacje
2025-06-06 08:19:48,816 - hotel_reservation_app - WARNING - Gość wymeldowuje się po terminie (2024-05-10) dla rezerwacji RES0001.
2025-06-06 08:19:48,817 - hotel_reservation_app - INFO - Zmieniono status pokoju 1 na cleaning
2025-06-06 08:19:48,818 - hotel_reservation_app - WARNING - Istnieje już aktywne zadanie sprzątania dla pokoju 1. Nie tworzę nowego.
2025-06-06 08:19:48,818 - hotel_reservation_app - INFO - Utworzono zadanie sprzątania dla pokoju 1 po wymeldowaniu rezerwacji RES0001.
2025-06-06 08:19:48,818 - hotel_reservation_app - INFO - Wymeldowano gościa dla Rezerwacji RES0001 z Pokoju 1.
2025-06-06 08:19:48,819 - hotel_reservation_app - INFO - Wygenerowano fakturę INV0001 dla rezerwacji RES0001. Suma: 1170.00.
2025-06-06 08:20:12,406 - hotel_reservation_app - INFO - Wyświetlono główne menu dla roli: administrator
2025-06-06 08:20:17,674 - hotel_reservation_app - INFO - Wyświetlono tabelę: Wszystkie Faktury
2025-06-06 08:20:35,425 - hotel_reservation_app - INFO - Faktura dla rezerwacji RES0001 już istnieje (INV0001).
2025-06-06 08:22:21,999 - hotel_reservation_app - INFO - RoomService zainicjowany.
2025-06-06 08:22:21,999 - hotel_reservation_app - INFO - GuestService zainicjowany.
2025-06-06 08:22:21,999 - hotel_reservation_app - INFO - HousekeepingService zainicjowany.
2025-06-06 08:22:21,999 - hotel_reservation_app - INFO - DiscountService zainicjowany.
2025-06-06 08:22:22,000 - hotel_reservation_app - INFO - ReservationService zainicjowany.
2025-06-06 08:22:22,000 - hotel_reservation_app - INFO - PaymentService zainicjowany.
2025-06-06 08:22:22,000 - hotel_reservation_app - INFO - ReportService zainicjowany.
2025-06-06 08:22:22,000 - hotel_reservation_app - INFO - UserService zainicjowany.
2025-06-06 08:22:26,143 - hotel_reservation_app - INFO - Użytkownik admin pomyślnie uwierzytelniony jako administrator.
2025-06-06 08:22:26,143 - hotel_reservation_app - INFO - Wyświetlono główne menu dla roli: administrator
2025-06-06 08:22:30,750 - hotel_reservation_app - INFO - Wyświetlono wszystkie faktury.
2025-06-06 08:22:30,750 - hotel_reservation_app - INFO - Wyświetlono tabelę: Istniejące Faktury
2025-06-06 08:23:03,832 - hotel_reservation_app - INFO - RoomService zainicjowany.
2025-06-06 08:23:03,832 - hotel_reservation_app - INFO - GuestService zainicjowany.
2025-06-06 08:23:03,832 - hotel_reservation_app - INFO - HousekeepingService zainicjowany.
2025-06-06 08:23:03,832 - hotel_reservation_app - INFO - DiscountService zainicjowany.
2025-06-06 08:23:03,832 - hotel_reservation_app - INFO - ReservationService zainicjowany.
2025-06-06 08:23:03,833 - hotel_reservation_app - INFO - PaymentService zainicjowany.
2025-06-06 08:23:03,833 - hotel_reservation_app - INFO - ReportService zainicjowany.
2025-06-06 08:23:03,833 - hotel_reservation_app - INFO - UserService zainicjowany.
2025-06-06 08:23:08,605 - hotel_reservation_app - INFO - Użytkownik admin pomyślnie uwierzytelniony jako administrator.
2025-06-06 08:23:08,605 - hotel_reservation_app - INFO - Wyświetlono główne menu dla roli: administrator
2025-06-06 08:23:24,703 - hotel_reservation_app - INFO - Brak dostępnych pokoi do znalezienia.
2025-06-06 08:23:24,705 - hotel_reservation_app - WARNING - Brak dostępnych pokoi do utworzenia rezerwacji.
2025-06-06 08:23:27,276 - hotel_reservation_app - INFO - Wyświetlono główne menu dla roli: administrator
2025-06-06 08:23:44,102 - hotel_reservation_app - INFO - Dodano gościa: 2 - Kamil Styn
2025-06-06 08:23:44,102 - hotel_reservation_app - INFO - Zarejestrowano nowego gościa: Kamil Styn (ID: 2)
2025-06-06 08:23:50,649 - hotel_reservation_app - INFO - Wyświetlono tabelę: Wszyscy Goście
2025-06-06 08:23:50,649 - hotel_reservation_app - INFO - Wyświetlono wszystkich gości.
2025-06-06 08:24:08,117 - hotel_reservation_app - INFO - Wyświetlono główne menu dla roli: administrator
2025-06-06 08:24:15,158 - hotel_reservation_app - INFO - Brak dostępnych pokoi do znalezienia.
2025-06-06 08:24:15,158 - hotel_reservation_app - WARNING - Brak dostępnych pokoi do utworzenia rezerwacji.
2025-06-06 08:24:19,433 - hotel_reservation_app - INFO - Wyświetlono główne menu dla roli: administrator
2025-06-06 08:24:26,051 - hotel_reservation_app - INFO - RoomService zainicjowany.
2025-06-06 08:24:26,057 - hotel_reservation_app - INFO - GuestService zainicjowany.
2025-06-06 08:24:26,057 - hotel_reservation_app - INFO - HousekeepingService zainicjowany.
2025-06-06 08:24:26,057 - hotel_reservation_app - INFO - DiscountService zainicjowany.
2025-06-06 08:24:26,058 - hotel_reservation_app - INFO - ReservationService zainicjowany.
2025-06-06 08:24:26,058 - hotel_reservation_app - INFO - PaymentService zainicjowany.
2025-06-06 08:24:26,058 - hotel_reservation_app - INFO - ReportService zainicjowany.
2025-06-06 08:24:26,058 - hotel_reservation_app - INFO - UserService zainicjowany.
2025-06-06 08:24:30,508 - hotel_reservation_app - INFO - Użytkownik admin pomyślnie uwierzytelniony jako administrator.
2025-06-06 08:24:30,508 - hotel_reservation_app - INFO - Wyświetlono główne menu dla roli: administrator
2025-06-06 08:24:34,309 - hotel_reservation_app - INFO - Użytkownik admin wchodzi do menu zarządzania pokojami.
2025-06-06 08:24:36,243 - hotel_reservation_app - INFO - Wyświetlono tabelę: Wszystkie Pokoje
2025-06-06 08:24:36,243 - hotel_reservation_app - INFO - Wyświetlono wszystkie pokoje.
2025-06-06 08:24:44,091 - hotel_reservation_app - INFO - Zmieniono status pokoju 1 na available
2025-06-06 08:24:44,092 - hotel_reservation_app - INFO - Próba zmiany statusu pokoju 1 na available
2025-06-06 08:24:50,025 - hotel_reservation_app - INFO - Zmieniono status pokoju 2 na available
2025-06-06 08:24:50,025 - hotel_reservation_app - INFO - Próba zmiany statusu pokoju 2 na available
2025-06-06 08:24:51,636 - hotel_reservation_app - INFO - Wyświetlono główne menu dla roli: administrator
2025-06-06 08:24:58,264 - hotel_reservation_app - INFO - Znaleziono 2 dostępnych pokoi.
2025-06-06 08:24:58,264 - hotel_reservation_app - INFO - Wyświetlono tabelę: Dostępne Pokoje
2025-06-06 08:25:25,993 - hotel_reservation_app - INFO - Pokój 2 jest dostępny w terminie 2025-01-04 do 2025-01-14.
2025-06-06 08:25:25,993 - hotel_reservation_app - INFO - Brak rabatów spełniających kryteria (data: 2025-06-06, typ pokoju: podwójny, gość: 1, dni pobytu: 10, poziom lojalności: Silver).
2025-06-06 08:25:25,994 - hotel_reservation_app - INFO - Zmieniono status pokoju 2 na occupied
2025-06-06 08:25:25,994 - hotel_reservation_app - INFO - Dodano zapis pobytu dla gościa: 1
2025-06-06 08:25:25,995 - hotel_reservation_app - INFO - Utworzono rezerwację RES0002 dla pokoju 2 i gościa 1. Całkowita cena: 3200.00.
2025-06-06 08:25:36,236 - hotel_reservation_app - INFO - Wyświetlono tabelę: Wszystkie Rezerwacje
2025-06-06 08:27:39,758 - hotel_reservation_app - INFO - Wyświetlono główne menu dla roli: administrator
2025-06-06 08:41:12,629 - hotel_reservation_app - INFO - RoomService zainicjowany.
2025-06-06 08:41:12,629 - hotel_reservation_app - INFO - GuestService zainicjowany.
2025-06-06 08:41:12,630 - hotel_reservation_app - INFO - HousekeepingService zainicjowany.
2025-06-06 08:41:12,630 - hotel_reservation_app - INFO - DiscountService zainicjowany.
2025-06-06 08:41:12,630 - hotel_reservation_app - INFO - ReservationService zainicjowany.
2025-06-06 08:41:12,630 - hotel_reservation_app - INFO - PaymentService zainicjowany.
2025-06-06 08:41:12,631 - hotel_reservation_app - INFO - ReportService zainicjowany.
2025-06-06 08:41:12,631 - hotel_reservation_app - INFO - UserService zainicjowany.
2025-06-06 08:41:17,601 - hotel_reservation_app - INFO - Użytkownik admin pomyślnie uwierzytelniony jako administrator.
2025-06-06 08:41:17,601 - hotel_reservation_app - INFO - Wyświetlono główne menu dla roli: administrator
2025-06-06 08:41:19,265 - hotel_reservation_app - INFO - Użytkownik admin wchodzi do menu zarządzania pokojami.
2025-06-06 08:41:20,959 - hotel_reservation_app - INFO - Wyświetlono tabelę: Wszystkie Pokoje
2025-06-06 08:41:20,960 - hotel_reservation_app - INFO - Wyświetlono wszystkie pokoje.
2025-06-06 08:41:35,321 - hotel_reservation_app - INFO - Dodano pokój: 3
2025-06-06 08:41:35,322 - hotel_reservation_app - INFO - Dodano nowy pokój: 3
2025-06-06 08:41:37,487 - hotel_reservation_app - INFO - Wyświetlono tabelę: Wszystkie Pokoje
2025-06-06 08:41:37,488 - hotel_reservation_app - INFO - Wyświetlono wszystkie pokoje.
2025-06-06 08:41:53,928 - hotel_reservation_app - INFO - Zaktualizowano pokój: 3 z danymi: {'floor': 1, 'room_type': 'podwójny', 'price': 123.0}
2025-06-06 08:41:53,928 - hotel_reservation_app - INFO - Zaktualizowano pokój: 3
2025-06-06 08:41:57,162 - hotel_reservation_app - WARNING - Próba edycji nieistniejącego pokoju: 
2025-06-06 08:42:00,248 - hotel_reservation_app - INFO - Wyświetlono tabelę: Wszystkie Pokoje
2025-06-06 08:42:00,249 - hotel_reservation_app - INFO - Wyświetlono wszystkie pokoje.
2025-06-06 08:42:18,584 - hotel_reservation_app - INFO - Znaleziono 2 dostępnych pokoi.
2025-06-06 08:42:18,584 - hotel_reservation_app - INFO - Wyświetlono tabelę: Dostępne Pokoje
2025-06-06 08:42:18,585 - hotel_reservation_app - INFO - Wyświetlono dostępne pokoje.
2025-06-06 08:42:46,239 - hotel_reservation_app - INFO - Znaleziono 1 pokoi spełniających kryteria wyszukiwania (typ: podwójny, cena: 100.0-125.0, udogodnienie: None, status: None).
2025-06-06 08:42:46,239 - hotel_reservation_app - INFO - Wyświetlono tabelę: Znalezione Pokoje
2025-06-06 08:42:46,240 - hotel_reservation_app - INFO - Wykonano wyszukiwanie pokoi.
2025-06-06 08:42:52,407 - hotel_reservation_app - INFO - Wyświetlono główne menu dla roli: administrator
2025-06-06 08:42:54,488 - hotel_reservation_app - INFO - Użytkownik admin wchodzi do menu zarządzania gośćmi.
2025-06-06 08:43:30,845 - hotel_reservation_app - INFO - Dodano gościa: 5 - Franek Kimono
2025-06-06 08:43:34,033 - hotel_reservation_app - INFO - Wyświetlono wszystkich gości.
2025-06-06 08:43:34,033 - hotel_reservation_app - INFO - Wyświetlono tabelę: Wszyscy Goście
2025-06-06 08:44:07,805 - hotel_reservation_app - INFO - Użytkownik admin opuszcza menu zarządzania gośćmi.
2025-06-06 08:44:07,805 - hotel_reservation_app - INFO - Wyświetlono główne menu dla roli: administrator
2025-06-06 08:44:09,505 - hotel_reservation_app - INFO - Użytkownik admin wchodzi do menu zarządzania rezerwacjami.
2025-06-06 08:44:11,879 - hotel_reservation_app - INFO - Wyświetlono wszystkie rezerwacje.
2025-06-06 08:44:11,879 - hotel_reservation_app - INFO - Wyświetlono tabelę: Wszystkie Rezerwacje
2025-06-06 08:44:50,857 - hotel_reservation_app - INFO - Pokój 1 jest dostępny w terminie 2025-03-03 do 2025-03-12.
2025-06-06 08:44:50,858 - hotel_reservation_app - INFO - Brak rabatów spełniających kryteria (data: 2025-06-06, typ pokoju: podwójny, gość: 1, dni pobytu: 9, poziom lojalności: Silver).
2025-06-06 08:44:50,858 - hotel_reservation_app - INFO - Zmieniono status pokoju 1 na occupied
2025-06-06 08:44:50,859 - hotel_reservation_app - INFO - Dodano zapis pobytu dla gościa: 1
2025-06-06 08:44:50,859 - hotel_reservation_app - INFO - Utworzono rezerwację RES0003 dla pokoju 1 i gościa 1. Całkowita cena: 2106.00.
2025-06-06 08:45:14,309 - hotel_reservation_app - WARNING - Próba zameldowania dla nieistniejącej rezerwacji: 
2025-06-06 08:45:15,578 - hotel_reservation_app - INFO - Wyświetlono wszystkie rezerwacje.
2025-06-06 08:45:15,578 - hotel_reservation_app - INFO - Wyświetlono tabelę: Wszystkie Rezerwacje
2025-06-06 08:45:33,212 - hotel_reservation_app - WARNING - Próba zameldowania nieaktywnej rezerwacji RES0001 (status: checked_out).
2025-06-06 08:45:47,917 - hotel_reservation_app - INFO - Zameldowano gościa dla Rezerwacji RES0002 do Pokoju 2.
2025-06-06 08:46:14,112 - hotel_reservation_app - INFO - Sprawdzanie dostępności: Pokój 1 nie jest dostępny (status: occupied).
2025-06-06 08:46:44,354 - hotel_reservation_app - INFO - Znaleziono 1 rezerwacji spełniających kryteria wyszukiwania (ID: None, Gość: None, Pokój: 2, Status: None, Status płatności: None, Zakres dat: None).
2025-06-06 08:46:44,356 - hotel_reservation_app - INFO - Wyświetlono tabelę: Znalezione Rezerwacje
2025-06-06 08:47:00,342 - hotel_reservation_app - INFO - Użytkownik admin opuszcza menu zarządzania rezerwacjami.
2025-06-06 08:47:00,342 - hotel_reservation_app - INFO - Wyświetlono główne menu dla roli: administrator
2025-06-06 08:47:02,129 - hotel_reservation_app - INFO - Użytkownik admin wchodzi do menu zarządzania płatnościami.
2025-06-06 08:47:20,617 - hotel_reservation_app - INFO - Zarejestrowano płatność PAY0001 dla rezerwacji RES0001. Kwota: 1400.00.
2025-06-06 08:47:20,618 - hotel_reservation_app - INFO - Zaktualizowano rezerwację: RES0001 z danymi: {'payment_status': 'partially_paid'}
2025-06-06 08:47:20,618 - hotel_reservation_app - INFO - Zaktualizowano fakturę INV0001 i status płatności rezerwacji RES0001.
2025-06-06 08:47:31,718 - hotel_reservation_app - INFO - Faktura dla rezerwacji RES0001 już istnieje (INV0001).
2025-06-06 08:47:38,631 - hotel_reservation_app - INFO - Wyświetlono wszystkie faktury.
2025-06-06 08:47:38,632 - hotel_reservation_app - INFO - Wyświetlono tabelę: Wszystkie Faktury
2025-06-06 08:48:07,039 - hotel_reservation_app - INFO - Znaleziono 1 nieuregulowanych faktur.
2025-06-06 08:48:07,039 - hotel_reservation_app - INFO - Wyświetlono tabelę: Nieuregulowane Faktury
2025-06-06 08:48:20,036 - hotel_reservation_app - INFO - Zarejestrowano płatność PAY0002 dla rezerwacji RES0001. Kwota: 1200.00.
2025-06-06 08:48:20,038 - hotel_reservation_app - INFO - Zaktualizowano rezerwację: RES0001 z danymi: {'payment_status': 'paid'}
2025-06-06 08:48:20,038 - hotel_reservation_app - INFO - Zaktualizowano fakturę INV0001 i status płatności rezerwacji RES0001.
2025-06-06 08:48:25,792 - hotel_reservation_app - INFO - Wyświetlono wszystkie faktury.
2025-06-06 08:48:25,792 - hotel_reservation_app - INFO - Wyświetlono tabelę: Wszystkie Faktury
2025-06-06 08:49:27,277 - hotel_reservation_app - INFO - Użytkownik admin opuszcza menu zarządzania płatnościami.
2025-06-06 08:49:27,277 - hotel_reservation_app - INFO - Wyświetlono główne menu dla roli: administrator
2025-06-06 08:49:29,975 - hotel_reservation_app - INFO - Użytkownik admin wchodzi do menu zarządzania sprzątaniem.
2025-06-06 08:49:33,987 - hotel_reservation_app - INFO - Wyświetlono wszystkie zadania sprzątania.
2025-06-06 08:49:33,988 - hotel_reservation_app - INFO - Wyświetlono tabelę: Wszystkie Zadania Sprzątania
2025-06-06 08:50:02,326 - hotel_reservation_app - INFO - Utworzono zadanie sprzątania: HKT0003 dla pokoju 3, przypisane do ZXuzia, termin: 2025-06-06.
2025-06-06 08:50:09,986 - hotel_reservation_app - INFO - Wyświetlono wszystkie zadania sprzątania.
2025-06-06 08:50:09,987 - hotel_reservation_app - INFO - Wyświetlono tabelę: Wszystkie Zadania Sprzątania
2025-06-06 08:50:27,983 - hotel_reservation_app - ERROR - Błąd formatu daty podczas generowania harmonogramu dziennego:  - time data '' does not match format '%Y-%m-%d'
2025-06-06 08:50:27,983 - hotel_reservation_app - INFO - Wyświetlono pustą tabelę dla: Harmonogram Sprzątania na .
2025-06-06 08:50:47,906 - hotel_reservation_app - WARNING - Istnieje już aktywne zadanie sprzątania dla pokoju 1. Nie tworzę nowego.
2025-06-06 08:50:50,786 - hotel_reservation_app - INFO - Wyświetlono wszystkie zadania sprzątania.
2025-06-06 08:50:50,786 - hotel_reservation_app - INFO - Wyświetlono tabelę: Wszystkie Zadania Sprzątania
2025-06-06 08:51:13,869 - hotel_reservation_app - INFO - Usunięto zadanie sprzątania: HKT0001
2025-06-06 08:51:34,671 - hotel_reservation_app - INFO - Utworzono zadanie sprzątania: HKT0003 dla pokoju 1, przypisane do Klaudia, termin: 2025-01-03.
2025-06-06 08:51:36,804 - hotel_reservation_app - INFO - Wyświetlono wszystkie zadania sprzątania.
2025-06-06 08:51:36,804 - hotel_reservation_app - INFO - Wyświetlono tabelę: Wszystkie Zadania Sprzątania
2025-06-06 08:52:16,305 - hotel_reservation_app - INFO - Zaktualizowano status zadania sprzątania HKT0003 na cancelled.
2025-06-06 08:52:46,305 - hotel_reservation_app - INFO - Utworzono zadanie sprzątania: HKT0004 dla pokoju 3, przypisane do Franek, termin: 2025-02-02.
2025-06-06 08:52:51,021 - hotel_reservation_app - INFO - Wyświetlono wszystkie zadania sprzątania.
2025-06-06 08:52:51,021 - hotel_reservation_app - INFO - Wyświetlono tabelę: Wszystkie Zadania Sprzątania
2025-06-06 08:53:27,147 - hotel_reservation_app - INFO - Użytkownik admin opuszcza menu zarządzania sprzątaniem.
2025-06-06 08:53:27,148 - hotel_reservation_app - INFO - Wyświetlono główne menu dla roli: administrator
2025-06-06 08:55:16,995 - hotel_reservation_app - INFO - RoomService zainicjowany.
2025-06-06 08:55:16,996 - hotel_reservation_app - INFO - GuestService zainicjowany.
2025-06-06 08:55:16,999 - hotel_reservation_app - INFO - HousekeepingService zainicjowany.
2025-06-06 08:55:16,999 - hotel_reservation_app - INFO - DiscountService zainicjowany.
2025-06-06 08:55:17,000 - hotel_reservation_app - INFO - ReservationService zainicjowany.
2025-06-06 08:55:17,000 - hotel_reservation_app - INFO - PaymentService zainicjowany.
2025-06-06 08:55:17,000 - hotel_reservation_app - INFO - ReportService zainicjowany.
2025-06-06 08:55:17,000 - hotel_reservation_app - INFO - UserService zainicjowany.
2025-06-06 08:55:21,086 - hotel_reservation_app - INFO - Użytkownik admin pomyślnie uwierzytelniony jako administrator.
2025-06-06 08:55:21,087 - hotel_reservation_app - INFO - Wyświetlono główne menu dla roli: administrator
2025-06-06 08:55:41,610 - hotel_reservation_app - INFO - Dodano rabat: DISC0001 (5procent).
2025-06-06 08:55:47,692 - hotel_reservation_app - INFO - Wyświetlono tabelę: Wszystkie Rabaty
2025-06-06 08:55:59,729 - hotel_reservation_app - INFO - Znaleziono 1 rabatów spełniających kryteria.
2025-06-06 08:55:59,729 - hotel_reservation_app - INFO - Wyświetlono tabelę: Obowiązujące Rabaty
2025-06-06 08:56:40,967 - hotel_reservation_app - INFO - Wyświetlono główne menu dla roli: administrator
2025-06-06 08:57:07,571 - hotel_reservation_app - INFO - Dodano użytkownika: Kamil z rolą administrator.
2025-06-06 08:57:09,391 - hotel_reservation_app - INFO - Wyświetlono tabelę: Wszyscy Użytkownicy
2025-06-06 08:58:22,227 - hotel_reservation_app - INFO - RoomService zainicjowany.
2025-06-06 08:58:22,227 - hotel_reservation_app - INFO - GuestService zainicjowany.
2025-06-06 08:58:22,227 - hotel_reservation_app - INFO - HousekeepingService zainicjowany.
2025-06-06 08:58:22,227 - hotel_reservation_app - INFO - DiscountService zainicjowany.
2025-06-06 08:58:22,227 - hotel_reservation_app - INFO - ReservationService zainicjowany.
2025-06-06 08:58:22,227 - hotel_reservation_app - INFO - PaymentService zainicjowany.
2025-06-06 08:58:22,227 - hotel_reservation_app - INFO - ReportService zainicjowany.
2025-06-06 08:58:22,227 - hotel_reservation_app - INFO - UserService zainicjowany.
2025-06-06 08:58:27,594 - hotel_reservation_app - INFO - Użytkownik admin pomyślnie uwierzytelniony jako administrator.
2025-06-06 08:58:27,594 - hotel_reservation_app - INFO - Wyświetlono główne menu dla roli: administrator
2025-06-06 08:58:52,603 - hotel_reservation_app - WARNING - Nieprawidłowa rola szef podczas aktualizacji użytkownika Kamil.
2025-06-06 08:58:52,604 - hotel_reservation_app - INFO - Zaktualizowano użytkownika: Kamil z danymi: {'role': 'szef', 'employee_id': '1'}
2025-06-06 08:58:55,215 - hotel_reservation_app - INFO - Wyświetlono tabelę: Wszyscy Użytkownicy
2025-06-06 08:59:11,232 - hotel_reservation_app - INFO - Wyświetlono główne menu dla roli: administrator
2025-06-06 08:59:19,651 - hotel_reservation_app - ERROR - Błąd formatu daty w generate_occupancy_report:  - time data '' does not match format '%Y-%m-%d'
2025-06-06 09:01:27,350 - hotel_reservation_app - INFO - Generowanie raportu obłożenia dla daty: 2025-06-08
2025-06-06 09:01:27,350 - hotel_reservation_app - INFO - Wygenerowano raport obłożenia dla 2025-06-08: 0/3 pokoi zajętych (0.00%).
2025-06-06 09:02:54,796 - hotel_reservation_app - INFO - RoomService zainicjowany.
2025-06-06 09:02:54,796 - hotel_reservation_app - INFO - GuestService zainicjowany.
2025-06-06 09:02:54,796 - hotel_reservation_app - INFO - HousekeepingService zainicjowany.
2025-06-06 09:02:54,798 - hotel_reservation_app - INFO - DiscountService zainicjowany.
2025-06-06 09:02:54,798 - hotel_reservation_app - INFO - ReservationService zainicjowany.
2025-06-06 09:02:54,798 - hotel_reservation_app - INFO - PaymentService zainicjowany.
2025-06-06 09:02:54,798 - hotel_reservation_app - INFO - ReportService zainicjowany.
2025-06-06 09:02:54,798 - hotel_reservation_app - INFO - UserService zainicjowany.
2025-06-06 09:03:00,593 - hotel_reservation_app - INFO - Użytkownik admin pomyślnie uwierzytelniony jako administrator.
2025-06-06 09:03:00,593 - hotel_reservation_app - INFO - Wyświetlono główne menu dla roli: administrator
2025-06-06 09:03:11,694 - hotel_reservation_app - INFO - Generowanie raportu obłożenia dla daty: 2025-06-08
2025-06-06 09:03:11,694 - hotel_reservation_app - INFO - Wygenerowano raport obłożenia dla 2025-06-08: 0/3 pokoi zajętych (0.00%).
2025-06-06 09:03:34,381 - hotel_reservation_app - INFO - Generowanie raportu przychodów od 2025-06-08 do 2025-06-13.
2025-06-06 09:03:34,382 - hotel_reservation_app - INFO - Wygenerowano raport przychodów od 2025-06-08 do 2025-06-13. Całkowity przychód: 0.00 PLN.
2025-06-06 09:04:28,820 - hotel_reservation_app - INFO - RoomService zainicjowany.
2025-06-06 09:04:28,820 - hotel_reservation_app - INFO - GuestService zainicjowany.
2025-06-06 09:04:28,820 - hotel_reservation_app - INFO - HousekeepingService zainicjowany.
2025-06-06 09:04:28,820 - hotel_reservation_app - INFO - DiscountService zainicjowany.
2025-06-06 09:04:28,821 - hotel_reservation_app - INFO - ReservationService zainicjowany.
2025-06-06 09:04:28,821 - hotel_reservation_app - INFO - PaymentService zainicjowany.
2025-06-06 09:04:28,821 - hotel_reservation_app - INFO - ReportService zainicjowany.
2025-06-06 09:04:28,821 - hotel_reservation_app - INFO - UserService zainicjowany.
2025-06-06 09:04:33,826 - hotel_reservation_app - INFO - Użytkownik admin pomyślnie uwierzytelniony jako administrator.
2025-06-06 09:04:33,826 - hotel_reservation_app - INFO - Wyświetlono główne menu dla roli: administrator
2025-06-06 09:04:52,561 - hotel_reservation_app - INFO - Generowanie raportu przychodów od 2025-06-01 do 2025-06-30.
2025-06-06 09:04:52,561 - hotel_reservation_app - INFO - Wygenerowano raport przychodów od 2025-06-01 do 2025-06-30. Całkowity przychód: 2600.00 PLN.
2025-06-06 09:05:18,932 - hotel_reservation_app - INFO - Generowanie raportu przyjazdów i wyjazdów dla daty: 2025-06-01
2025-06-06 09:05:18,932 - hotel_reservation_app - INFO - Wygenerowano raport przyjazdów i wyjazdów dla 2025-06-01: 0 przyjazdów, 0 wyjazdów.
2025-06-06 09:13:45,767 - hotel_reservation_app - INFO - RoomService zainicjowany.
2025-06-06 09:13:45,767 - hotel_reservation_app - INFO - GuestService zainicjowany.
2025-06-06 09:13:45,767 - hotel_reservation_app - INFO - HousekeepingService zainicjowany.
2025-06-06 09:13:45,768 - hotel_reservation_app - INFO - DiscountService zainicjowany.
2025-06-06 09:13:45,768 - hotel_reservation_app - INFO - ReservationService zainicjowany.
2025-06-06 09:13:45,768 - hotel_reservation_app - INFO - PaymentService zainicjowany.
2025-06-06 09:13:45,768 - hotel_reservation_app - INFO - ReportService zainicjowany.
2025-06-06 09:13:45,768 - hotel_reservation_app - INFO - UserService zainicjowany.
2025-06-06 09:13:51,339 - hotel_reservation_app - INFO - Użytkownik admin pomyślnie uwierzytelniony jako administrator.
2025-06-06 09:13:51,339 - hotel_reservation_app - INFO - Wyświetlono główne menu dla roli: administrator
2025-06-06 09:17:19,087 - hotel_reservation_app - INFO - Generowanie raportu obłożenia dla daty: 2025-06-06
2025-06-06 09:17:19,088 - hotel_reservation_app - INFO - Wygenerowano raport obłożenia dla 2025-06-06: 0/3 pokoi zajętych (0.00%).
2025-06-06 09:36:30,715 - hotel_reservation_app - ERROR - Błąd formatu daty w generate_occupancy_report:  - time data '' does not match format '%Y-%m-%d'
2025-06-06 09:36:35,493 - hotel_reservation_app - INFO - RoomService zainicjowany.
2025-06-06 09:36:35,493 - hotel_reservation_app - INFO - GuestService zainicjowany.
2025-06-06 09:36:35,493 - hotel_reservation_app - INFO - HousekeepingService zainicjowany.
2025-06-06 09:36:35,493 - hotel_reservation_app - INFO - DiscountService zainicjowany.
2025-06-06 09:36:35,495 - hotel_reservation_app - INFO - ReservationService zainicjowany.
2025-06-06 09:36:35,495 - hotel_reservation_app - INFO - PaymentService zainicjowany.
2025-06-06 09:36:35,495 - hotel_reservation_app - INFO - ReportService zainicjowany.
2025-06-06 09:36:35,495 - hotel_reservation_app - INFO - UserService zainicjowany.
2025-06-06 09:36:39,934 - hotel_reservation_app - INFO - Użytkownik admin pomyślnie uwierzytelniony jako administrator.
2025-06-06 09:36:39,935 - hotel_reservation_app - INFO - Wyświetlono główne menu dla roli: administrator
2025-06-06 17:24:01,804 - hotel_reservation_app - INFO - RoomService zainicjowany.
2025-06-06 17:24:01,804 - hotel_reservation_app - INFO - GuestService zainicjowany.
2025-06-06 17:24:01,804 - hotel_reservation_app - INFO - HousekeepingService zainicjowany.
2025-06-06 17:24:01,804 - hotel_reservation_app - INFO - DiscountService zainicjowany.
2025-06-06 17:24:01,805 - hotel_reservation_app - INFO - ReservationService zainicjowany.
2025-06-06 17:24:01,805 - hotel_reservation_app - INFO - PaymentService zainicjowany.
2025-06-06 17:24:01,805 - hotel_reservation_app - INFO - ReportService zainicjowany.
2025-06-06 17:24:01,805 - hotel_reservation_app - INFO - UserService zainicjowany.
2025-06-06 17:24:06,954 - hotel_reservation_app - INFO - Użytkownik admin pomyślnie uwierzytelniony jako administrator.
2025-06-06 17:24:06,954 - hotel_reservation_app - INFO - Wyświetlono główne menu dla roli: administrator
2025-06-06 17:24:14,886 - hotel_reservation_app - INFO - Wyświetlono tabelę: Wszyscy Użytkownicy
2025-06-06 17:24:34,299 - hotel_reservation_app - INFO - Dodano użytkownika: Jan z rolą pokojówka.
2025-06-06 17:26:32,025 - hotel_reservation_app - INFO - Wyświetlono główne menu dla roli: administrator
2025-06-06 17:27:37,579 - hotel_reservation_app - INFO - Wyświetlono główne menu dla roli: administrator
2025-06-06 17:27:39,302 - hotel_reservation_app - INFO - Użytkownik admin wchodzi do menu zarządzania pokojami.
2025-06-06 17:27:40,912 - hotel_reservation_app - INFO - Wyświetlono tabelę: Wszystkie Pokoje
2025-06-06 17:27:40,914 - hotel_reservation_app - INFO - Wyświetlono wszystkie pokoje.
2025-06-06 17:27:48,179 - hotel_reservation_app - INFO - Wyświetlono główne menu dla roli: administrator
2025-06-06 17:27:50,629 - hotel_reservation_app - INFO - Użytkownik admin wchodzi do menu zarządzania rezerwacjami.
2025-06-06 17:27:53,299 - hotel_reservation_app - INFO - Wyświetlono wszystkie rezerwacje.
2025-06-06 17:27:53,299 - hotel_reservation_app - INFO - Wyświetlono tabelę: Wszystkie Rezerwacje
2025-06-06 17:28:09,059 - hotel_reservation_app - INFO - Użytkownik admin opuszcza menu zarządzania rezerwacjami.
2025-06-06 17:28:09,060 - hotel_reservation_app - INFO - Wyświetlono główne menu dla roli: administrator
2025-06-06 17:28:20,434 - hotel_reservation_app - INFO - Generowanie raportu obłożenia dla daty: 2025-05-07
2025-06-06 17:28:20,435 - hotel_reservation_app - INFO - Wygenerowano raport obłożenia dla 2025-05-07: 0/3 pokoi zajętych (0.00%).
2025-06-06 17:28:43,387 - hotel_reservation_app - INFO - Generowanie raportu obłożenia dla daty: 2024-05-07
2025-06-06 17:28:43,387 - hotel_reservation_app - INFO - Wygenerowano raport obłożenia dla 2024-05-07: 0/3 pokoi zajętych (0.00%).
2025-06-06 17:29:45,912 - hotel_reservation_app - INFO - Generowanie raportu przychodów od 2025-01-04 do 2025-01-25.
2025-06-06 17:29:45,912 - hotel_reservation_app - INFO - Wygenerowano raport przychodów od 2025-01-04 do 2025-01-25. Całkowity przychód: 0.00 PLN.
2025-06-06 17:32:46,658 - hotel_reservation_app - INFO - RoomService zainicjowany.
2025-06-06 17:32:46,659 - hotel_reservation_app - INFO - GuestService zainicjowany.
2025-06-06 17:32:46,659 - hotel_reservation_app - INFO - HousekeepingService zainicjowany.
2025-06-06 17:32:46,660 - hotel_reservation_app - INFO - DiscountService zainicjowany.
2025-06-06 17:32:46,660 - hotel_reservation_app - INFO - ReservationService zainicjowany.
2025-06-06 17:32:46,660 - hotel_reservation_app - INFO - PaymentService zainicjowany.
2025-06-06 17:32:46,660 - hotel_reservation_app - INFO - ReportService zainicjowany.
2025-06-06 17:32:46,660 - hotel_reservation_app - INFO - UserService zainicjowany.
2025-06-06 17:32:51,356 - hotel_reservation_app - INFO - Użytkownik admin pomyślnie uwierzytelniony jako administrator.
2025-06-06 17:32:51,357 - hotel_reservation_app - INFO - Wyświetlono główne menu dla roli: administrator
2025-06-06 17:32:55,566 - hotel_reservation_app - INFO - Wyświetlono główne menu dla roli: administrator
2025-06-06 17:32:57,768 - hotel_reservation_app - INFO - Użytkownik admin wchodzi do menu zarządzania rezerwacjami.
2025-06-06 17:32:59,645 - hotel_reservation_app - INFO - Wyświetlono wszystkie rezerwacje.
2025-06-06 17:32:59,645 - hotel_reservation_app - INFO - Wyświetlono tabelę: Wszystkie Rezerwacje
2025-06-06 17:33:02,122 - hotel_reservation_app - INFO - Użytkownik admin opuszcza menu zarządzania rezerwacjami.
2025-06-06 17:33:02,123 - hotel_reservation_app - INFO - Wyświetlono główne menu dla roli: administrator
2025-06-06 17:33:40,066 - hotel_reservation_app - INFO - Generowanie raportu obłożenia dla daty: 2025-01-01
2025-06-06 17:33:40,067 - hotel_reservation_app - INFO - Wygenerowano raport obłożenia dla 2025-01-01: 0/3 pokoi zajętych (0.00%).
2025-06-06 17:36:05,798 - hotel_reservation_app - INFO - RoomService zainicjowany.
2025-06-06 17:36:05,798 - hotel_reservation_app - INFO - GuestService zainicjowany.
2025-06-06 17:36:05,798 - hotel_reservation_app - INFO - HousekeepingService zainicjowany.
2025-06-06 17:36:05,799 - hotel_reservation_app - INFO - DiscountService zainicjowany.
2025-06-06 17:36:05,799 - hotel_reservation_app - INFO - ReservationService zainicjowany.
2025-06-06 17:36:05,799 - hotel_reservation_app - INFO - PaymentService zainicjowany.
2025-06-06 17:36:05,799 - hotel_reservation_app - INFO - ReportService zainicjowany.
2025-06-06 17:36:05,799 - hotel_reservation_app - INFO - UserService zainicjowany.
2025-06-06 17:36:09,882 - hotel_reservation_app - INFO - Użytkownik admin pomyślnie uwierzytelniony jako administrator.
2025-06-06 17:36:09,882 - hotel_reservation_app - INFO - Wyświetlono główne menu dla roli: administrator
2025-06-06 17:36:16,707 - hotel_reservation_app - INFO - Użytkownik admin wchodzi do menu zarządzania rezerwacjami.
2025-06-06 17:36:19,263 - hotel_reservation_app - INFO - Wyświetlono wszystkie rezerwacje.
2025-06-06 17:36:19,263 - hotel_reservation_app - INFO - Wyświetlono tabelę: Wszystkie Rezerwacje
2025-06-06 17:36:25,965 - hotel_reservation_app - INFO - Użytkownik admin opuszcza menu zarządzania rezerwacjami.
2025-06-06 17:36:25,965 - hotel_reservation_app - INFO - Wyświetlono główne menu dla roli: administrator
2025-06-06 17:36:37,007 - hotel_reservation_app - INFO - Generowanie raportu obłożenia dla daty: 2025-01-01
2025-06-06 17:36:37,007 - hotel_reservation_app - INFO - Wygenerowano raport obłożenia dla 2025-01-01: 0/3 pokoi zajętych (0.00%).
2025-06-06 17:36:37,008 - hotel_reservation_app - INFO - Wyświetlono tabelę: Szczegóły Obłożenia
2025-06-06 17:38:41,794 - hotel_reservation_app - INFO - RoomService zainicjowany.
2025-06-06 17:38:41,794 - hotel_reservation_app - INFO - GuestService zainicjowany.
2025-06-06 17:38:41,795 - hotel_reservation_app - INFO - HousekeepingService zainicjowany.
2025-06-06 17:38:41,795 - hotel_reservation_app - INFO - DiscountService zainicjowany.
2025-06-06 17:38:41,795 - hotel_reservation_app - INFO - ReservationService zainicjowany.
2025-06-06 17:38:41,795 - hotel_reservation_app - INFO - PaymentService zainicjowany.
2025-06-06 17:38:41,795 - hotel_reservation_app - INFO - ReportService zainicjowany.
2025-06-06 17:38:41,796 - hotel_reservation_app - INFO - UserService zainicjowany.
2025-06-06 17:38:49,039 - hotel_reservation_app - INFO - Użytkownik admin pomyślnie uwierzytelniony jako administrator.
2025-06-06 17:38:49,039 - hotel_reservation_app - INFO - Wyświetlono główne menu dla roli: administrator
2025-06-06 17:39:13,788 - hotel_reservation_app - INFO - Generowanie raportu obłożenia dla daty: 2025-01-04
2025-06-06 17:39:13,789 - hotel_reservation_app - INFO - Wygenerowano raport obłożenia dla 2025-01-04: 1/3 pokoi zajętych (33.33%).
2025-06-06 17:39:13,789 - hotel_reservation_app - INFO - Wyświetlono tabelę: Szczegóły Obłożenia
2025-06-06 17:41:46,400 - hotel_reservation_app - INFO - Generowanie raportu przychodów od 2025-01-01 do 2025-01-25.
2025-06-06 17:41:46,401 - hotel_reservation_app - INFO - Wygenerowano raport przychodów od 2025-01-01 do 2025-01-25. Całkowity przychód: 0.00 PLN.
2025-06-06 17:45:29,218 - hotel_reservation_app - INFO - RoomService zainicjowany.
2025-06-06 17:45:29,218 - hotel_reservation_app - INFO - GuestService zainicjowany.
2025-06-06 17:45:29,218 - hotel_reservation_app - INFO - HousekeepingService zainicjowany.
2025-06-06 17:45:29,218 - hotel_reservation_app - INFO - DiscountService zainicjowany.
2025-06-06 17:45:29,218 - hotel_reservation_app - INFO - ReservationService zainicjowany.
2025-06-06 17:45:29,219 - hotel_reservation_app - INFO - PaymentService zainicjowany.
2025-06-06 17:45:29,219 - hotel_reservation_app - INFO - ReportService zainicjowany.
2025-06-06 17:45:29,219 - hotel_reservation_app - INFO - UserService zainicjowany.
2025-06-06 17:45:33,481 - hotel_reservation_app - INFO - Użytkownik admin pomyślnie uwierzytelniony jako administrator.
2025-06-06 17:45:33,482 - hotel_reservation_app - INFO - Wyświetlono główne menu dla roli: administrator
2025-06-06 17:45:47,838 - hotel_reservation_app - ERROR - Błąd formatu daty w generate_revenue_report: 2025-01-01, 2025-01-025 - unconverted data remains: 5
2025-06-06 17:45:53,235 - hotel_reservation_app - INFO - RoomService zainicjowany.
2025-06-06 17:45:53,235 - hotel_reservation_app - INFO - GuestService zainicjowany.
2025-06-06 17:45:53,237 - hotel_reservation_app - INFO - HousekeepingService zainicjowany.
2025-06-06 17:45:53,237 - hotel_reservation_app - INFO - DiscountService zainicjowany.
2025-06-06 17:45:53,237 - hotel_reservation_app - INFO - ReservationService zainicjowany.
2025-06-06 17:45:53,237 - hotel_reservation_app - INFO - PaymentService zainicjowany.
2025-06-06 17:45:53,237 - hotel_reservation_app - INFO - ReportService zainicjowany.
2025-06-06 17:45:53,238 - hotel_reservation_app - INFO - UserService zainicjowany.
2025-06-06 17:45:57,220 - hotel_reservation_app - INFO - Użytkownik admin pomyślnie uwierzytelniony jako administrator.
2025-06-06 17:45:57,220 - hotel_reservation_app - INFO - Wyświetlono główne menu dla roli: administrator
2025-06-06 17:46:11,879 - hotel_reservation_app - INFO - Generowanie raportu przychodów od 2025-01-01 do 2025-01-25.
2025-06-06 17:46:11,879 - hotel_reservation_app - INFO - Wygenerowano raport przychodów od 2025-01-01 do 2025-01-25. Całkowity przychód: 0.00 PLN.
2025-06-06 17:46:22,325 - hotel_reservation_app - INFO - Wyświetlono główne menu dla roli: administrator
2025-06-06 17:46:24,381 - hotel_reservation_app - INFO - Użytkownik admin wchodzi do menu zarządzania płatnościami.
2025-06-06 17:46:27,261 - hotel_reservation_app - INFO - Wyświetlono wszystkie płatności.
2025-06-06 17:46:27,261 - hotel_reservation_app - INFO - Wyświetlono tabelę: Wszystkie Płatności
2025-06-06 17:46:39,812 - hotel_reservation_app - INFO - Użytkownik admin opuszcza menu zarządzania płatnościami.
2025-06-06 17:46:39,812 - hotel_reservation_app - INFO - Wyświetlono główne menu dla roli: administrator
2025-06-06 17:46:56,801 - hotel_reservation_app - INFO - Generowanie raportu przychodów od 2025-06-01 do 2025-06-25.
2025-06-06 17:46:56,801 - hotel_reservation_app - INFO - Wygenerowano raport przychodów od 2025-06-01 do 2025-06-25. Całkowity przychód: 2600.00 PLN.
2025-06-06 17:46:56,802 - hotel_reservation_app - INFO - Wyświetlono tabelę: Szczegóły Przychodów
2025-06-06 17:47:34,234 - hotel_reservation_app - INFO - Wygenerowano raport anulowanych rezerwacji dla okresu None-None. Znaleziono 0 anulowanych rezerwacji.
2025-06-06 17:47:40,944 - hotel_reservation_app - INFO - Wyświetlono główne menu dla roli: administrator
2025-06-06 17:47:43,335 - hotel_reservation_app - INFO - Użytkownik admin wchodzi do menu zarządzania rezerwacjami.
2025-06-06 17:47:51,619 - hotel_reservation_app - WARNING - Próba anulowania nieistniejącej rezerwacji: 
2025-06-06 17:47:58,160 - hotel_reservation_app - INFO - Wyświetlono wszystkie rezerwacje.
2025-06-06 17:47:58,160 - hotel_reservation_app - INFO - Wyświetlono tabelę: Wszystkie Rezerwacje
2025-06-06 17:48:13,328 - hotel_reservation_app - INFO - Zmieniono status pokoju 1 na available
2025-06-06 17:48:13,328 - hotel_reservation_app - INFO - Anulowano rezerwację: RES0003
2025-06-06 17:48:16,574 - hotel_reservation_app - INFO - Użytkownik admin opuszcza menu zarządzania rezerwacjami.
2025-06-06 17:48:16,574 - hotel_reservation_app - INFO - Wyświetlono główne menu dla roli: administrator
2025-06-06 17:48:22,138 - hotel_reservation_app - INFO - Wygenerowano raport anulowanych rezerwacji dla okresu None-None. Znaleziono 1 anulowanych rezerwacji.
2025-06-06 17:50:16,792 - hotel_reservation_app - INFO - RoomService zainicjowany.
2025-06-06 17:50:16,792 - hotel_reservation_app - INFO - GuestService zainicjowany.
2025-06-06 17:50:16,794 - hotel_reservation_app - INFO - HousekeepingService zainicjowany.
2025-06-06 17:50:16,794 - hotel_reservation_app - INFO - DiscountService zainicjowany.
2025-06-06 17:50:16,794 - hotel_reservation_app - INFO - ReservationService zainicjowany.
2025-06-06 17:50:16,794 - hotel_reservation_app - INFO - PaymentService zainicjowany.
2025-06-06 17:50:16,794 - hotel_reservation_app - INFO - ReportService zainicjowany.
2025-06-06 17:50:16,795 - hotel_reservation_app - INFO - UserService zainicjowany.
2025-06-06 17:50:22,713 - hotel_reservation_app - INFO - Użytkownik admin pomyślnie uwierzytelniony jako administrator.
2025-06-06 17:50:22,713 - hotel_reservation_app - INFO - Wyświetlono główne menu dla roli: administrator
2025-06-06 17:50:32,498 - hotel_reservation_app - INFO - Wygenerowano raport anulowanych rezerwacji dla okresu -. Znaleziono 1 anulowanych rezerwacji.
2025-06-06 17:50:32,498 - hotel_reservation_app - INFO - Wyświetlono tabelę: Szczegóły Anulowanych Rezerwacji
2025-06-06 17:51:29,753 - hotel_reservation_app - ERROR - Błąd formatu daty w generate_arrivals_departures_report:  - time data '' does not match format '%Y-%m-%d'
2025-06-06 17:51:41,650 - hotel_reservation_app - INFO - Generowanie raportu przyjazdów i wyjazdów dla daty: 2025-01-01
2025-06-06 17:51:41,650 - hotel_reservation_app - INFO - Wygenerowano raport przyjazdów i wyjazdów dla 2025-01-01: 0 przyjazdów, 0 wyjazdów.
2025-06-06 17:52:44,959 - hotel_reservation_app - INFO - RoomService zainicjowany.
2025-06-06 17:52:44,959 - hotel_reservation_app - INFO - GuestService zainicjowany.
2025-06-06 17:52:44,959 - hotel_reservation_app - INFO - HousekeepingService zainicjowany.
2025-06-06 17:52:44,960 - hotel_reservation_app - INFO - DiscountService zainicjowany.
2025-06-06 17:52:44,960 - hotel_reservation_app - INFO - ReservationService zainicjowany.
2025-06-06 17:52:44,960 - hotel_reservation_app - INFO - PaymentService zainicjowany.
2025-06-06 17:52:44,960 - hotel_reservation_app - INFO - ReportService zainicjowany.
2025-06-06 17:52:44,960 - hotel_reservation_app - INFO - UserService zainicjowany.
2025-06-06 17:52:55,661 - hotel_reservation_app - INFO - Użytkownik admin pomyślnie uwierzytelniony jako administrator.
2025-06-06 17:52:55,661 - hotel_reservation_app - INFO - Wyświetlono główne menu dla roli: administrator
2025-06-06 17:53:06,782 - hotel_reservation_app - INFO - Generowanie raportu przyjazdów i wyjazdów dla daty: 2025-01-01
2025-06-06 17:53:06,782 - hotel_reservation_app - INFO - Wygenerowano raport przyjazdów i wyjazdów dla 2025-01-01: 0 przyjazdów, 0 wyjazdów.
2025-06-06 17:53:30,894 - hotel_reservation_app - INFO - Wyświetlono główne menu dla roli: administrator
2025-06-06 17:53:32,644 - hotel_reservation_app - INFO - Użytkownik admin wchodzi do menu zarządzania rezerwacjami.
2025-06-06 17:54:00,103 - hotel_reservation_app - WARNING - Próba utworzenia rezerwacji dla nieistniejącego gościa: 
2025-06-06 17:54:09,735 - hotel_reservation_app - INFO - Wyświetlono wszystkie rezerwacje.
2025-06-06 17:54:09,736 - hotel_reservation_app - INFO - Wyświetlono tabelę: Wszystkie Rezerwacje
2025-06-06 17:54:48,322 - hotel_reservation_app - INFO - Pokój 1 jest dostępny w terminie 2026-01-01 do 2026-01-10.
2025-06-06 17:54:48,322 - hotel_reservation_app - INFO - Znaleziono 1 rabatów spełniających kryteria.
2025-06-06 17:54:48,324 - hotel_reservation_app - INFO - Zmieniono status pokoju 1 na occupied
2025-06-06 17:54:48,324 - hotel_reservation_app - INFO - Poziom lojalności gościa 1 zaktualizowany z Silver na Gold.
2025-06-06 17:54:48,325 - hotel_reservation_app - INFO - Dodano zapis pobytu dla gościa: 1
2025-06-06 17:54:48,325 - hotel_reservation_app - INFO - Utworzono rezerwację RES0004 dla pokoju 1 i gościa 1. Całkowita cena: 2106.00.
2025-06-06 17:54:52,976 - hotel_reservation_app - INFO - Użytkownik admin opuszcza menu zarządzania rezerwacjami.
2025-06-06 17:54:52,976 - hotel_reservation_app - INFO - Wyświetlono główne menu dla roli: administrator
2025-06-06 17:55:07,599 - hotel_reservation_app - INFO - Generowanie raportu przyjazdów i wyjazdów dla daty: 2026-01-01
2025-06-06 17:55:07,600 - hotel_reservation_app - INFO - Wygenerowano raport przyjazdów i wyjazdów dla 2026-01-01: 1 przyjazdów, 0 wyjazdów.
2025-06-06 17:55:07,600 - hotel_reservation_app - INFO - Wyświetlono tabelę: Szczegóły Przyjazdów i Wyjazdów
2025-06-06 17:57:33,630 - hotel_reservation_app - INFO - RoomService zainicjowany.
2025-06-06 17:57:33,630 - hotel_reservation_app - INFO - GuestService zainicjowany.
2025-06-06 17:57:33,630 - hotel_reservation_app - INFO - HousekeepingService zainicjowany.
2025-06-06 17:57:33,630 - hotel_reservation_app - INFO - DiscountService zainicjowany.
2025-06-06 17:57:33,630 - hotel_reservation_app - INFO - ReservationService zainicjowany.
2025-06-06 17:57:33,631 - hotel_reservation_app - INFO - PaymentService zainicjowany.
2025-06-06 17:57:33,631 - hotel_reservation_app - INFO - ReportService zainicjowany.
2025-06-06 17:57:33,631 - hotel_reservation_app - INFO - UserService zainicjowany.
2025-06-06 17:57:45,528 - hotel_reservation_app - INFO - Użytkownik admin pomyślnie uwierzytelniony jako administrator.
2025-06-06 17:57:45,528 - hotel_reservation_app - INFO - Wyświetlono główne menu dla roli: administrator
2025-06-06 18:00:01,335 - hotel_reservation_app - INFO - RoomService zainicjowany.
2025-06-06 18:00:01,335 - hotel_reservation_app - INFO - GuestService zainicjowany.
2025-06-06 18:00:01,336 - hotel_reservation_app - INFO - HousekeepingService zainicjowany.
2025-06-06 18:00:01,336 - hotel_reservation_app - INFO - DiscountService zainicjowany.
2025-06-06 18:00:01,336 - hotel_reservation_app - INFO - ReservationService zainicjowany.
2025-06-06 18:00:01,336 - hotel_reservation_app - INFO - PaymentService zainicjowany.
2025-06-06 18:00:01,336 - hotel_reservation_app - INFO - ReportService zainicjowany.
2025-06-06 18:00:01,336 - hotel_reservation_app - INFO - UserService zainicjowany.
2025-06-06 18:00:06,161 - hotel_reservation_app - INFO - Użytkownik admin pomyślnie uwierzytelniony jako administrator.
2025-06-06 18:00:06,161 - hotel_reservation_app - INFO - Wyświetlono główne menu dla roli: administrator
2025-06-06 18:00:10,087 - hotel_reservation_app - INFO - Generowanie raportu statystyk gości.
2025-06-06 18:00:10,087 - hotel_reservation_app - INFO - Wyświetlono wszystkich gości.
2025-06-06 18:00:10,087 - hotel_reservation_app - INFO - Pomyślnie wygenerowano raport statystyk gości.
2025-06-06 18:00:10,088 - hotel_reservation_app - INFO - Wyświetlono tabelę: Szczegóły Statystyk Gości
2025-06-06 18:01:43,402 - hotel_reservation_app - INFO - RoomService zainicjowany.
2025-06-06 18:01:43,403 - hotel_reservation_app - INFO - GuestService zainicjowany.
2025-06-06 18:01:43,403 - hotel_reservation_app - INFO - HousekeepingService zainicjowany.
2025-06-06 18:01:43,403 - hotel_reservation_app - INFO - DiscountService zainicjowany.
2025-06-06 18:01:43,403 - hotel_reservation_app - INFO - ReservationService zainicjowany.
2025-06-06 18:01:43,403 - hotel_reservation_app - INFO - PaymentService zainicjowany.
2025-06-06 18:01:43,403 - hotel_reservation_app - INFO - ReportService zainicjowany.
2025-06-06 18:01:43,404 - hotel_reservation_app - INFO - UserService zainicjowany.
2025-06-06 18:01:51,003 - hotel_reservation_app - INFO - Użytkownik admin pomyślnie uwierzytelniony jako administrator.
2025-06-06 18:01:51,003 - hotel_reservation_app - INFO - Wyświetlono główne menu dla roli: administrator
2025-06-06 18:02:08,339 - hotel_reservation_app - INFO - Generowanie raportu zadań sprzątania.
2025-06-06 18:02:08,339 - hotel_reservation_app - INFO - Wyświetlono wszystkie zadania sprzątania.
2025-06-06 18:02:08,339 - hotel_reservation_app - INFO - Pomyślnie wygenerowano raport zadań sprzątania.
2025-06-06 18:02:18,247 - hotel_reservation_app - INFO - Generowanie raportu zadań sprzątania.
2025-06-06 18:02:18,247 - hotel_reservation_app - INFO - Wyświetlono wszystkie zadania sprzątania.
2025-06-06 18:02:18,247 - hotel_reservation_app - INFO - Pomyślnie wygenerowano raport zadań sprzątania.
2025-06-06 18:04:29,584 - hotel_reservation_app - INFO - RoomService zainicjowany.
2025-06-06 18:04:29,584 - hotel_reservation_app - INFO - GuestService zainicjowany.
2025-06-06 18:04:29,584 - hotel_reservation_app - INFO - HousekeepingService zainicjowany.
2025-06-06 18:04:29,584 - hotel_reservation_app - INFO - DiscountService zainicjowany.
2025-06-06 18:04:29,585 - hotel_reservation_app - INFO - ReservationService zainicjowany.
2025-06-06 18:04:29,585 - hotel_reservation_app - INFO - PaymentService zainicjowany.
2025-06-06 18:04:29,585 - hotel_reservation_app - INFO - ReportService zainicjowany.
2025-06-06 18:04:29,585 - hotel_reservation_app - INFO - UserService zainicjowany.
2025-06-06 18:04:35,819 - hotel_reservation_app - INFO - Użytkownik admin pomyślnie uwierzytelniony jako administrator.
2025-06-06 18:04:35,819 - hotel_reservation_app - INFO - Wyświetlono główne menu dla roli: administrator
2025-06-06 18:04:41,289 - hotel_reservation_app - INFO - Generowanie raportu zadań sprzątania.
2025-06-06 18:04:41,289 - hotel_reservation_app - INFO - Wyświetlono wszystkie zadania sprzątania.
2025-06-06 18:04:41,289 - hotel_reservation_app - INFO - Pomyślnie wygenerowano raport zadań sprzątania.
2025-06-06 18:04:41,290 - hotel_reservation_app - INFO - Wyświetlono tabelę: Szczegóły Zadań Sprzątania
2025-06-06 18:05:49,357 - hotel_reservation_app - INFO - Generowanie wizualizacji obłożenia pokoi według typu.
2025-06-06 18:06:01,869 - hotel_reservation_app - INFO - Wizualizacja obłożenia pokoi według typu została wygenerowana i wyświetlona.
2025-06-06 18:06:05,383 - hotel_reservation_app - INFO - Wyświetlono główne menu dla roli: administrator
2025-06-06 18:06:12,046 - hotel_reservation_app - INFO - Użytkownik admin wchodzi do menu zarządzania rezerwacjami.
2025-06-06 18:06:13,371 - hotel_reservation_app - INFO - Wyświetlono wszystkie rezerwacje.
2025-06-06 18:06:13,371 - hotel_reservation_app - INFO - Wyświetlono tabelę: Wszystkie Rezerwacje
2025-06-06 18:06:20,345 - hotel_reservation_app - INFO - Użytkownik admin opuszcza menu zarządzania rezerwacjami.
2025-06-06 18:06:20,345 - hotel_reservation_app - INFO - Wyświetlono główne menu dla roli: administrator
2025-06-06 18:06:21,291 - hotel_reservation_app - INFO - Użytkownik admin wchodzi do menu zarządzania pokojami.
2025-06-06 18:06:22,619 - hotel_reservation_app - INFO - Wyświetlono tabelę: Wszystkie Pokoje
2025-06-06 18:06:22,619 - hotel_reservation_app - INFO - Wyświetlono wszystkie pokoje.
2025-06-06 18:07:48,257 - hotel_reservation_app - INFO - Dodano pokój: 4
2025-06-06 18:07:48,257 - hotel_reservation_app - INFO - Dodano nowy pokój: 4
2025-06-06 18:07:52,561 - hotel_reservation_app - INFO - Wyświetlono główne menu dla roli: administrator
2025-06-06 18:07:56,461 - hotel_reservation_app - INFO - Generowanie wizualizacji obłożenia pokoi według typu.
2025-06-06 18:08:10,212 - hotel_reservation_app - INFO - Wizualizacja obłożenia pokoi według typu została wygenerowana i wyświetlona.
2025-06-06 18:10:20,819 - hotel_reservation_app - INFO - Generowanie raportu obłożenia dla daty: 2025-01-04
2025-06-06 18:10:20,820 - hotel_reservation_app - INFO - Wygenerowano raport obłożenia dla 2025-01-04: 1/4 pokoi zajętych (25.00%).
2025-06-06 18:11:34,870 - hotel_reservation_app - INFO - RoomService zainicjowany.
2025-06-06 18:11:34,870 - hotel_reservation_app - INFO - GuestService zainicjowany.
2025-06-06 18:11:34,870 - hotel_reservation_app - INFO - HousekeepingService zainicjowany.
2025-06-06 18:11:34,870 - hotel_reservation_app - INFO - DiscountService zainicjowany.
2025-06-06 18:11:34,871 - hotel_reservation_app - INFO - ReservationService zainicjowany.
2025-06-06 18:11:34,871 - hotel_reservation_app - INFO - PaymentService zainicjowany.
2025-06-06 18:11:34,871 - hotel_reservation_app - INFO - ReportService zainicjowany.
2025-06-06 18:11:34,871 - hotel_reservation_app - INFO - UserService zainicjowany.
2025-06-06 18:11:39,438 - hotel_reservation_app - INFO - Użytkownik admin pomyślnie uwierzytelniony jako administrator.
2025-06-06 18:11:39,438 - hotel_reservation_app - INFO - Wyświetlono główne menu dla roli: administrator
2025-06-06 18:11:57,024 - hotel_reservation_app - INFO - Generowanie raportu obłożenia dla daty: 2025-01-04
2025-06-06 18:11:57,024 - hotel_reservation_app - INFO - Wygenerowano raport obłożenia dla 2025-01-04: 1/4 pokoi zajętych (25.00%).
2025-06-06 18:13:21,248 - hotel_reservation_app - INFO - RoomService zainicjowany.
2025-06-06 18:13:21,249 - hotel_reservation_app - INFO - GuestService zainicjowany.
2025-06-06 18:13:21,249 - hotel_reservation_app - INFO - HousekeepingService zainicjowany.
2025-06-06 18:13:21,249 - hotel_reservation_app - INFO - DiscountService zainicjowany.
2025-06-06 18:13:21,249 - hotel_reservation_app - INFO - ReservationService zainicjowany.
2025-06-06 18:13:21,249 - hotel_reservation_app - INFO - PaymentService zainicjowany.
2025-06-06 18:13:21,249 - hotel_reservation_app - INFO - ReportService zainicjowany.
2025-06-06 18:13:21,250 - hotel_reservation_app - INFO - UserService zainicjowany.
2025-06-06 18:13:26,543 - hotel_reservation_app - INFO - Użytkownik admin pomyślnie uwierzytelniony jako administrator.
2025-06-06 18:13:26,543 - hotel_reservation_app - INFO - Wyświetlono główne menu dla roli: administrator
2025-06-06 18:13:39,425 - hotel_reservation_app - INFO - Generowanie raportu obłożenia dla daty: 2025-01-04
2025-06-06 18:13:39,427 - hotel_reservation_app - INFO - Wygenerowano raport obłożenia dla 2025-01-04: 1/4 pokoi zajętych (25.00%).
2025-06-06 18:13:41,373 - hotel_reservation_app - INFO - Raport został pomyślnie wyeksportowany do pliku raport_oblozenia_2025-01-04.txt
2025-06-06 18:13:59,598 - hotel_reservation_app - INFO - Generowanie raportu obłożenia dla daty: 2025-01-04
2025-06-06 18:13:59,598 - hotel_reservation_app - INFO - Wygenerowano raport obłożenia dla 2025-01-04: 1/4 pokoi zajętych (25.00%).
2025-06-06 18:14:00,819 - hotel_reservation_app - INFO - Dane pomyślnie wyeksportowane do CSV: raport_oblozenia_2025-01-04.csv
2025-06-06 18:14:18,860 - hotel_reservation_app - INFO - Generowanie raportu obłożenia dla daty: 2025-01-04
2025-06-06 18:14:18,861 - hotel_reservation_app - INFO - Wygenerowano raport obłożenia dla 2025-01-04: 1/4 pokoi zajętych (25.00%).
2025-06-06 18:14:20,122 - hotel_reservation_app - ERROR - Błąd zapisu do pliku Excel raport_oblozenia_2025-01-04.xlsx: No module named 'openpyxl'
2025-06-06 18:15:47,002 - hotel_reservation_app - INFO - RoomService zainicjowany.
2025-06-06 18:15:47,002 - hotel_reservation_app - INFO - GuestService zainicjowany.
2025-06-06 18:15:47,003 - hotel_reservation_app - INFO - HousekeepingService zainicjowany.
2025-06-06 18:15:47,003 - hotel_reservation_app - INFO - DiscountService zainicjowany.
2025-06-06 18:15:47,003 - hotel_reservation_app - INFO - ReservationService zainicjowany.
2025-06-06 18:15:47,003 - hotel_reservation_app - INFO - PaymentService zainicjowany.
2025-06-06 18:15:47,003 - hotel_reservation_app - INFO - ReportService zainicjowany.
2025-06-06 18:15:47,004 - hotel_reservation_app - INFO - UserService zainicjowany.
2025-06-06 18:15:51,938 - hotel_reservation_app - INFO - Użytkownik admin pomyślnie uwierzytelniony jako administrator.
2025-06-06 18:15:51,938 - hotel_reservation_app - INFO - Wyświetlono główne menu dla roli: administrator
2025-06-06 18:16:09,700 - hotel_reservation_app - INFO - Generowanie raportu przychodów od 2025-01-04 do 2025-01-09.
2025-06-06 18:16:09,700 - hotel_reservation_app - INFO - Wygenerowano raport przychodów od 2025-01-04 do 2025-01-09. Całkowity przychód: 0.00 PLN.
2025-06-06 18:16:12,032 - hotel_reservation_app - INFO - Raport został pomyślnie wyeksportowany do pliku raport_przychodow_2025-01-04_do_2025-01-09.txt
2025-06-06 18:16:23,786 - hotel_reservation_app - INFO - Wyświetlono główne menu dla roli: administrator
2025-06-06 18:16:27,686 - hotel_reservation_app - INFO - Użytkownik admin wchodzi do menu zarządzania płatnościami.
2025-06-06 18:16:32,858 - hotel_reservation_app - WARNING - Próba wygenerowania faktury dla nieistniejącej rezerwacji: 
2025-06-06 18:16:35,381 - hotel_reservation_app - INFO - Wyświetlono wszystkie płatności.
2025-06-06 18:16:35,382 - hotel_reservation_app - INFO - Wyświetlono tabelę: Wszystkie Płatności
2025-06-06 18:16:42,093 - hotel_reservation_app - INFO - Użytkownik admin opuszcza menu zarządzania płatnościami.
2025-06-06 18:16:42,093 - hotel_reservation_app - INFO - Wyświetlono główne menu dla roli: administrator
2025-06-06 18:17:06,689 - hotel_reservation_app - INFO - Generowanie raportu przychodów od 2025-06-01 do 2025-06-30.
2025-06-06 18:17:06,690 - hotel_reservation_app - INFO - Wygenerowano raport przychodów od 2025-06-01 do 2025-06-30. Całkowity przychód: 2600.00 PLN.
2025-06-06 18:17:13,467 - hotel_reservation_app - INFO - Raport został pomyślnie wyeksportowany do pliku raport_przychodow_2025-06-01_do_2025-06-30.txt
2025-06-06 18:18:49,966 - hotel_reservation_app - INFO - Wygenerowano raport anulowanych rezerwacji dla okresu -. Znaleziono 1 anulowanych rezerwacji.
2025-06-06 18:18:49,966 - hotel_reservation_app - INFO - Wyświetlono tabelę: Szczegóły Anulowanych Rezerwacji
2025-06-06 18:19:12,691 - hotel_reservation_app - INFO - Wygenerowano raport anulowanych rezerwacji dla okresu -. Znaleziono 1 anulowanych rezerwacji.
2025-06-06 18:19:12,692 - hotel_reservation_app - INFO - Wyświetlono tabelę: Szczegóły Anulowanych Rezerwacji
2025-06-06 18:19:15,047 - hotel_reservation_app - INFO - Raport został pomyślnie wyeksportowany do pliku raport_anulowanych_rezerwacji.txt
2025-06-06 18:20:39,683 - hotel_reservation_app - INFO - Generowanie raportu przyjazdów i wyjazdów dla daty: 2025-01-01
2025-06-06 18:20:39,683 - hotel_reservation_app - INFO - Wygenerowano raport przyjazdów i wyjazdów dla 2025-01-01: 0 przyjazdów, 0 wyjazdów.
2025-06-06 18:20:43,026 - hotel_reservation_app - INFO - Raport został pomyślnie wyeksportowany do pliku raport_przyjazdow_wyjazdow_2025-01-01.txt
2025-06-06 18:21:02,425 - hotel_reservation_app - INFO - Wyświetlono główne menu dla roli: administrator
2025-06-06 18:21:11,686 - hotel_reservation_app - INFO - Użytkownik admin wchodzi do menu zarządzania rezerwacjami.
2025-06-06 18:21:13,234 - hotel_reservation_app - INFO - Wyświetlono wszystkie rezerwacje.
2025-06-06 18:21:13,234 - hotel_reservation_app - INFO - Wyświetlono tabelę: Wszystkie Rezerwacje
2025-06-06 18:21:29,758 - hotel_reservation_app - INFO - Użytkownik admin opuszcza menu zarządzania rezerwacjami.
2025-06-06 18:21:29,758 - hotel_reservation_app - INFO - Wyświetlono główne menu dla roli: administrator
2025-06-06 18:21:53,661 - hotel_reservation_app - INFO - Generowanie raportu przyjazdów i wyjazdów dla daty: 2026-01-01
2025-06-06 18:21:53,661 - hotel_reservation_app - INFO - Wygenerowano raport przyjazdów i wyjazdów dla 2026-01-01: 1 przyjazdów, 0 wyjazdów.
2025-06-06 18:21:56,165 - hotel_reservation_app - INFO - Raport został pomyślnie wyeksportowany do pliku raport_przyjazdow_wyjazdow_2026-01-01.txt
2025-06-06 18:22:43,352 - hotel_reservation_app - INFO - Generowanie raportu statystyk gości.
2025-06-06 18:22:43,352 - hotel_reservation_app - INFO - Wyświetlono wszystkich gości.
2025-06-06 18:22:43,352 - hotel_reservation_app - INFO - Pomyślnie wygenerowano raport statystyk gości.
2025-06-06 18:22:43,353 - hotel_reservation_app - INFO - Wyświetlono tabelę: Szczegóły Statystyk Gości
2025-06-06 18:22:46,484 - hotel_reservation_app - INFO - Raport został pomyślnie wyeksportowany do pliku raport_statystyk_gosci.txt
2025-06-06 18:23:11,837 - hotel_reservation_app - INFO - Generowanie raportu zadań sprzątania.
2025-06-06 18:23:11,837 - hotel_reservation_app - INFO - Wyświetlono wszystkie zadania sprzątania.
2025-06-06 18:23:11,837 - hotel_reservation_app - INFO - Pomyślnie wygenerowano raport zadań sprzątania.
2025-06-06 18:23:11,838 - hotel_reservation_app - INFO - Wyświetlono tabelę: Szczegóły Zadań Sprzątania
2025-06-06 18:23:14,159 - hotel_reservation_app - INFO - Raport został pomyślnie wyeksportowany do pliku raport_sprzatania.txt
2025-06-07 18:40:36,886 - hotel_reservation_app - INFO - RoomService zainicjowany.
2025-06-07 18:40:36,886 - hotel_reservation_app - INFO - GuestService zainicjowany.
2025-06-07 18:40:36,886 - hotel_reservation_app - INFO - HousekeepingService zainicjowany.
2025-06-07 18:40:36,886 - hotel_reservation_app - INFO - DiscountService zainicjowany.
2025-06-07 18:40:36,887 - hotel_reservation_app - INFO - ReservationService zainicjowany.
2025-06-07 18:40:36,887 - hotel_reservation_app - INFO - PaymentService zainicjowany.
2025-06-07 18:40:36,887 - hotel_reservation_app - INFO - ReportService zainicjowany.
2025-06-07 18:40:36,887 - hotel_reservation_app - INFO - UserService zainicjowany.
2025-06-08 15:58:54,828 - hotel_reservation_app - INFO - RoomService zainicjowany.
2025-06-08 15:58:54,828 - hotel_reservation_app - INFO - GuestService zainicjowany.
2025-06-08 15:58:54,828 - hotel_reservation_app - INFO - HousekeepingService zainicjowany.
2025-06-08 15:58:54,829 - hotel_reservation_app - INFO - DiscountService zainicjowany.
2025-06-08 15:58:54,829 - hotel_reservation_app - INFO - ReservationService zainicjowany.
2025-06-08 15:58:54,829 - hotel_reservation_app - INFO - PaymentService zainicjowany.
2025-06-08 15:58:54,829 - hotel_reservation_app - INFO - ReportService zainicjowany.
2025-06-08 15:58:54,829 - hotel_reservation_app - INFO - UserService zainicjowany.
2025-06-08 16:14:41,229 - hotel_reservation_app - INFO - RoomService zainicjowany.
2025-06-08 16:14:41,229 - hotel_reservation_app - INFO - GuestService zainicjowany.
2025-06-08 16:14:41,229 - hotel_reservation_app - INFO - HousekeepingService zainicjowany.
2025-06-08 16:14:41,229 - hotel_reservation_app - INFO - DiscountService zainicjowany.
2025-06-08 16:14:41,229 - hotel_reservation_app - INFO - ReservationService zainicjowany.
2025-06-08 16:14:41,230 - hotel_reservation_app - INFO - PaymentService zainicjowany.
2025-06-08 16:14:41,230 - hotel_reservation_app - INFO - ReportService zainicjowany.
2025-06-08 16:14:41,230 - hotel_reservation_app - INFO - UserService zainicjowany.
2025-06-08 16:14:45,779 - hotel_reservation_app - INFO - Użytkownik admin pomyślnie uwierzytelniony jako administrator.
2025-06-08 16:14:45,779 - hotel_reservation_app - INFO - Wyświetlono główne menu dla roli: administrator
2025-06-08 16:14:51,387 - hotel_reservation_app - INFO - Użytkownik admin wchodzi do menu zarządzania pokojami.
2025-06-08 16:14:53,215 - hotel_reservation_app - INFO - Wyświetlono tabelę: Wszystkie Pokoje
2025-06-08 16:14:53,216 - hotel_reservation_app - INFO - Wyświetlono wszystkie pokoje.
2025-06-08 16:15:24,132 - hotel_reservation_app - INFO - Dodano pokój: 5
2025-06-08 16:15:24,133 - hotel_reservation_app - INFO - Dodano nowy pokój: 5
2025-06-08 16:15:27,707 - hotel_reservation_app - INFO - Wyświetlono tabelę: Wszystkie Pokoje
2025-06-08 16:15:27,708 - hotel_reservation_app - INFO - Wyświetlono wszystkie pokoje.
2025-06-08 16:16:09,251 - hotel_reservation_app - INFO - Posortowano pokoje według number (odwrócone: True).
2025-06-08 16:16:09,251 - hotel_reservation_app - INFO - Wyświetlono tabelę: Posortowane Pokoje
2025-06-08 16:16:12,754 - hotel_reservation_app - INFO - Wyświetlono tabelę: Wszystkie Pokoje
2025-06-08 16:16:12,755 - hotel_reservation_app - INFO - Wyświetlono wszystkie pokoje.
2025-06-08 16:16:49,744 - hotel_reservation_app - INFO - Zmieniono status pokoju 5 na out of service
2025-06-08 16:16:49,744 - hotel_reservation_app - INFO - Próba zmiany statusu pokoju 5 na out of service
2025-06-08 16:16:50,870 - hotel_reservation_app - INFO - Wyświetlono tabelę: Wszystkie Pokoje
2025-06-08 16:16:50,872 - hotel_reservation_app - INFO - Wyświetlono wszystkie pokoje.
2025-06-08 16:17:26,975 - hotel_reservation_app - INFO - Znaleziono 2 dostępnych pokoi.
2025-06-08 16:17:26,975 - hotel_reservation_app - INFO - Wyświetlono tabelę: Dostępne Pokoje
2025-06-08 16:17:26,976 - hotel_reservation_app - INFO - Wyświetlono dostępne pokoje.
2025-06-08 16:17:49,356 - hotel_reservation_app - INFO - Posortowano pokoje według room_type (odwrócone: True).
2025-06-08 16:17:49,356 - hotel_reservation_app - INFO - Wyświetlono tabelę: Posortowane Pokoje
2025-06-08 16:18:13,558 - hotel_reservation_app - INFO - Brak pokoi spełniających kryteria wyszukiwania (typ: apartament, cena: 100.0-300.0, udogodnienie: None, status: None).
2025-06-08 16:18:13,558 - hotel_reservation_app - INFO - Wyświetlono pustą tabelę dla: Znalezione Pokoje.
2025-06-08 16:18:13,559 - hotel_reservation_app - INFO - Wykonano wyszukiwanie pokoi.
2025-06-08 16:18:36,121 - hotel_reservation_app - INFO - Brak pokoi spełniających kryteria wyszukiwania (typ: pojedynczy, cena: None-None, udogodnienie: None, status: None).
2025-06-08 16:18:36,122 - hotel_reservation_app - INFO - Wyświetlono pustą tabelę dla: Znalezione Pokoje.
2025-06-08 16:18:36,122 - hotel_reservation_app - INFO - Wykonano wyszukiwanie pokoi.
2025-06-08 16:18:55,216 - hotel_reservation_app - INFO - Znaleziono 4 pokoi spełniających kryteria wyszukiwania (typ: podwójny, cena: 100.0-None, udogodnienie: None, status: None).
2025-06-08 16:18:55,216 - hotel_reservation_app - INFO - Wyświetlono tabelę: Znalezione Pokoje
2025-06-08 16:18:55,217 - hotel_reservation_app - INFO - Wykonano wyszukiwanie pokoi.
2025-06-08 16:19:47,027 - hotel_reservation_app - INFO - Wyświetlono główne menu dla roli: administrator
2025-06-08 16:21:07,533 - hotel_reservation_app - INFO - Użytkownik admin wchodzi do menu zarządzania gośćmi.
2025-06-08 16:21:10,986 - hotel_reservation_app - INFO - Wyświetlono wszystkich gości.
2025-06-08 16:21:10,987 - hotel_reservation_app - INFO - Wyświetlono tabelę: Wszyscy Goście
2025-06-08 16:21:24,926 - hotel_reservation_app - INFO - Usunięto gościa: 5
2025-06-08 16:21:27,372 - hotel_reservation_app - INFO - Wyświetlono wszystkich gości.
2025-06-08 16:21:27,372 - hotel_reservation_app - INFO - Wyświetlono tabelę: Wszyscy Goście
2025-06-08 16:39:15,927 - hotel_reservation_app - INFO - RoomService zainicjowany.
2025-06-08 16:39:15,928 - hotel_reservation_app - INFO - GuestService zainicjowany.
2025-06-08 16:39:15,928 - hotel_reservation_app - INFO - HousekeepingService zainicjowany.
2025-06-08 16:39:15,928 - hotel_reservation_app - INFO - DiscountService zainicjowany.
2025-06-08 16:39:15,928 - hotel_reservation_app - INFO - ReservationService zainicjowany.
2025-06-08 16:39:15,928 - hotel_reservation_app - INFO - PaymentService zainicjowany.
2025-06-08 16:39:15,929 - hotel_reservation_app - INFO - ReportService zainicjowany.
2025-06-08 16:39:15,929 - hotel_reservation_app - INFO - UserService zainicjowany.
2025-06-08 16:39:22,444 - hotel_reservation_app - INFO - Użytkownik admin pomyślnie uwierzytelniony jako administrator.
2025-06-08 16:39:22,445 - hotel_reservation_app - INFO - Wyświetlono główne menu dla roli: administrator
2025-06-08 16:41:09,312 - hotel_reservation_app - INFO - Użytkownik admin wchodzi do menu zarządzania pokojami.
2025-06-08 16:41:10,197 - hotel_reservation_app - INFO - Wyświetlono tabelę: Wszystkie Pokoje
2025-06-08 16:41:10,198 - hotel_reservation_app - INFO - Wyświetlono wszystkie pokoje.
2025-06-08 16:41:27,538 - hotel_reservation_app - INFO - Dodano pokój: 6
2025-06-08 16:41:27,538 - hotel_reservation_app - INFO - Dodano nowy pokój: 6
2025-06-08 16:41:29,462 - hotel_reservation_app - INFO - Wyświetlono tabelę: Wszystkie Pokoje
2025-06-08 16:41:29,463 - hotel_reservation_app - INFO - Wyświetlono wszystkie pokoje.
2025-06-08 16:43:57,517 - hotel_reservation_app - INFO - Wyświetlono główne menu dla roli: administrator
2025-06-08 18:33:53,629 - hotel_reservation_app - INFO - RoomService zainicjowany.
2025-06-08 18:33:53,629 - hotel_reservation_app - INFO - GuestService zainicjowany.
2025-06-08 18:33:53,630 - hotel_reservation_app - INFO - HousekeepingService zainicjowany.
2025-06-08 18:33:53,630 - hotel_reservation_app - INFO - DiscountService zainicjowany.
2025-06-08 18:33:53,630 - hotel_reservation_app - INFO - ReservationService zainicjowany.
2025-06-08 18:33:53,630 - hotel_reservation_app - INFO - PaymentService zainicjowany.
2025-06-08 18:33:53,630 - hotel_reservation_app - INFO - ReportService zainicjowany.
2025-06-08 18:33:53,631 - hotel_reservation_app - INFO - UserService zainicjowany.
2025-06-09 08:51:05,947 - hotel_reservation_app - INFO - RoomService zainicjowany.
2025-06-09 08:51:05,948 - hotel_reservation_app - INFO - GuestService zainicjowany.
2025-06-09 08:51:05,948 - hotel_reservation_app - INFO - HousekeepingService zainicjowany.
2025-06-09 08:51:05,948 - hotel_reservation_app - INFO - DiscountService zainicjowany.
2025-06-09 08:51:05,948 - hotel_reservation_app - INFO - ReservationService zainicjowany.
2025-06-09 08:51:05,948 - hotel_reservation_app - INFO - PaymentService zainicjowany.
2025-06-09 08:51:05,949 - hotel_reservation_app - INFO - ReportService zainicjowany.
2025-06-09 08:51:05,949 - hotel_reservation_app - INFO - UserService zainicjowany.
2025-06-09 08:51:12,362 - hotel_reservation_app - INFO - Użytkownik admin pomyślnie uwierzytelniony jako administrator.
2025-06-09 08:51:12,362 - hotel_reservation_app - INFO - Wyświetlono główne menu dla roli: administrator
2025-06-09 08:51:18,777 - hotel_reservation_app - INFO - Użytkownik admin wchodzi do menu zarządzania pokojami.
2025-06-09 08:51:20,592 - hotel_reservation_app - INFO - Wyświetlono tabelę: Wszystkie Pokoje
2025-06-09 08:51:20,593 - hotel_reservation_app - INFO - Wyświetlono wszystkie pokoje.
2025-06-09 08:51:57,440 - hotel_reservation_app - INFO - Zmieniono status pokoju 2 na available
2025-06-09 08:51:57,440 - hotel_reservation_app - INFO - Próba zmiany statusu pokoju 2 na available
2025-06-09 08:51:58,551 - hotel_reservation_app - INFO - Wyświetlono tabelę: Wszystkie Pokoje
2025-06-09 08:51:58,552 - hotel_reservation_app - INFO - Wyświetlono wszystkie pokoje.
2025-06-09 08:52:08,320 - hotel_reservation_app - INFO - Wyświetlono główne menu dla roli: administrator
2025-06-09 08:52:09,762 - hotel_reservation_app - INFO - Użytkownik admin wchodzi do menu zarządzania gośćmi.
2025-06-09 08:52:10,745 - hotel_reservation_app - INFO - Wyświetlono wszystkich gości.
2025-06-09 08:52:10,745 - hotel_reservation_app - INFO - Wyświetlono tabelę: Wszyscy Goście
2025-06-09 08:52:23,296 - hotel_reservation_app - INFO - Użytkownik admin opuszcza menu zarządzania gośćmi.
2025-06-09 08:52:23,296 - hotel_reservation_app - INFO - Wyświetlono główne menu dla roli: administrator
2025-06-09 08:52:25,802 - hotel_reservation_app - INFO - Użytkownik admin wchodzi do menu zarządzania rezerwacjami.
2025-06-09 08:52:26,715 - hotel_reservation_app - INFO - Wyświetlono wszystkie rezerwacje.
2025-06-09 08:52:26,715 - hotel_reservation_app - INFO - Wyświetlono tabelę: Wszystkie Rezerwacje
2025-06-09 08:52:34,475 - hotel_reservation_app - INFO - Użytkownik admin opuszcza menu zarządzania rezerwacjami.
2025-06-09 08:52:34,475 - hotel_reservation_app - INFO - Wyświetlono główne menu dla roli: administrator
2025-06-09 08:52:36,291 - hotel_reservation_app - INFO - Użytkownik admin wchodzi do menu zarządzania sprzątaniem.
2025-06-09 08:52:41,070 - hotel_reservation_app - WARNING - Nieprawidłowy wybór w menu sprzątania: 
2025-06-09 08:52:44,551 - hotel_reservation_app - INFO - Wyświetlono wszystkie zadania sprzątania.
2025-06-09 08:52:44,551 - hotel_reservation_app - INFO - Wyświetlono tabelę: Wszystkie Zadania Sprzątania
2025-06-09 08:52:54,591 - hotel_reservation_app - INFO - Użytkownik admin opuszcza menu zarządzania sprzątaniem.
2025-06-09 08:52:54,591 - hotel_reservation_app - INFO - Wyświetlono główne menu dla roli: administrator
2025-06-09 08:52:59,673 - hotel_reservation_app - INFO - Wyświetlono tabelę: Wszystkie Rabaty
2025-06-09 08:53:14,546 - hotel_reservation_app - INFO - Wyświetlono główne menu dla roli: administrator
2025-06-09 08:53:18,067 - hotel_reservation_app - INFO - Wyświetlono tabelę: Wszyscy Użytkownicy
2025-06-10 20:17:51,522 - hotel_reservation_app - INFO - RoomService zainicjowany.
2025-06-10 20:17:51,522 - hotel_reservation_app - INFO - GuestService zainicjowany.
2025-06-10 20:17:51,523 - hotel_reservation_app - INFO - HousekeepingService zainicjowany.
2025-06-10 20:17:51,523 - hotel_reservation_app - INFO - DiscountService zainicjowany.
2025-06-10 20:17:51,523 - hotel_reservation_app - INFO - ReservationService zainicjowany.
2025-06-10 20:17:51,523 - hotel_reservation_app - INFO - PaymentService zainicjowany.
2025-06-10 20:17:51,523 - hotel_reservation_app - INFO - ReportService zainicjowany.
2025-06-10 20:17:51,524 - hotel_reservation_app - INFO - UserService zainicjowany.
2025-06-10 20:17:56,411 - hotel_reservation_app - INFO - Użytkownik admin pomyślnie uwierzytelniony jako administrator.
2025-06-10 20:17:56,411 - hotel_reservation_app - INFO - Wyświetlono główne menu dla roli: administrator
2025-06-10 20:19:25,888 - hotel_reservation_app - INFO - Użytkownik admin wchodzi do menu zarządzania pokojami.
2025-06-10 20:19:30,850 - hotel_reservation_app - INFO - Wyświetlono główne menu dla roli: administrator
2025-06-12 21:17:53,794 - hotel_reservation_app - INFO - RoomService zainicjowany.
2025-06-12 21:17:53,794 - hotel_reservation_app - INFO - GuestService zainicjowany.
2025-06-12 21:17:53,794 - hotel_reservation_app - INFO - HousekeepingService zainicjowany.
2025-06-12 21:17:53,794 - hotel_reservation_app - INFO - DiscountService zainicjowany.
2025-06-12 21:17:53,794 - hotel_reservation_app - INFO - ReservationService zainicjowany.
2025-06-12 21:17:53,795 - hotel_reservation_app - INFO - PaymentService zainicjowany.
2025-06-12 21:17:53,795 - hotel_reservation_app - INFO - ReportService zainicjowany.
2025-06-12 21:17:53,795 - hotel_reservation_app - INFO - UserService zainicjowany.
2025-06-12 21:17:59,451 - hotel_reservation_app - INFO - Użytkownik admin pomyślnie uwierzytelniony jako administrator.
2025-06-12 21:17:59,451 - hotel_reservation_app - INFO - Wyświetlono główne menu dla roli: administrator
2025-06-12 22:39:09,069 - hotel_reservation_app - INFO - RoomService zainicjowany.
2025-06-12 22:39:09,069 - hotel_reservation_app - INFO - GuestService zainicjowany.
2025-06-12 22:39:09,069 - hotel_reservation_app - INFO - HousekeepingService zainicjowany.
2025-06-12 22:39:09,070 - hotel_reservation_app - INFO - DiscountService zainicjowany.
2025-06-12 22:39:09,070 - hotel_reservation_app - INFO - ReservationService zainicjowany.
2025-06-12 22:39:09,070 - hotel_reservation_app - INFO - PaymentService zainicjowany.
2025-06-12 22:39:09,070 - hotel_reservation_app - INFO - ReportService zainicjowany.
2025-06-12 22:39:09,070 - hotel_reservation_app - INFO - UserService zainicjowany.
2025-06-12 22:45:14,690 - hotel_reservation_app - INFO - Użytkownik admin pomyślnie uwierzytelniony jako administrator.
2025-06-12 22:45:14,691 - hotel_reservation_app - INFO - Wyświetlono główne menu dla roli: administrator
2025-06-12 22:45:26,695 - hotel_reservation_app - INFO - Użytkownik admin wchodzi do menu zarządzania pokojami.
2025-06-12 22:45:27,802 - hotel_reservation_app - INFO - Wyświetlono tabelę: Wszystkie Pokoje
2025-06-12 22:45:27,803 - hotel_reservation_app - INFO - Wyświetlono wszystkie pokoje.
2025-06-12 22:45:50,011 - hotel_reservation_app - INFO - Dodano pokój: 7
2025-06-12 22:45:50,011 - hotel_reservation_app - INFO - Dodano nowy pokój: 7
2025-06-12 22:46:01,259 - hotel_reservation_app - INFO - Wyświetlono tabelę: Wszystkie Pokoje
2025-06-12 22:46:01,261 - hotel_reservation_app - INFO - Wyświetlono wszystkie pokoje.
2025-06-12 22:46:15,504 - hotel_reservation_app - INFO - Wyświetlono tabelę: Wszystkie Pokoje
2025-06-12 22:46:15,506 - hotel_reservation_app - INFO - Wyświetlono wszystkie pokoje.
2025-06-12 22:46:21,972 - hotel_reservation_app - INFO - RoomService zainicjowany.
2025-06-12 22:46:21,974 - hotel_reservation_app - INFO - GuestService zainicjowany.
2025-06-12 22:46:21,974 - hotel_reservation_app - INFO - HousekeepingService zainicjowany.
2025-06-12 22:46:21,974 - hotel_reservation_app - INFO - DiscountService zainicjowany.
2025-06-12 22:46:21,974 - hotel_reservation_app - INFO - ReservationService zainicjowany.
2025-06-12 22:46:21,974 - hotel_reservation_app - INFO - PaymentService zainicjowany.
2025-06-12 22:46:21,975 - hotel_reservation_app - INFO - ReportService zainicjowany.
2025-06-12 22:46:21,975 - hotel_reservation_app - INFO - UserService zainicjowany.
2025-06-12 22:46:25,594 - hotel_reservation_app - INFO - Użytkownik admin pomyślnie uwierzytelniony jako administrator.
2025-06-12 22:46:25,594 - hotel_reservation_app - INFO - Wyświetlono główne menu dla roli: administrator
2025-06-12 22:46:26,458 - hotel_reservation_app - INFO - Użytkownik admin wchodzi do menu zarządzania pokojami.
2025-06-12 22:46:27,268 - hotel_reservation_app - INFO - Wyświetlono tabelę: Wszystkie Pokoje
2025-06-12 22:46:27,270 - hotel_reservation_app - INFO - Wyświetlono wszystkie pokoje.
2025-06-12 22:46:51,159 - hotel_reservation_app - INFO - Wyświetlono główne menu dla roli: administrator
2025-06-12 22:48:57,651 - hotel_reservation_app - INFO - RoomService zainicjowany.
2025-06-12 22:48:57,652 - hotel_reservation_app - INFO - GuestService zainicjowany.
2025-06-12 22:48:57,652 - hotel_reservation_app - INFO - HousekeepingService zainicjowany.
2025-06-12 22:48:57,652 - hotel_reservation_app - INFO - DiscountService zainicjowany.
2025-06-12 22:48:57,653 - hotel_reservation_app - INFO - ReservationService zainicjowany.
2025-06-12 22:48:57,653 - hotel_reservation_app - INFO - PaymentService zainicjowany.
2025-06-12 22:48:57,654 - hotel_reservation_app - INFO - ReportService zainicjowany.
2025-06-12 22:48:57,654 - hotel_reservation_app - INFO - UserService zainicjowany.
2025-06-12 22:49:02,995 - hotel_reservation_app - INFO - Użytkownik admin pomyślnie uwierzytelniony jako administrator.
2025-06-12 22:49:02,995 - hotel_reservation_app - INFO - Wyświetlono główne menu dla roli: administrator
2025-06-12 22:49:04,232 - hotel_reservation_app - INFO - Użytkownik admin wchodzi do menu zarządzania pokojami.
2025-06-12 22:51:38,741 - hotel_reservation_app - INFO - RoomService zainicjowany.
2025-06-12 22:51:38,741 - hotel_reservation_app - INFO - GuestService zainicjowany.
2025-06-12 22:51:38,742 - hotel_reservation_app - INFO - HousekeepingService zainicjowany.
2025-06-12 22:51:38,742 - hotel_reservation_app - INFO - DiscountService zainicjowany.
2025-06-12 22:51:38,742 - hotel_reservation_app - INFO - ReservationService zainicjowany.
2025-06-12 22:51:38,742 - hotel_reservation_app - INFO - PaymentService zainicjowany.
2025-06-12 22:51:38,742 - hotel_reservation_app - INFO - ReportService zainicjowany.
2025-06-12 22:51:38,742 - hotel_reservation_app - INFO - UserService zainicjowany.
2025-06-12 22:51:46,234 - hotel_reservation_app - INFO - Użytkownik admin pomyślnie uwierzytelniony jako administrator.
2025-06-12 22:51:46,235 - hotel_reservation_app - INFO - Wyświetlono główne menu dla roli: administrator
2025-06-12 22:53:25,350 - hotel_reservation_app - INFO - Użytkownik admin wchodzi do menu zarządzania pokojami.
2025-06-12 22:53:32,469 - hotel_reservation_app - INFO - Dodano pokój: 7
2025-06-12 22:53:32,469 - hotel_reservation_app - INFO - Dodano nowy pokój: 7
2025-06-12 22:53:34,210 - hotel_reservation_app - INFO - Wyświetlono tabelę: Wszystkie Pokoje
2025-06-12 22:53:34,212 - hotel_reservation_app - INFO - Wyświetlono wszystkie pokoje.
2025-06-12 22:53:47,304 - hotel_reservation_app - INFO - Zaktualizowano pokój: 2 z danymi: {'floor': 2}
2025-06-12 22:53:47,304 - hotel_reservation_app - INFO - Zaktualizowano pokój: 2
2025-06-12 22:53:48,181 - hotel_reservation_app - INFO - Wyświetlono tabelę: Wszystkie Pokoje
2025-06-12 22:53:48,182 - hotel_reservation_app - INFO - Wyświetlono wszystkie pokoje.
2025-06-12 22:53:55,573 - hotel_reservation_app - INFO - Usunięto pokój: 6
2025-06-12 22:53:55,574 - hotel_reservation_app - INFO - Próba usunięcia pokoju: 6
2025-06-12 22:53:57,840 - hotel_reservation_app - INFO - Wyświetlono tabelę: Wszystkie Pokoje
2025-06-12 22:53:57,841 - hotel_reservation_app - INFO - Wyświetlono wszystkie pokoje.
2025-06-12 22:54:01,841 - hotel_reservation_app - INFO - Znaleziono 4 dostępnych pokoi.
2025-06-12 22:54:01,841 - hotel_reservation_app - INFO - Wyświetlono tabelę: Dostępne Pokoje
2025-06-12 22:54:01,842 - hotel_reservation_app - INFO - Wyświetlono dostępne pokoje.
2025-06-12 22:54:15,835 - hotel_reservation_app - INFO - Znaleziono 5 pokoi spełniających kryteria wyszukiwania (typ: podwójny, cena: None-None, udogodnienie: None, status: None).
2025-06-12 22:54:15,836 - hotel_reservation_app - INFO - Wyświetlono tabelę: Znalezione Pokoje
2025-06-12 22:54:15,836 - hotel_reservation_app - INFO - Wykonano wyszukiwanie pokoi.
2025-06-12 22:54:26,610 - hotel_reservation_app - INFO - Posortowano pokoje według number (odwrócone: True).
2025-06-12 22:54:26,611 - hotel_reservation_app - INFO - Wyświetlono tabelę: Posortowane Pokoje
2025-06-12 22:55:10,022 - hotel_reservation_app - INFO - Posortowano pokoje według floor (odwrócone: False).
2025-06-12 22:55:10,022 - hotel_reservation_app - INFO - Wyświetlono tabelę: Posortowane Pokoje
2025-06-12 22:55:18,922 - hotel_reservation_app - INFO - Wyświetlono główne menu dla roli: administrator
2025-06-12 22:55:21,132 - hotel_reservation_app - INFO - Użytkownik admin wchodzi do menu zarządzania gośćmi.
2025-06-12 22:55:23,655 - hotel_reservation_app - INFO - Wyświetlono wszystkich gości.
2025-06-12 22:55:23,655 - hotel_reservation_app - INFO - Wyświetlono tabelę: Wszyscy Goście
2025-06-12 22:56:00,053 - hotel_reservation_app - INFO - Dodano gościa: 3 - Zuzia Nowak
2025-06-12 22:56:02,026 - hotel_reservation_app - INFO - Wyświetlono wszystkich gości.
2025-06-12 22:56:02,026 - hotel_reservation_app - INFO - Wyświetlono tabelę: Wszyscy Goście
2025-06-12 22:56:31,905 - hotel_reservation_app - INFO - Zaktualizowano gościa: 3 z danymi: {'contact_info': {'phone': '123321123', 'email': 'zuzia@gmail.com'}}
2025-06-12 22:56:33,631 - hotel_reservation_app - INFO - Wyświetlono wszystkich gości.
2025-06-12 22:56:33,631 - hotel_reservation_app - INFO - Wyświetlono tabelę: Wszyscy Goście
2025-06-12 22:56:45,581 - hotel_reservation_app - INFO - Usunięto gościa: 2
2025-06-12 22:56:47,185 - hotel_reservation_app - INFO - Wyświetlono wszystkich gości.
2025-06-12 22:56:47,186 - hotel_reservation_app - INFO - Wyświetlono tabelę: Wszyscy Goście
2025-06-12 22:57:07,522 - hotel_reservation_app - INFO - Poziom lojalności gościa 3 zaktualizowany z Bronze na Silver.
2025-06-12 22:57:07,523 - hotel_reservation_app - INFO - Dodano zapis pobytu dla gościa: 3
2025-06-12 22:57:13,494 - hotel_reservation_app - WARNING - Nie można zaktualizować poziomu lojalności. Gość 2 nie znaleziono.
2025-06-12 22:57:20,115 - hotel_reservation_app - INFO - Wyświetlono wszystkich gości.
2025-06-12 22:57:20,115 - hotel_reservation_app - INFO - Wyświetlono tabelę: Wszyscy Goście
2025-06-12 22:57:36,393 - hotel_reservation_app - INFO - Znaleziono 1 gości spełniających kryteria wyszukiwania (ID: None, Imię: None, Nazwisko: None, VIP: True, Lojalny: None, Poziom: None, Kontakt: None).
2025-06-12 22:57:36,394 - hotel_reservation_app - INFO - Wyświetlono tabelę: Znalezione Goście
2025-06-12 22:57:46,746 - hotel_reservation_app - INFO - Wyświetlono wszystkich gości.
2025-06-12 22:57:46,746 - hotel_reservation_app - INFO - Posortowano gości według guest_id (odwrócone: False).
2025-06-12 22:57:46,746 - hotel_reservation_app - INFO - Wyświetlono tabelę: Posortowani Goście według guest_id
2025-06-12 22:57:46,792 - hotel_reservation_app - WARNING - Nieprawidłowy wybór w menu gości: 
2025-06-12 22:58:09,803 - hotel_reservation_app - INFO - Użytkownik admin opuszcza menu zarządzania gośćmi.
2025-06-12 22:58:09,804 - hotel_reservation_app - INFO - Wyświetlono główne menu dla roli: administrator
2025-06-12 22:58:11,255 - hotel_reservation_app - INFO - Użytkownik admin wchodzi do menu zarządzania rezerwacjami.
2025-06-12 22:58:12,461 - hotel_reservation_app - INFO - Wyświetlono wszystkie rezerwacje.
2025-06-12 22:58:12,461 - hotel_reservation_app - INFO - Wyświetlono tabelę: Wszystkie Rezerwacje
2025-06-12 23:01:46,454 - hotel_reservation_app - INFO - Pokój 2 jest dostępny w terminie 2025-05-05 do 2025-05-12.
2025-06-12 23:01:46,454 - hotel_reservation_app - INFO - Znaleziono 1 rabatów spełniających kryteria.
2025-06-12 23:01:46,456 - hotel_reservation_app - INFO - Zmieniono status pokoju 2 na occupied
2025-06-12 23:01:46,457 - hotel_reservation_app - INFO - Dodano zapis pobytu dla gościa: 1
2025-06-12 23:01:46,457 - hotel_reservation_app - INFO - Utworzono rezerwację RES0005 dla pokoju 2 i gościa 1. Całkowita cena: 2240.00.
2025-06-12 23:01:49,513 - hotel_reservation_app - INFO - Wyświetlono wszystkie rezerwacje.
2025-06-12 23:01:49,513 - hotel_reservation_app - INFO - Wyświetlono tabelę: Wszystkie Rezerwacje
2025-06-12 23:02:48,085 - hotel_reservation_app - INFO - Zmieniono status pokoju 2 na available
2025-06-12 23:02:48,085 - hotel_reservation_app - INFO - Anulowano rezerwację: RES0005
2025-06-12 23:02:51,420 - hotel_reservation_app - INFO - Wyświetlono wszystkie rezerwacje.
2025-06-12 23:02:51,420 - hotel_reservation_app - INFO - Wyświetlono tabelę: Wszystkie Rezerwacje
2025-06-12 23:03:07,693 - hotel_reservation_app - WARNING - Próba zameldowania dla nieistniejącej rezerwacji: 
2025-06-12 23:03:16,181 - hotel_reservation_app - INFO - Użytkownik admin opuszcza menu zarządzania rezerwacjami.
2025-06-12 23:03:16,181 - hotel_reservation_app - INFO - Wyświetlono główne menu dla roli: administrator
2025-06-13 11:40:18,276 - hotel_reservation_app - INFO - RoomService zainicjowany.
2025-06-13 11:40:18,279 - hotel_reservation_app - INFO - GuestService zainicjowany.
2025-06-13 11:40:18,282 - hotel_reservation_app - INFO - HousekeepingService zainicjowany.
2025-06-13 11:40:18,284 - hotel_reservation_app - INFO - DiscountService zainicjowany.
2025-06-13 11:40:18,288 - hotel_reservation_app - INFO - ReservationService zainicjowany.
2025-06-13 11:40:18,295 - hotel_reservation_app - INFO - PaymentService zainicjowany.
2025-06-13 11:40:18,295 - hotel_reservation_app - INFO - ReportService zainicjowany.
2025-06-13 11:40:18,297 - hotel_reservation_app - INFO - UserService zainicjowany.
2025-06-13 11:41:18,238 - hotel_reservation_app - WARNING - Nieudana próba uwierzytelnienia dla użytkownika: admin]
2025-06-13 11:41:24,485 - hotel_reservation_app - INFO - Użytkownik admin pomyślnie uwierzytelniony jako administrator.
2025-06-13 11:41:24,485 - hotel_reservation_app - INFO - Wyświetlono główne menu dla roli: administrator
2025-06-13 13:10:18,267 - hotel_reservation_app - INFO - RoomService zainicjowany.
2025-06-13 13:10:18,267 - hotel_reservation_app - INFO - GuestService zainicjowany.
2025-06-13 13:10:18,268 - hotel_reservation_app - INFO - HousekeepingService zainicjowany.
2025-06-13 13:10:18,268 - hotel_reservation_app - INFO - DiscountService zainicjowany.
2025-06-13 13:10:18,268 - hotel_reservation_app - INFO - ReservationService zainicjowany.
2025-06-13 13:10:18,269 - hotel_reservation_app - INFO - PaymentService zainicjowany.
2025-06-13 13:10:18,269 - hotel_reservation_app - INFO - ReportService zainicjowany.
2025-06-13 13:10:18,269 - hotel_reservation_app - INFO - UserService zainicjowany.
2025-06-13 13:10:22,176 - hotel_reservation_app - INFO - Użytkownik admin pomyślnie uwierzytelniony jako administrator.
2025-06-13 13:10:22,177 - hotel_reservation_app - INFO - Wyświetlono główne menu dla roli: administrator
2025-06-13 18:31:01,887 - hotel_reservation_app - INFO - Użytkownik admin wchodzi do menu zarządzania pokojami.
